customer_id,recency,frequency,monetary,avg_order_value,avg_quantity,discount_rate,cluster_name
12346,325,1,77183.6,77183.6,74215.0,0.0,Sleeping Giants
12347,1,7,4310.0,23.68131868131868,13.505494505494504,0.0,Champions
12348,74,4,1437.24,53.23111111111111,86.37037037037037,0.0,Sleeping Giants
12349,18,1,1457.55,20.24375,8.75,0.0,Low Value Customers
12350,309,1,294.4,18.4,12.25,0.0,Low Value Customers
12352,35,7,1385.74,17.996623376623376,6.831168831168832,0.0,Champions
12353,203,1,89.0,22.25,5.0,0.0,Low Value Customers
12354,231,1,1079.4,18.610344827586207,9.137931034482758,0.0,Low Value Customers
12355,213,1,459.4,35.33846153846154,18.46153846153846,0.0,Low Value Customers
12356,22,3,2487.43,42.88672413793103,27.120689655172413,0.0,Sleeping Giants
12357,32,1,6207.67,47.38679389312977,20.67175572519084,0.0,Sleeping Giants
12358,1,2,928.06,54.59176470588236,14.235294117647058,0.0,Champions
12359,7,4,6310.03,25.75522448979592,6.56734693877551,0.0,Champions
12360,51,3,2302.06,18.27031746031746,9.174603174603174,0.0,Champions
12361,286,1,174.9,19.433333333333334,10.0,0.0,Low Value Customers
12362,2,10,4737.23,18.5048046875,8.58203125,0.0,Champions
12363,109,2,552.0,24.0,17.73913043478261,0.0,Low Value Customers
12364,7,4,1208.1,14.914814814814816,18.50617283950617,0.0,Champions
12365,290,1,320.69,15.27095238095238,8.238095238095237,0.0,Low Value Customers
12367,3,1,150.9,15.09,17.2,0.0,Low Value Customers
12370,50,4,3421.94,20.739030303030304,14.236363636363636,0.0,Champions
12371,44,1,1527.96,24.644516129032255,9.387096774193548,0.0,Low Value Customers
12372,71,3,1196.04,24.408979591836733,16.081632653061224,0.0,Low Value Customers
12373,310,1,324.6,24.96923076923077,15.076923076923077,0.0,Low Value Customers
12374,24,1,622.93,19.4665625,10.59375,0.0,Low Value Customers
12375,2,2,377.5,25.166666666666668,11.733333333333333,0.0,Champions
12377,314,2,1548.12,20.37,12.394736842105264,0.0,Low Value Customers
12378,129,1,4008.62,18.30420091324201,11.547945205479452,0.0,Low Value Customers
12379,81,2,777.24,20.453684210526315,10.578947368421051,0.0,Low Value Customers
12380,21,4,2427.81,24.2781,11.1,0.0,Champions
12381,4,3,1474.81,17.985487804878048,9.71951219512195,0.0,Champions
12383,184,5,1628.56,17.325106382978724,16.148936170212767,0.0,Champions
12384,28,2,425.27,17.0108,4.88,0.0,Low Value Customers
12386,337,2,401.9,40.19,35.4,0.0,Sleeping Giants
12388,15,6,2780.66,27.8066,14.62,0.0,Champions
12390,79,1,504.84,16.28516129032258,11.290322580645162,0.0,Low Value Customers
12391,21,1,439.66,4.72752688172043,3.150537634408602,0.0,Low Value Customers
12393,71,4,1582.6,24.728125,12.75,0.0,Champions
12394,63,2,1080.48,43.2192,32.32,0.0,Sleeping Giants
12395,15,12,2682.63,18.629375,14.5625,0.0,Champions
12397,35,2,2214.9,17.86209677419355,10.080645161290322,0.0,Champions
12398,45,1,1435.66,17.091190476190476,16.535714285714285,0.0,Low Value Customers
12399,118,4,1033.65,18.793636363636367,21.327272727272728,0.0,Low Value Customers
12401,302,1,69.3,17.325,2.5,0.0,Low Value Customers
12402,322,1,195.6,19.56,9.2,0.0,Low Value Customers
12403,49,1,391.7,97.925,23.5,0.0,Sleeping Giants
12405,148,1,1390.39,26.23377358490566,16.0188679245283,0.0,Low Value Customers
12406,21,2,3415.3,32.526666666666664,17.314285714285713,0.0,Champions
12407,49,5,1507.12,20.932222222222222,19.48611111111111,0.0,Champions
12408,32,5,2618.55,25.92623762376238,13.772277227722771,0.0,Champions
12409,78,3,11072.67,101.58412844036695,50.92660550458716,0.0,Sleeping Giants
12410,300,2,533.33,21.3332,8.28,0.0,Low Value Customers
12412,74,3,1142.88,19.704827586206896,14.20689655172414,0.0,Low Value Customers
12413,66,3,686.1,19.058333333333334,7.833333333333333,0.0,Low Value Customers
12414,216,3,442.41,29.494000000000003,19.8,0.0,Low Value Customers
12415,23,20,124564.53,174.7048106591865,108.51753155680224,0.0,Sleeping Giants
12417,2,9,3226.1,17.62896174863388,8.344262295081966,0.0,Champions
12418,112,1,668.58,19.664117647058823,11.970588235294118,0.0,Low Value Customers
12420,63,1,600.39,20.70310344827586,11.89655172413793,0.0,Low Value Customers
12421,15,4,639.04,15.586341463414634,11.658536585365852,0.0,Champions
12422,95,3,683.56,17.988421052631576,9.657894736842104,0.0,Low Value Customers
12423,0,8,1634.31,13.968461538461538,11.316239316239315,0.0,Champions
12424,162,2,1760.96,58.69866666666667,24.666666666666668,0.0,Sleeping Giants
12425,77,1,777.2,21.58888888888889,13.77777777777778,0.0,Low Value Customers
12426,194,1,510.73,17.611379310344827,8.758620689655173,0.0,Low Value Customers
12427,11,3,699.8000000000001,24.992857142857144,18.785714285714285,0.0,Champions
12428,25,8,6405.26,22.31797909407665,12.226480836236934,0.0,Champions
12429,8,4,3388.4,36.0468085106383,16.361702127659573,0.0,Champions
12430,42,1,216.4,21.64,11.6,0.0,Low Value Customers
12431,35,15,6314.95,27.21961206896552,12.452586206896552,0.0,Champions
12432,42,4,4359.32,40.74130841121495,16.822429906542055,0.0,Champions
12433,0,7,13375.87,31.847309523809525,26.35952380952381,0.0,Champions
12434,84,2,806.14,16.122799999999998,7.88,0.0,Low Value Customers
12435,79,2,7829.889999999999,217.49694444444444,57.083333333333336,0.0,Sleeping Giants
12436,99,1,429.01,28.600666666666665,13.933333333333334,0.0,Low Value Customers
12437,1,18,4447.41,24.17070652173913,15.728260869565217,0.0,Champions
12438,13,2,2466.85,25.696354166666666,12.177083333333334,0.0,Champions
12441,366,1,155.55,15.555,12.0,0.0,Low Value Customers
12442,2,1,144.06,13.096363636363636,16.454545454545453,0.0,Low Value Customers
12444,20,5,4085.46,23.75267441860465,6.569767441860465,0.0,Champions
12445,21,1,77.4,25.8,20.0,0.0,Low Value Customers
12446,57,1,1002.31,17.58438596491228,6.157894736842105,0.0,Low Value Customers
12447,242,1,431.49,17.2596,7.48,0.0,Low Value Customers
12448,43,1,365.45,17.402380952380952,11.428571428571429,0.0,Low Value Customers
12449,21,4,3596.29,19.231497326203208,8.144385026737968,0.0,Champions
12450,155,2,197.88,24.735,16.0,0.0,Low Value Customers
12451,10,5,8995.52,25.483059490084987,18.62322946175637,0.0,Champions
12452,16,1,348.57,17.4285,9.05,0.0,Low Value Customers
12453,133,1,707.09,16.443953488372095,11.0,0.0,Low Value Customers
12454,52,1,3528.34,235.22266666666667,67.06666666666666,0.0,Sleeping Giants
12455,72,5,2339.86,27.527764705882355,24.51764705882353,0.0,Champions
12456,43,3,2581.04,21.15606557377049,13.262295081967212,0.0,Champions
12457,57,6,2043.23,34.631016949152546,14.152542372881356,0.0,Champions
12458,70,2,787.4,21.87222222222222,13.944444444444445,0.0,Low Value Customers
12461,93,1,626.88,18.43764705882353,8.294117647058824,0.0,Low Value Customers
12462,1,2,937.59,15.6265,8.783333333333333,0.0,Champions
12463,45,4,1200.78,15.19974683544304,9.721518987341772,0.0,Champions
12464,9,8,957.05,43.502272727272725,4.318181818181818,0.0,Champions
12465,7,2,682.1899999999999,15.159777777777776,10.555555555555555,0.0,Champions
12468,142,2,657.54,18.265,10.055555555555555,0.0,Low Value Customers
12471,1,27,17388.649999999998,39.700114155251136,18.474885844748854,0.0,Champions
12472,30,7,6068.11,18.277439759036145,12.409638554216867,0.0,Champions
12473,28,3,2585.73,16.1608125,14.9625,0.0,Champions
12474,16,18,6694.09,16.487906403940887,11.817733990147785,0.0,Champions
12475,53,1,669.38,19.12514285714286,15.2,0.0,Low Value Customers
12476,0,11,5898.42,26.332232142857144,10.522321428571429,0.0,Champions
12477,22,6,13219.74,44.0658,12.176666666666666,0.0,Champions
12478,3,1,545.99,15.599714285714288,6.6571428571428575,0.0,Low Value Customers
12479,3,1,473.2,15.773333333333332,12.733333333333333,0.0,Low Value Customers
12480,27,4,2885.63,19.23753333333333,11.233333333333333,0.0,Champions
12481,22,10,5003.82,24.05682692307692,15.682692307692308,0.0,Champions
12483,16,8,1910.98,28.10264705882353,16.08823529411765,0.0,Champions
12484,32,4,3939.32,11.620412979351032,6.389380530973451,0.0,Champions
12488,9,3,1244.66,23.049259259259266,9.74074074074074,0.0,Champions
12489,335,1,298.93,21.35214285714286,7.357142857142857,0.0,Low Value Customers
12490,4,10,4859.93,20.680553191489363,12.906382978723403,0.0,Champions
12491,38,1,424.4,16.976,10.32,0.0,Low Value Customers
12492,62,2,227.21,12.622777777777776,10.555555555555555,0.0,Low Value Customers
12493,165,2,379.74,18.987,10.2,0.0,Low Value Customers
12494,9,7,1084.1,15.269014084507042,9.830985915492958,0.0,Champions
12497,81,1,953.1,73.31538461538462,94.6923076923077,0.0,Sleeping Giants
12498,20,3,349.7,16.652380952380952,7.428571428571429,0.0,Low Value Customers
12500,22,11,4059.82,78.07346153846153,51.28846153846154,0.0,Sleeping Giants
12501,314,1,2025.39,13.685067567567566,11.993243243243244,0.0,Low Value Customers
12502,95,5,2995.87,21.097676056338027,5.591549295774648,0.0,Champions
12504,17,2,428.05,53.50625,10.875,0.0,Low Value Customers
12506,232,1,73.5,3.1956521739130435,1.0,0.0,Low Value Customers
12507,133,3,1052.81,55.41105263157895,46.578947368421055,0.0,Sleeping Giants
12508,25,2,397.88,5.851176470588236,3.985294117647059,0.0,Low Value Customers
12509,283,1,158.5,26.416666666666668,9.0,0.0,Low Value Customers
12510,142,2,814.57,26.276451612903227,11.193548387096774,0.0,Low Value Customers
12512,65,2,132.18,4.263870967741935,3.096774193548387,0.0,Low Value Customers
12513,84,1,558.29,16.420294117647057,13.5,0.0,Low Value Customers
12514,266,1,1017.68,19.95450980392157,8.627450980392156,0.0,Low Value Customers
12515,352,1,278.7,18.58,8.533333333333333,0.0,Low Value Customers
12516,77,2,1186.06,49.41916666666666,36.16666666666666,0.0,Sleeping Giants
12517,27,4,2301.6,8.339130434782609,4.894927536231884,0.0,Champions
12518,0,5,1840.89,15.46966386554622,10.974789915966388,0.0,Champions
12519,63,1,276.84,17.3025,10.75,0.0,Low Value Customers
12520,78,5,2346.26,15.96095238095238,9.680272108843536,0.0,Champions
12521,142,1,545.68,14.748108108108108,8.27027027027027,0.0,Low Value Customers
12522,38,2,156.72,15.672,19.2,0.0,Low Value Customers
12523,1,11,1699.77,16.664411764705882,8.431372549019608,0.0,Champions
12524,8,8,3945.72,29.01264705882353,26.977941176470587,0.0,Champions
12526,0,3,1172.66,17.245,9.176470588235292,0.0,Champions
12527,81,3,330.71,19.453529411764706,13.705882352941176,0.0,Low Value Customers
12528,8,6,1645.48,19.133488372093023,8.604651162790697,0.0,Champions
12530,59,4,1500.28,24.198064516129037,14.580645161290322,0.0,Champions
12531,14,1,125.22,7.365882352941177,2.647058823529412,0.0,Low Value Customers
12532,29,1,313.83,20.922,10.066666666666666,0.0,Low Value Customers
12534,130,1,981.18,15.82548387096774,10.403225806451612,0.0,Low Value Customers
12535,91,2,716.35,21.069117647058825,6.441176470588236,0.0,Low Value Customers
12536,7,1,4279.71,16.523976833976835,10.814671814671817,0.0,Champions
12538,28,1,363.95,17.33095238095238,9.095238095238097,0.0,Low Value Customers
12539,21,4,5568.35,20.396886446886448,7.571428571428571,0.0,Champions
12540,19,17,11580.24,25.11982646420824,14.36008676789588,0.0,Champions
12541,29,3,841.18,17.166938775510204,13.775510204081632,0.0,Champions
12544,29,1,316.7,17.594444444444445,7.444444444444445,0.0,Low Value Customers
12545,74,2,832.39,17.341458333333332,10.770833333333334,0.0,Low Value Customers
12546,46,2,1021.5,15.24626865671642,9.373134328358208,0.0,Low Value Customers
12547,197,2,151.8,25.3,22.0,0.0,Low Value Customers
12548,165,1,67.19999999999999,16.799999999999997,12.0,0.0,Low Value Customers
12550,78,1,824.83,14.729107142857144,10.071428571428571,0.0,Low Value Customers
12551,357,1,168.0,16.8,10.0,0.0,Low Value Customers
12552,38,1,317.82,16.72736842105263,4.473684210526316,0.0,Low Value Customers
12553,7,10,3278.28,18.012527472527474,10.67032967032967,0.0,Champions
12556,49,2,599.56,5.038319327731092,2.9831932773109244,0.0,Low Value Customers
12557,15,5,11990.96,363.36242424242425,132.84848484848484,0.0,Sleeping Giants
12558,1,1,269.96,24.54181818181818,17.818181818181817,0.0,Low Value Customers
12559,310,2,525.71,26.285500000000003,14.05,0.0,Low Value Customers
12560,4,2,1918.01,18.62145631067961,10.66019417475728,0.0,Champions
12561,302,1,238.85,14.928125,11.0625,0.0,Low Value Customers
12562,7,7,3385.74,21.02944099378882,10.91304347826087,0.0,Champions
12564,260,1,402.9,20.145,6.5,0.0,Low Value Customers
12565,281,1,145.92,16.21333333333333,8.88888888888889,0.0,Low Value Customers
12566,72,1,297.65,16.53611111111111,14.555555555555555,0.0,Low Value Customers
12567,22,10,8609.28,19.655890410958907,9.728310502283104,0.0,Champions
12569,1,32,3152.69,20.080828025477707,11.127388535031848,0.0,Champions
12571,39,2,519.61,15.28264705882353,15.382352941176473,0.0,Low Value Customers
12572,8,2,912.42,15.731379310344828,7.689655172413793,0.0,Champions
12573,226,1,160.54,5.7335714285714285,3.0,0.0,Low Value Customers
12574,315,1,182.45,18.245,5.9,0.0,Low Value Customers
12576,35,5,1315.83,14.952613636363637,10.988636363636363,0.0,Champions
12577,34,3,622.65,4.2941379310344825,3.2275862068965515,0.0,Low Value Customers
12578,20,2,2402.51,21.45098214285714,10.553571428571429,0.0,Champions
12579,72,1,386.42,13.800714285714289,10.071428571428571,0.0,Low Value Customers
12580,246,1,379.7,16.508695652173913,10.26086956521739,0.0,Low Value Customers
12581,39,1,179.71,12.836428571428572,11.428571428571429,0.0,Low Value Customers
12582,238,2,351.36,17.568,14.8,0.0,Low Value Customers
12583,2,15,6705.38,28.9025,21.67241379310345,0.0,Champions
12584,3,9,2254.15,23.727894736842103,4.347368421052631,0.0,Champions
12585,233,2,1824.1,21.46,14.905882352941177,0.0,Low Value Customers
12586,16,1,196.94,17.903636363636362,7.181818181818182,0.0,Low Value Customers
12587,7,1,104.0,34.666666666666664,16.666666666666668,0.0,Low Value Customers
12588,38,1,174.9,19.433333333333334,5.777777777777778,0.0,Low Value Customers
12589,28,2,574.68,17.414545454545454,9.151515151515152,0.0,Low Value Customers
12590,189,1,9341.26,139.4217910447761,63.91044776119403,0.0,Sleeping Giants
12591,316,1,368.85,14.753999999999998,9.0,0.0,Low Value Customers
12592,91,2,401.6,25.1,18.0,0.0,Low Value Customers
12593,108,3,382.1,19.105,10.2,0.0,Low Value Customers
12594,37,9,3208.22,28.142280701754384,15.543859649122806,0.0,Champions
12596,50,2,450.27,18.0108,18.72,0.0,Low Value Customers
12597,18,4,3195.22,15.817920792079208,10.96039603960396,0.0,Champions
12598,9,7,2807.08,22.10299212598425,15.37007874015748,0.0,Champions
12599,28,7,888.5799999999999,16.156,17.236363636363638,0.0,Champions
12600,28,10,2311.04,42.79703703703704,14.037037037037036,0.0,Champions
12601,189,5,487.06,21.17652173913044,10.434782608695652,0.0,Low Value Customers
12602,58,1,153.12,12.76,13.5,0.0,Low Value Customers
12603,21,1,613.2,613.2,56.0,0.0,Sleeping Giants
12604,78,2,236.18,15.745333333333331,13.333333333333334,0.0,Low Value Customers
12607,57,1,1579.51,15.63871287128713,12.15841584158416,0.0,Low Value Customers
12609,77,3,964.85,16.92719298245614,11.210526315789474,0.0,Low Value Customers
12610,22,4,1747.54,17.132745098039216,10.18627450980392,0.0,Champions
12611,51,1,1193.32,18.35876923076923,13.015384615384615,0.0,Low Value Customers
12612,57,1,668.04,37.11333333333333,14.444444444444445,0.0,Low Value Customers
12613,30,4,3092.38,20.754228187919463,10.939597315436242,0.0,Champions
12614,277,1,315.6,15.78,3.8,0.0,Low Value Customers
12615,1,4,2093.19,20.72465346534653,13.514851485148515,0.0,Champions
12616,84,2,641.3,21.376666666666665,9.333333333333334,0.0,Low Value Customers
12617,28,1,352.98,8.609268292682927,5.121951219512195,0.0,Low Value Customers
12618,21,1,137.31,13.731,9.5,0.0,Low Value Customers
12619,15,8,2945.56,35.92146341463415,40.97560975609756,0.0,Champions
12620,14,3,1303.41,14.323186813186814,12.956043956043956,0.0,Champions
12621,1,20,12411.67,27.64291759465479,16.412026726057906,0.0,Champions
12622,231,1,162.1,16.21,6.8,0.0,Low Value Customers
12623,275,1,269.1,15.829411764705885,11.117647058823527,0.0,Low Value Customers
12624,105,2,569.13,15.809166666666666,9.75,0.0,Low Value Customers
12625,211,2,2413.82,28.735952380952384,19.011904761904763,0.0,Sleeping Giants
12626,22,9,5954.48,20.892912280701758,11.985964912280702,0.0,Champions
12627,10,6,4082.53,18.225580357142857,12.1875,0.0,Champions
12628,3,3,732.46,19.275263157894734,11.710526315789474,0.0,Champions
12630,9,2,1030.88,16.627096774193546,8.741935483870968,0.0,Champions
12631,56,1,480.5,16.016666666666666,7.733333333333333,0.0,Low Value Customers
12633,58,4,1929.98,19.89670103092784,11.845360824742269,0.0,Champions
12635,89,2,1509.18,15.244242424242424,11.737373737373735,0.0,Low Value Customers
12637,66,8,5804.9,15.316358839050132,7.870712401055409,0.0,Champions
12638,32,1,511.69,13.465526315789472,15.078947368421051,0.0,Low Value Customers
12639,238,1,366.1,17.433333333333334,9.428571428571429,0.0,Low Value Customers
12640,23,3,994.58,19.8916,6.02,0.0,Champions
12641,114,1,145.9,16.211111111111112,7.888888888888889,0.0,Low Value Customers
12642,24,3,905.26,20.57409090909091,12.409090909090908,0.0,Champions
12643,127,6,3041.64,168.98,99.33333333333331,0.0,Sleeping Giants
12644,129,1,477.91,15.416451612903224,10.483870967741936,0.0,Low Value Customers
12645,33,4,1631.18,23.640289855072464,15.594202898550725,0.0,Champions
12646,4,2,1346.97,29.932666666666663,19.933333333333334,0.0,Champions
12647,21,12,3146.82,28.86990825688073,12.8348623853211,0.0,Champions
12648,154,1,300.05,15.0025,7.95,0.0,Low Value Customers
12649,106,3,569.51,19.63827586206897,20.103448275862068,0.0,Low Value Customers
12650,2,1,242.44,12.76,13.157894736842104,0.0,Low Value Customers
12651,334,1,114.0,12.666666666666666,8.666666666666666,0.0,Low Value Customers
12652,321,1,793.98,16.8931914893617,10.595744680851064,0.0,Low Value Customers
12653,148,2,2209.85,51.391860465116274,21.37209302325581,0.0,Sleeping Giants
12654,10,5,529.98,15.58764705882353,7.647058823529412,0.0,Champions
12656,16,5,3619.17,29.9104958677686,14.041322314049587,0.0,Champions
12657,10,4,1427.18,32.43590909090909,23.454545454545453,0.0,Champions
12658,18,1,632.05,18.058571428571423,9.057142857142855,0.0,Low Value Customers
12659,29,1,73.67999999999999,18.42,26.0,0.0,Low Value Customers
12660,10,1,227.1,18.925,10.5,0.0,Low Value Customers
12662,0,11,3543.78,16.10809090909091,9.277272727272727,0.0,Champions
12664,7,9,4391.88,156.85285714285715,42.42857142857143,0.0,Sleeping Giants
12665,324,1,45.0,22.5,18.0,0.0,Low Value Customers
12667,57,1,460.13,14.3790625,12.21875,0.0,Low Value Customers
12668,6,4,3177.15,20.236624203821652,10.18471337579618,0.0,Champions
12669,150,2,1427.73,14.568673469387756,11.26530612244898,0.0,Low Value Customers
12670,9,5,2744.05,31.54080459770115,15.89655172413793,0.0,Champions
12672,329,1,225.9,22.59,7.8,0.0,Low Value Customers
12673,4,2,574.52,14.012682926829267,8.512195121951219,0.0,Champions
12674,11,4,1844.6,23.349367088607597,14.253164556962023,0.0,Champions
12676,24,6,1091.39,27.98435897435897,17.025641025641026,0.0,Champions
12678,41,9,16331.46,104.68884615384614,69.87179487179488,0.0,Sleeping Giants
12679,51,4,951.02,21.61409090909091,12.386363636363637,0.0,Champions
12680,0,4,790.81,16.138979591836733,8.959183673469388,0.0,Champions
12681,14,22,12365.54,20.07392857142857,12.10551948051948,0.0,Champions
12682,3,31,11019.82,22.262262626262626,11.08080808080808,0.0,Champions
12683,3,14,7612.57,22.99870090634441,14.906344410876132,0.0,Champions
12684,7,6,2073.63,21.15948979591837,20.132653061224488,0.0,Champions
12685,27,6,2575.08,17.053509933774833,9.980132450331126,0.0,Champions
12686,371,1,71.14,11.856666666666667,17.666666666666668,0.0,Low Value Customers
12688,113,1,4873.81,28.50181286549708,17.707602339181285,0.0,Sleeping Giants
12689,25,2,1139.61,16.280142857142856,8.885714285714286,0.0,Low Value Customers
12690,205,1,335.01,22.334,6.866666666666666,0.0,Low Value Customers
12691,27,5,927.8,34.36296296296296,14.37037037037037,0.0,Champions
12693,120,4,711.91,20.340285714285717,7.057142857142857,0.0,Low Value Customers
12694,69,2,761.67,21.762,14.371428571428572,0.0,Low Value Customers
12695,6,4,582.1,21.55925925925926,8.148148148148149,0.0,Champions
12697,20,3,757.59,19.93657894736842,13.236842105263158,0.0,Champions
12700,7,4,4525.99,17.143901515151516,11.151515151515152,0.0,Champions
12701,79,2,725.71,14.229607843137256,13.215686274509803,0.0,Low Value Customers
12702,19,1,201.0,18.272727272727277,4.727272727272728,0.0,Low Value Customers
12703,63,1,265.55,13.2775,8.15,0.0,Low Value Customers
12704,6,8,1740.84,21.49185185185185,12.234567901234568,0.0,Champions
12705,14,8,6382.29,19.458201219512198,12.103658536585366,0.0,Champions
12707,291,1,603.42,18.285454545454545,7.757575757575758,0.0,Low Value Customers
12708,29,10,2442.91,16.61843537414966,8.789115646258503,0.0,Champions
12709,2,15,9400.52,46.53722772277228,19.282178217821784,0.0,Champions
12710,96,3,1023.02,13.824594594594595,11.405405405405403,0.0,Low Value Customers
12712,22,13,3928.13,32.73441666666667,8.633333333333333,0.0,Champions
12713,0,1,794.55,21.47432432432432,13.64864864864865,0.0,Champions
12714,8,5,4294.86,16.908897637795274,11.992125984251969,0.0,Champions
12715,105,1,263.36,13.861052631578948,10.0,0.0,Low Value Customers
12716,3,2,963.49,14.38044776119403,10.492537313432836,0.0,Champions
12717,150,2,830.98,15.6788679245283,9.471698113207546,0.0,Low Value Customers
12718,70,1,202.25,11.23611111111111,11.166666666666666,0.0,Low Value Customers
12719,4,2,572.95,15.485135135135137,10.0,0.0,Champions
12720,2,25,5115.73,14.958274853801168,13.552631578947368,0.0,Champions
12721,31,6,2386.13,15.394387096774194,12.541935483870969,0.0,Champions
12722,84,4,979.63,18.83903846153846,10.865384615384617,0.0,Low Value Customers
12723,3,5,707.07,10.398088235294118,6.367647058823529,0.0,Champions
12724,4,4,923.41,18.845102040816325,8.959183673469388,0.0,Champions
12725,370,1,371.8,16.16521739130435,7.043478260869565,0.0,Low Value Customers
12726,27,7,2411.1,20.607692307692307,26.76923076923077,0.0,Champions
12727,10,7,3440.7,26.065909090909088,15.666666666666666,0.0,Champions
12728,70,4,728.33,17.341190476190476,9.833333333333334,0.0,Low Value Customers
12729,113,1,417.01,16.6804,9.24,0.0,Low Value Customers
12731,23,12,18751.91,68.68831501831502,30.87545787545788,0.0,Sleeping Giants
12732,179,1,218.26,19.84181818181818,10.0,0.0,Low Value Customers
12733,233,1,383.95,17.452272727272728,6.227272727272728,0.0,Low Value Customers
12734,352,1,110.4,27.6,22.0,0.0,Low Value Customers
12735,314,2,689.5699999999999,16.818780487804876,8.853658536585366,0.0,Low Value Customers
12736,332,1,144.0,48.0,56.0,0.0,Sleeping Giants
12738,371,1,137.35,13.735,14.7,0.0,Low Value Customers
12739,77,1,975.54,26.365945945945946,13.108108108108109,0.0,Low Value Customers
12740,63,1,427.6,15.837037037037035,12.666666666666666,0.0,Low Value Customers
12743,133,2,540.13,4.123129770992366,2.404580152671756,0.0,Low Value Customers
12744,51,4,9120.39,42.42041860465116,24.344186046511627,0.0,Sleeping Giants
12747,1,11,4196.01,40.73796116504855,12.37864077669903,0.0,Champions
12748,0,206,31650.78,7.198267000227427,5.697293609279054,0.0,Champions
12749,3,5,4040.88,20.40848484848485,7.424242424242424,0.0,Champions
12750,128,1,275.88,18.392,9.133333333333333,0.0,Low Value Customers
12752,80,1,4366.78,82.3920754716981,42.67924528301887,0.0,Sleeping Giants
12753,3,6,21429.39,108.77862944162436,57.9746192893401,0.0,Sleeping Giants
12754,235,3,3010.74,47.78952380952381,102.87301587301587,0.0,Sleeping Giants
12755,249,2,3811.95,952.9875,372.75,0.0,Sleeping Giants
12756,86,1,112.08,28.02,36.0,0.0,Low Value Customers
12757,15,9,4176.75,11.666899441340782,6.667597765363128,0.0,Champions
12758,116,2,2791.59,28.779278350515465,22.010309278350515,0.0,Sleeping Giants
12759,51,3,1411.44,15.341739130434783,9.717391304347826,0.0,Champions
12762,7,2,1702.52,25.41074626865672,18.2089552238806,0.0,Champions
12763,137,2,494.08,27.448888888888888,17.555555555555557,0.0,Low Value Customers
12764,316,1,1693.88,37.64177777777778,8.577777777777778,0.0,Low Value Customers
12766,3,7,6457.63,21.10336601307189,11.852941176470589,0.0,Champions
12769,238,1,1143.6,35.7375,11.125,0.0,Low Value Customers
12770,210,1,1351.45,112.62083333333334,61.91666666666666,0.0,Sleeping Giants
12772,59,1,752.47,13.93462962962963,10.203703703703704,0.0,Low Value Customers
12775,16,5,1281.04,21.00065573770492,14.262295081967212,0.0,Champions
12778,19,6,693.23,15.755227272727272,18.568181818181817,0.0,Champions
12779,20,8,3981.36,26.72053691275168,13.583892617449663,0.0,Champions
12781,20,2,786.74,32.780833333333334,27.916666666666668,0.0,Sleeping Giants
12782,4,5,1938.92,19.784897959183677,10.93877551020408,0.0,Champions
12783,1,4,1295.87,16.613717948717948,7.833333333333333,0.0,Champions
12784,8,1,476.82,8.514642857142857,4.964285714285714,0.0,Low Value Customers
12785,2,1,255.95,19.68846153846154,9.923076923076923,0.0,Low Value Customers
12787,9,3,418.66,24.62705882352941,15.176470588235292,0.0,Champions
12789,64,1,76.85,25.616666666666664,1.0,0.0,Low Value Customers
12790,191,1,294.92,14.746,8.2,0.0,Low Value Customers
12791,373,1,177.6,177.6,96.0,0.0,Sleeping Giants
12792,256,1,344.54,14.355833333333337,8.958333333333334,0.0,Low Value Customers
12793,334,2,461.48,20.97636363636364,13.272727272727272,0.0,Low Value Customers
12794,52,2,860.41,19.12022222222222,13.155555555555557,0.0,Low Value Customers
12795,18,1,318.48,24.49846153846154,4.923076923076923,0.0,Low Value Customers
12797,359,1,226.03,18.835833333333333,9.75,0.0,Low Value Customers
12798,9,3,6977.04,872.13,657.0,0.0,Sleeping Giants
12802,183,1,397.58,16.565833333333334,13.0,0.0,Low Value Customers
12808,36,3,455.65,16.875925925925927,6.925925925925926,0.0,Low Value Customers
12809,167,1,405.31,16.887916666666666,9.041666666666666,0.0,Low Value Customers
12811,260,2,458.85,16.3875,8.107142857142858,0.0,Low Value Customers
12812,44,1,229.64,15.309333333333331,10.933333333333334,0.0,Low Value Customers
12814,101,1,85.92,85.92,48.0,0.0,Sleeping Giants
12815,147,2,863.46,19.188,8.311111111111112,0.0,Low Value Customers
12816,95,2,452.2,16.748148148148147,4.62962962962963,0.0,Low Value Customers
12817,280,1,126.04,42.01333333333333,17.333333333333332,0.0,Low Value Customers
12818,177,1,1182.08,90.92923076923076,70.76923076923077,0.0,Sleeping Giants
12820,2,4,942.34,15.97186440677966,12.23728813559322,0.0,Champions
12821,213,1,92.72,15.453333333333331,11.666666666666666,0.0,Low Value Customers
12822,70,2,948.88,20.62782608695652,11.956521739130435,0.0,Low Value Customers
12823,74,5,1759.5,351.9,46.0,0.0,Sleeping Giants
12824,59,1,397.12,15.8848,9.28,0.0,Low Value Customers
12826,2,7,1474.72,16.205714285714286,11.626373626373626,0.0,Champions
12827,5,3,430.15,17.206,7.88,0.0,Champions
12828,2,6,1018.71,18.19125,8.821428571428571,0.0,Champions
12829,321,2,293.0,26.63636363636364,34.18181818181818,0.0,Low Value Customers
12830,37,7,6814.64,174.73435897435897,252.48717948717947,0.0256410256410256,Sleeping Giants
12831,261,1,215.05,23.89444444444445,15.0,0.0,Low Value Customers
12832,31,2,383.03,14.186296296296298,7.222222222222222,0.0,Low Value Customers
12833,144,1,417.38,17.390833333333333,6.5,0.0,Low Value Customers
12834,282,1,312.38,17.354444444444443,6.111111111111111,0.0,Low Value Customers
12836,58,4,2610.36,15.002068965517244,6.103448275862069,0.0,Champions
12837,172,1,134.1,11.175,2.0,0.0,Low Value Customers
12838,33,2,671.95,5.599583333333333,2.958333333333333,0.0,Low Value Customers
12839,2,14,5591.42,17.80707006369427,12.124203821656051,0.0,Champions
12840,143,4,2726.77,24.13070796460177,13.371681415929205,0.0,Champions
12841,4,25,3991.58,9.641497584541062,6.570048309178744,0.0,Champions
12842,69,2,1118.99,32.9114705882353,16.08823529411765,0.0,Low Value Customers
12843,65,8,1702.26,16.526796116504855,7.58252427184466,0.0,Champions
12844,28,2,325.96,6.268461538461538,2.4038461538461537,0.0,Low Value Customers
12845,266,4,354.09000000000003,13.114444444444446,7.555555555555555,0.0,Low Value Customers
12847,21,1,843.64,10.043333333333331,10.392857142857142,0.0,Low Value Customers
12849,30,2,992.65,21.57934782608696,12.58695652173913,0.0,Low Value Customers
12851,96,1,131.81,2.8044680851063832,2.25531914893617,0.0,Low Value Customers
12852,289,1,311.55,18.326470588235296,8.764705882352942,0.0,Low Value Customers
12853,107,6,1957.1,25.09102564102564,10.256410256410255,0.0,Champions
12854,78,3,1316.25,12.075688073394495,5.743119266055046,0.0,Low Value Customers
12855,372,1,38.1,12.699999999999998,10.0,0.0,Low Value Customers
12856,7,6,2170.78,6.98,3.459807073954984,0.0,Champions
12857,210,2,1106.4,24.05217391304348,7.456521739130435,0.0,Low Value Customers
12863,51,1,521.2,104.24,37.6,0.0,Sleeping Giants
12864,137,1,147.12,49.04,72.0,0.0,Sleeping Giants
12865,25,2,1568.23,16.507684210526318,9.736842105263158,0.0,Champions
12866,282,1,499.12,19.9648,6.68,0.0,Low Value Customers
12867,25,7,4009.34,7.50812734082397,8.02247191011236,0.0,Champions
12868,185,6,1607.06,15.019252336448597,8.672897196261681,0.0,Champions
12871,83,2,380.64,34.60363636363636,18.181818181818183,0.0,Low Value Customers
12872,326,2,599.97,9.090454545454548,4.833333333333333,0.0,Low Value Customers
12873,281,1,374.0,93.5,32.0,0.0,Sleeping Giants
12875,142,2,343.23,171.615,1009.5,0.0,Sleeping Giants
12876,57,2,2053.02,24.735180722891567,23.25301204819277,0.0,Sleeping Giants
12877,3,12,1535.77,9.972532467532467,7.64935064935065,0.0,Champions
12878,17,2,854.99,18.19127659574468,11.638297872340424,0.0,Low Value Customers
12879,44,3,573.22,57.322,37.0,0.0,Sleeping Giants
12881,275,1,298.0,42.57142857142857,3.0,0.0,Low Value Customers
12882,8,2,1463.04,112.54153846153848,18.923076923076923,0.0,Sleeping Giants
12883,24,4,703.47,16.749285714285715,4.666666666666667,0.0,Champions
12884,87,1,309.05,44.15,6.142857142857143,0.0,Low Value Customers
12885,62,3,1175.22,16.552394366197184,9.225352112676056,0.0,Low Value Customers
12886,67,2,1378.4,16.809756097560978,9.390243902439025,0.0,Low Value Customers
12888,213,2,354.12,70.824,15.2,0.0,Sleeping Giants
12890,23,1,376.72,4.768607594936708,3.240506329113924,0.0,Low Value Customers
12891,185,3,331.0,110.33333333333331,316.6666666666667,0.0,Sleeping Giants
12893,30,1,176.55,5.695161290322581,2.903225806451613,0.0,Low Value Customers
12895,41,2,372.8,16.945454545454545,9.545454545454543,0.0,Low Value Customers
12897,204,2,216.5,54.125,27.5,0.0,Sleeping Giants
12901,8,29,17654.54,150.89350427350428,195.17094017094016,0.0085470085470085,Sleeping Giants
12902,264,1,138.68,13.868,6.6,0.0,Low Value Customers
12904,17,2,496.06,6.986760563380281,4.140845070422535,0.0,Low Value Customers
12906,11,5,2919.81,46.34619047619047,27.761904761904763,0.0,Sleeping Giants
12908,58,2,750.0,375.0,600.0,0.0,Sleeping Giants
12909,39,5,2178.67,23.94142857142857,14.065934065934066,0.0,Champions
12910,22,8,3075.04,41.00053333333333,22.56,0.0,Champions
12912,2,5,1662.3,69.2625,27.916666666666668,0.0,Sleeping Giants
12913,4,5,2483.63,49.6726,28.38,0.0,Champions
12915,148,2,363.65,16.529545454545453,4.227272727272728,0.0,Low Value Customers
12916,138,4,2944.95,28.59174757281553,10.514563106796116,0.0,Champions
12917,127,1,594.0,297.0,60.0,0.0,Sleeping Giants
12919,7,6,1335.19,26.7038,13.46,0.0,Champions
12920,16,1,162.78,6.028888888888889,4.7407407407407405,0.0,Low Value Customers
12921,3,37,16587.09,23.037625,13.230555555555556,0.0,Champions
12922,160,1,405.38,14.477857142857143,13.214285714285714,0.0,Low Value Customers
12923,63,1,171.57,6.354444444444444,2.4814814814814814,0.0,Low Value Customers
12924,87,4,925.75,31.92241379310345,16.551724137931036,0.0,Low Value Customers
12925,4,2,694.05,15.423333333333332,12.022222222222222,0.0,Champions
12928,34,5,2062.7,24.55595238095238,17.523809523809526,0.0,Champions
12929,121,1,117.85,14.73125,4.625,0.0,Low Value Customers
12930,77,2,415.8,16.632,10.08,0.0,Low Value Customers
12931,21,15,42055.96,512.8775609756098,341.5121951219512,0.0,Sleeping Giants
12933,23,3,607.53,5.731415094339623,4.7075471698113205,0.0,Low Value Customers
12935,1,7,2160.7,16.749612403100773,14.364341085271318,0.0,Champions
12936,16,4,1063.9,17.15967741935484,9.016129032258064,0.0,Champions
12937,14,4,1504.27,12.535583333333332,8.391666666666667,0.0,Champions
12938,25,1,114.14,12.682222222222222,15.555555555555555,0.0,Low Value Customers
12939,63,8,11581.8,246.42127659574467,103.74468085106383,0.0,Sleeping Giants
12940,45,2,899.69,9.371770833333334,4.208333333333333,0.0,Low Value Customers
12942,130,3,675.6,9.651428571428571,2.8285714285714287,0.0,Low Value Customers
12944,35,2,604.51,20.15033333333333,9.633333333333333,0.0,Low Value Customers
12945,287,1,462.95,20.128260869565217,7.173913043478261,0.0,Low Value Customers
12947,143,6,1603.99,16.535979381443298,12.010309278350515,0.0,Champions
12948,15,7,2064.95,17.801293103448273,9.310344827586206,0.0,Champions
12949,30,8,4167.22,19.382418604651164,11.074418604651164,0.0,Champions
12950,1,3,1843.0,80.1304347826087,60.0,0.0,Sleeping Giants
12951,8,6,1064.07,16.89,7.984126984126984,0.0,Champions
12952,5,4,1387.79,17.566962025316457,8.265822784810126,0.0,Champions
12953,9,1,329.85,19.40294117647059,4.941176470588236,0.0,Low Value Customers
12955,0,11,4757.16,26.428666666666665,20.355555555555554,0.0,Champions
12956,305,1,108.07,5.687894736842105,1.7894736842105263,0.0,Low Value Customers
12957,3,8,4017.54,16.880420168067225,10.710084033613445,0.0,Champions
12962,6,2,266.39,16.649375,8.0625,0.0,Low Value Customers
12963,7,8,1856.63,19.543473684210525,9.273684210526316,0.0,Champions
12965,88,1,769.8100000000001,7.1278703703703705,2.611111111111111,0.0,Low Value Customers
12966,9,1,160.18,16.018,7.5,0.0,Low Value Customers
12967,2,2,1660.9,87.41578947368421,23.05263157894737,0.0,Sleeping Giants
12968,111,1,135.95,27.19,14.6,0.0,Low Value Customers
12970,6,4,405.47,3.1431782945736435,2.0775193798449614,0.0,Champions
12971,3,86,11189.91,36.68822950819672,30.455737704918032,0.0,Champions
12974,197,1,144.8,18.1,3.0,0.0,Low Value Customers
12976,211,1,738.6,33.57272727272727,25.5,0.0,Low Value Customers
12977,155,1,39.24,4.359999999999999,1.3333333333333333,0.0,Low Value Customers
12980,155,9,7374.9,368.745,44.3,0.0,Sleeping Giants
12981,29,2,372.22,18.611,12.1,0.0,Low Value Customers
12982,239,1,390.54,13.947857142857144,10.285714285714286,0.0,Low Value Customers
12984,18,1,97.5,24.375,6.5,0.0,Low Value Customers
12985,0,2,1239.38,16.30763157894737,20.17105263157895,0.0,Champions
12987,73,2,558.7,19.95357142857143,7.821428571428571,0.0,Low Value Customers
12988,291,1,505.82,6.094216867469879,1.5180722891566265,0.0,Low Value Customers
12989,2,15,6924.11,108.18921875,45.984375,0.0,Sleeping Giants
12990,30,3,409.5,31.5,15.384615384615383,0.0,Low Value Customers
12991,22,2,503.76,16.25032258064516,13.064516129032258,0.0,Low Value Customers
12993,22,4,414.76,15.361481481481482,8.88888888888889,0.0,Low Value Customers
12994,3,3,974.42,15.974098360655738,7.524590163934426,0.0,Champions
12995,77,1,211.32,70.44,36.0,0.0,Sleeping Giants
12997,21,4,1226.89,20.794745762711862,11.254237288135592,0.0,Champions
12999,195,3,455.88,16.28142857142857,12.214285714285714,0.0,Low Value Customers
13000,106,3,534.85,17.253225806451614,12.225806451612904,0.0,Low Value Customers
13001,3,13,9785.97,29.03848664688427,16.29080118694362,0.0,Champions
13002,317,1,120.95,17.27857142857143,10.428571428571429,0.0,Low Value Customers
13003,105,3,149.05,24.84166666666667,17.166666666666668,0.0,Low Value Customers
13004,11,18,5655.91,13.999777227722772,11.935643564356436,0.0,Champions
13005,173,2,513.7,19.75769230769231,6.615384615384615,0.0,Low Value Customers
13006,55,1,81.57,20.3925,13.75,0.0,Low Value Customers
13008,322,1,229.47,16.390714285714285,12.5,0.0,Low Value Customers
13011,371,1,50.55,16.849999999999998,4.333333333333333,0.0,Low Value Customers
13012,8,8,1646.84,18.71409090909091,9.318181818181818,0.0,Champions
13013,0,13,4810.94,21.967762557077624,10.155251141552512,0.0,Champions
13014,2,10,3466.28,31.80073394495413,8.302752293577981,0.0,Champions
13015,52,5,3339.64,19.08365714285714,9.194285714285714,0.0,Champions
13016,72,3,789.89,16.806170212765956,11.212765957446807,0.0,Low Value Customers
13017,6,1,204.0,204.0,48.0,0.0,Sleeping Giants
13018,15,28,7277.7,15.890174672489085,11.866812227074236,0.0,Champions
13021,3,9,2616.38,19.97236641221374,10.3206106870229,0.0,Champions
13023,63,2,599.9,15.786842105263156,7.368421052631579,0.0,Low Value Customers
13026,0,5,975.36,24.384,40.5,0.0,Champions
13027,113,6,6912.0,265.84615384615387,664.6153846153846,0.0,Sleeping Giants
13028,22,2,661.3199999999999,14.695999999999998,17.733333333333334,0.0,Low Value Customers
13029,30,3,1247.5,124.75,13.4,0.0,Sleeping Giants
13030,10,2,752.4399999999999,8.178695652173912,3.782608695652174,0.0,Low Value Customers
13032,38,2,1010.18,14.227887323943662,5.28169014084507,0.0,Low Value Customers
13033,356,1,190.55,17.322727272727274,7.545454545454546,0.0,Low Value Customers
13034,54,2,642.77,17.372162162162162,9.972972972972974,0.0,Low Value Customers
13035,57,2,921.88,34.1437037037037,23.85185185185185,0.0,Sleeping Giants
13037,137,3,881.0699999999999,18.355625,8.979166666666666,0.0,Low Value Customers
13038,79,3,908.46,32.445,12.857142857142858,0.0,Low Value Customers
13040,8,2,676.99,15.743953488372092,8.255813953488373,0.0,Champions
13043,253,1,516.42,39.72461538461538,19.53846153846154,0.0,Low Value Customers
13044,290,1,560.47,16.983939393939394,13.0,0.0,Low Value Customers
13045,98,1,305.28000000000003,16.96,12.27777777777778,0.0,Low Value Customers
13046,30,2,629.31,17.980285714285714,7.542857142857143,0.0,Low Value Customers
13047,31,9,3232.59,18.9040350877193,8.128654970760234,0.0,Champions
13048,13,4,1819.41,13.477111111111112,9.096296296296297,0.0,Champions
13049,63,2,656.6800000000001,46.90571428571429,19.142857142857142,0.0,Sleeping Giants
13050,8,17,5833.11,14.510223880597014,9.32089552238806,0.0,Champions
13052,211,1,348.15,19.341666666666665,12.333333333333334,0.0,Low Value Customers
13055,63,3,1214.41,15.97907894736842,11.763157894736842,0.0,Low Value Customers
13058,24,3,271.40000000000003,33.925000000000004,6.5,0.0,Low Value Customers
13059,249,1,183.4,22.925,4.375,0.0,Low Value Customers
13060,253,1,307.53,20.502,8.2,0.0,Low Value Customers
13061,71,1,248.61,24.861,10.7,0.0,Low Value Customers
13062,190,1,346.98,31.543636363636367,31.181818181818183,0.0,Low Value Customers
13064,12,4,1105.59,16.258676470588235,7.558823529411764,0.0,Champions
13065,372,1,205.86,14.704285714285714,5.285714285714286,0.0,Low Value Customers
13066,23,2,470.8,9.808333333333334,6.708333333333333,0.0,Low Value Customers
13067,81,1,115.46,7.697333333333334,2.1333333333333333,0.0,Low Value Customers
13068,9,2,344.0,172.0,100.0,0.0,Sleeping Giants
13069,0,24,4431.44,10.451509433962263,13.851415094339623,0.0,Champions
13070,191,1,228.8,25.422222222222224,12.22222222222222,0.0,Low Value Customers
13072,266,1,177.15,25.307142857142857,9.857142857142858,0.0,Low Value Customers
13075,129,1,919.61,41.80045454545455,22.045454545454547,0.0,Sleeping Giants
13077,0,4,728.02,6.558738738738739,7.765765765765765,0.0,Champions
13078,0,26,12627.94,35.27357541899441,15.726256983240225,0.0,Champions
13079,3,5,220.1,36.68333333333333,10.333333333333334,0.0,Champions
13080,178,1,58.08,9.68,20.0,0.0,Low Value Customers
13081,0,11,28337.38,27.67322265625,18.62109375,0.0,Champions
13082,125,9,3613.63,49.50178082191781,59.23287671232877,0.0,Sleeping Giants
13083,3,2,303.75,16.875,10.38888888888889,0.0,Low Value Customers
13085,157,2,416.08,18.91272727272727,9.818181818181818,0.0,Low Value Customers
13089,2,97,58762.08,32.393649393605294,17.10308710033076,0.0,Champions
13090,8,13,8895.82,57.765064935064935,14.688311688311687,0.0,Champions
13091,20,1,345.82,16.467619047619046,22.19047619047619,0.0,Low Value Customers
13092,70,5,477.83,19.1132,11.16,0.0,Low Value Customers
13093,266,8,7832.47,49.260817610062894,24.91194968553459,0.0,Sleeping Giants
13094,20,12,1927.32,80.30499999999999,71.5,0.0,Sleeping Giants
13095,70,1,74.4,12.4,24.0,0.0,Low Value Customers
13097,32,10,6003.22,14.259429928741094,5.605700712589074,0.0,Champions
13098,0,28,28882.44,50.49377622377622,27.91608391608392,0.0,Champions
13099,98,1,207.36,207.36,288.0,0.0,Sleeping Giants
13101,233,1,101.19,12.64875,14.125,0.0,Low Value Customers
13102,0,24,6424.09,21.131875,13.828947368421051,0.0,Champions
13103,39,1,243.94,30.4925,10.25,0.0,Low Value Customers
13104,2,6,1098.48,54.924,25.2,0.0,Champions
13106,128,1,76.5,76.5,18.0,0.0,Low Value Customers
13107,43,4,1531.62,26.407241379310346,22.29310344827586,0.0,Champions
13108,372,1,350.06,35.006,29.8,0.0,Low Value Customers
13109,2,2,786.54,16.734893617021275,11.063829787234043,0.0,Champions
13110,30,7,1488.67,10.266689655172414,2.6758620689655173,0.0,Champions
13113,0,24,12245.96,61.2298,15.225,0.0,Champions
13115,8,4,2294.78,19.12316666666667,13.058333333333334,0.0,Champions
13116,116,1,501.14,16.704666666666665,9.7,0.0,Low Value Customers
13117,21,8,984.91,12.959342105263158,12.43421052631579,0.0,Champions
13118,19,5,1197.81,15.162151898734177,5.189873417721519,0.0,Champions
13120,238,1,30.6,30.6,12.0,0.0,Low Value Customers
13121,268,1,283.73,5.674600000000001,5.04,0.0,Low Value Customers
13122,93,2,922.39,16.77072727272727,10.636363636363637,0.0,Low Value Customers
13124,89,3,3756.33,16.920405405405404,9.545045045045043,0.0,Champions
13126,4,8,2099.64,14.997428571428571,15.307142857142855,0.0,Champions
13127,77,1,259.17,17.278000000000002,8.466666666666667,0.0,Low Value Customers
13130,93,1,64.0,32.0,16.0,0.0,Low Value Customers
13131,22,3,1073.3,24.393181818181816,10.159090909090908,0.0,Champions
13132,261,1,77.3,25.766666666666666,6.666666666666667,0.0,Low Value Customers
13133,273,2,109.8,15.685714285714283,4.571428571428571,0.0,Low Value Customers
13134,72,4,1793.58,18.301836734693875,10.806122448979592,0.0,Champions
13135,196,1,3096.0,3096.0,4300.0,0.0,Sleeping Giants
13136,49,5,2607.61,20.53236220472441,10.456692913385826,0.0,Champions
13137,10,9,3603.29,5.23734011627907,3.20203488372093,0.001453488372093,Champions
13138,21,6,962.39,15.276031746031746,7.507936507936508,0.0,Champions
13139,15,7,5064.9400000000005,29.79376470588236,14.264705882352942,0.0,Champions
13140,107,3,422.47,9.388222222222224,4.111111111111111,0.0,Low Value Customers
13141,84,5,2388.75,17.694444444444443,11.466666666666669,0.0,Champions
13142,18,1,307.09000000000003,13.351739130434783,11.217391304347826,0.0,Low Value Customers
13144,332,1,110.95,36.98333333333333,7.0,0.0,Low Value Customers
13145,39,4,618.52,103.08666666666666,24.166666666666668,0.0,Sleeping Giants
13146,25,1,228.91,13.465294117647058,9.058823529411764,0.0,Low Value Customers
13147,9,4,712.8,178.2,36.0,0.0,Sleeping Giants
13148,28,12,3683.26,11.805320512820511,6.298076923076923,0.0,Champions
13149,13,4,1676.06,19.48906976744186,14.883720930232558,0.0,Champions
13151,202,1,1257.87,16.99824324324324,4.905405405405405,0.0,Low Value Customers
13153,5,1,486.22,32.41466666666667,27.866666666666667,0.0,Sleeping Giants
13155,32,4,971.76,11.432470588235294,5.847058823529411,0.0,Champions
13157,48,4,1741.22,20.014022988505747,16.54022988505747,0.0,Champions
13158,94,4,1201.06,15.203291139240504,9.924050632911392,0.0,Low Value Customers
13159,8,4,1429.35,11.91125,8.816666666666666,0.0,Champions
13160,21,1,91.8,22.95,14.0,0.0,Low Value Customers
13161,312,1,112.75,14.09375,3.625,0.0,Low Value Customers
13162,121,4,1688.29,21.370759493670885,21.68354430379747,0.0,Champions
13165,45,2,1021.48,24.32095238095238,32.76190476190476,0.0,Sleeping Giants
13166,281,1,417.2,10.17560975609756,5.2682926829268295,0.0,Low Value Customers
13167,18,4,779.33,12.17703125,12.078125,0.0,Champions
13168,35,4,1299.59,10.314206349206348,5.317460317460317,0.0,Champions
13169,63,2,712.88,54.83692307692308,20.923076923076923,0.0,Sleeping Giants
13170,26,1,108.81,3.627,4.7,0.0,Low Value Customers
13171,7,3,468.41,10.182826086956522,4.978260869565218,0.0,Champions
13173,3,2,353.65000000000003,8.224418604651163,6.441860465116279,0.0,Low Value Customers
13174,15,3,2738.82,9.379520547945209,4.626712328767123,0.0,Champions
13176,45,1,481.49,7.186417910447761,6.686567164179104,0.0,Low Value Customers
13177,64,1,282.45,16.61470588235294,5.352941176470588,0.0,Low Value Customers
13178,25,11,5725.47,21.60554716981132,13.471698113207546,0.0,Champions
13182,44,1,121.18,11.016363636363636,18.272727272727277,0.0,Low Value Customers
13183,7,9,3957.78,42.10404255319148,23.48936170212766,0.0,Champions
13184,14,10,1667.95,9.370505617977528,9.331460674157304,0.0,Champions
13185,267,1,71.4,71.4,12.0,0.0,Low Value Customers
13186,39,3,1575.89,19.947974683544302,10.379746835443038,0.0,Champions
13187,336,1,236.02,6.378918918918919,2.5675675675675675,0.0,Low Value Customers
13188,10,1,114.6,57.3,12.5,0.0,Low Value Customers
13189,18,2,260.68,8.988965517241379,29.03448275862069,0.0,Low Value Customers
13192,94,2,911.94,14.475238095238096,9.444444444444445,0.0,Low Value Customers
13193,60,1,112.08,4.4832,1.84,0.0,Low Value Customers
13194,135,1,60.7,20.23333333333333,8.666666666666666,0.0,Low Value Customers
13196,10,4,1797.78,16.343454545454545,11.127272727272729,0.0,Champions
13198,9,6,3401.24,15.049734513274336,11.716814159292037,0.0,Champions
13199,3,37,9802.12,83.06881355932204,52.33050847457627,0.0,Champions
13200,18,4,870.09,18.915,11.217391304347826,0.0,Champions
13203,9,4,869.46,15.253684210526316,14.035087719298245,0.0,Champions
13207,14,2,250.26,31.2825,16.25,0.0,Low Value Customers
13208,58,5,1193.17,8.172397260273973,5.253424657534247,0.0,Champions
13209,29,8,5891.61,18.35392523364486,13.249221183800625,0.0,Champions
13210,93,1,353.48,16.067272727272726,14.363636363636363,0.0,Low Value Customers
13211,9,3,1095.42,19.916727272727275,15.163636363636364,0.0,Champions
13212,8,3,786.83,5.580354609929079,2.191489361702128,0.0,Champions
13213,56,5,1520.58,16.895333333333333,15.11111111111111,0.0,Champions
13216,267,1,333.74,66.748,59.4,0.0,Sleeping Giants
13217,121,3,533.98,133.495,65.5,0.0,Sleeping Giants
13218,126,1,62.64,12.528,17.6,0.0,Low Value Customers
13220,77,4,819.2900000000001,39.01380952380953,9.333333333333334,0.0,Low Value Customers
13221,239,2,844.86,12.997846153846154,3.7384615384615385,0.0,Low Value Customers
13223,199,2,163.2,32.64,17.6,0.0,Low Value Customers
13224,59,2,2152.95,20.121028037383176,14.158878504672897,0.0,Low Value Customers
13225,2,7,6463.84,201.995,106.75,0.0,Sleeping Giants
13226,272,1,108.21,6.7631250000000005,5.0,0.0,Low Value Customers
13227,201,1,257.7,28.633333333333333,11.0,0.0,Low Value Customers
13228,80,1,358.0,179.0,100.0,0.0,Sleeping Giants
13229,225,1,160.95,16.095,6.3,0.0,Low Value Customers
13230,3,14,2755.63,4.69442930153322,2.79045996592845,0.0,Champions
13232,12,7,1327.75,6.605721393034826,3.835820895522388,0.0,Champions
13233,73,2,605.12,14.072558139534884,23.348837209302324,0.0,Low Value Customers
13235,211,1,1031.07,17.77706896551724,7.603448275862069,0.0,Low Value Customers
13236,24,2,744.85,20.69027777777778,11.555555555555555,0.0,Low Value Customers
13238,10,4,700.73,22.604193548387094,9.612903225806452,0.0,Champions
13239,261,1,329.56,15.693333333333332,15.571428571428571,0.0,Low Value Customers
13240,95,4,648.7,9.82878787878788,4.5,0.0,Low Value Customers
13242,111,3,270.40000000000003,20.800000000000004,10.0,0.0,Low Value Customers
13243,202,1,585.12,10.265263157894736,4.0701754385964914,0.0,Low Value Customers
13244,92,1,121.74,4.508888888888889,1.4074074074074074,0.0,Low Value Customers
13245,50,1,430.5,26.90625,7.8125,0.0,Low Value Customers
13246,17,6,1961.52,14.422941176470587,11.669117647058824,0.0,Champions
13247,17,4,501.12,20.0448,13.12,0.0,Champions
13248,124,2,465.68,17.91076923076923,11.73076923076923,0.0,Low Value Customers
13249,91,3,711.41,30.93086956521739,23.73913043478261,0.0,Sleeping Giants
13253,156,2,1030.4,28.622222222222224,43.66666666666666,0.0,Sleeping Giants
13255,3,2,399.51,30.73153846153846,13.615384615384617,0.0,Champions
13258,11,3,672.83,18.689722222222223,7.833333333333333,0.0,Champions
13259,61,1,283.18,3.4960493827160493,1.5555555555555556,0.0,Low Value Customers
13260,60,1,557.62,69.7025,17.75,0.0,Sleeping Giants
13261,268,2,944.1,104.9,23.33333333333333,0.0,Sleeping Giants
13262,262,1,200.29,18.208181818181817,11.363636363636363,0.0,Low Value Customers
13263,0,35,7426.71,4.46585087191822,2.863499699338545,0.0,Champions
13265,52,5,2092.66,23.25177777777777,19.33333333333333,0.0,Champions
13266,10,12,3834.26,20.504064171122995,23.67914438502674,0.0,Champions
13267,2,19,4521.49,21.428862559241704,9.33175355450237,0.0,Champions
13268,17,10,3152.71,7.297939814814815,8.212962962962964,0.0,Champions
13269,0,15,5343.28,16.96279365079365,11.152380952380952,0.0,Champions
13270,365,1,590.0,590.0,200.0,0.0,Sleeping Giants
13271,36,1,211.49,2.430919540229885,2.7586206896551726,0.0,Low Value Customers
13272,30,2,276.56,18.43733333333333,6.4,0.0,Low Value Customers
13273,112,1,138.98,8.68625,9.5625,0.0,Low Value Customers
13276,63,2,590.93,19.697666666666667,5.366666666666666,0.0,Low Value Customers
13277,15,4,258.4,32.3,22.0,0.0,Low Value Customers
13278,40,1,542.73,11.798478260869564,11.673913043478262,0.0,Low Value Customers
13279,63,1,137.75,15.305555555555555,8.11111111111111,0.0,Low Value Customers
13280,121,3,798.46,9.737317073170733,6.317073170731708,0.0,Low Value Customers
13282,17,3,1132.14,30.59837837837837,8.297297297297296,0.0,Champions
13283,59,2,93.66,13.38,12.857142857142858,0.0,Low Value Customers
13284,322,1,201.19,15.476153846153846,7.0,0.0,Low Value Customers
13285,22,4,2709.12,14.487272727272726,10.967914438502676,0.0,Champions
13291,155,1,361.11,8.597857142857142,5.547619047619048,0.0,Low Value Customers
13292,38,2,578.94,18.675483870967746,11.193548387096774,0.0,Low Value Customers
13294,189,2,873.74,16.18037037037037,8.38888888888889,0.0,Low Value Customers
13295,359,1,201.2,20.12,8.2,0.0,Low Value Customers
13296,136,1,87.4,17.48,15.6,0.0,Low Value Customers
13297,7,4,2089.85,35.421186440677964,16.322033898305083,0.0,Champions
13298,0,1,360.0,180.0,48.0,0.0,Sleeping Giants
13299,267,1,142.5,28.5,6.0,0.0,Low Value Customers
13300,164,1,371.89,18.5945,10.15,0.0,Low Value Customers
13301,103,4,600.1899999999999,7.502374999999999,4.2875,0.0,Low Value Customers
13302,154,1,63.75,63.75,5.0,0.0,Low Value Customers
13304,350,1,300.42,14.305714285714286,11.333333333333334,0.0,Low Value Customers
13305,3,10,2000.86,24.701975308641973,15.209876543209877,0.0,Champions
13307,119,1,15.0,15.0,4.0,0.0,Low Value Customers
13308,22,3,1385.51,25.657592592592597,15.61111111111111,0.0,Champions
13309,6,5,1456.79,13.614859813084111,14.429906542056075,0.0,Champions
13310,8,3,1132.03,15.722638888888888,8.152777777777779,0.0,Champions
13311,3,2,598.5699999999999,23.021923076923077,11.73076923076923,0.0,Champions
13313,21,5,1555.32,19.94,10.91025641025641,0.0,Champions
13314,1,3,775.9399999999999,12.51516129032258,9.03225806451613,0.0,Champions
13316,36,5,5732.93,65.89574712643679,63.298850574712645,0.0114942528735632,Sleeping Giants
13317,63,6,2273.68,18.336129032258064,8.346774193548388,0.0,Champions
13318,0,3,640.76,32.038,15.2,0.0,Champions
13319,4,26,10845.55,22.784768907563024,9.92436974789916,0.0,Champions
13320,69,4,1532.2,14.592380952380951,10.342857142857143,0.0,Champions
13321,71,2,567.36,51.57818181818182,33.81818181818182,0.0,Sleeping Giants
13322,16,1,199.48,7.9792,4.68,0.0,Low Value Customers
13323,2,5,787.85,37.516666666666666,8.333333333333334,0.0,Champions
13324,31,10,7121.95,94.95933333333332,69.4,0.0,Sleeping Giants
13325,81,1,675.3,56.275,20.0,0.0,Sleeping Giants
13327,38,8,3627.77,33.59046296296296,14.814814814814817,0.0,Champions
13328,315,1,1308.48,76.96941176470588,40.0,0.0,Sleeping Giants
13329,31,2,789.0,46.41176470588236,27.235294117647054,0.0,Sleeping Giants
13330,92,3,1140.93,21.526981132075477,14.169811320754716,0.0,Low Value Customers
13332,13,1,350.9,16.70952380952381,8.523809523809524,0.0,Low Value Customers
13334,81,3,3502.32,13.216301886792454,6.656603773584906,0.0,Champions
13336,76,1,795.12,15.590588235294115,10.96078431372549,0.0,Low Value Customers
13338,153,1,437.02,24.278888888888886,14.166666666666666,0.0,Low Value Customers
13339,200,1,860.12,15.928148148148148,6.037037037037037,0.0,Low Value Customers
13340,44,7,10736.48,80.12298507462687,43.059701492537314,0.0,Sleeping Giants
13341,260,1,775.85,18.472619047619048,7.166666666666667,0.0,Low Value Customers
13343,172,1,303.43,16.857222222222223,7.444444444444445,0.0,Low Value Customers
13344,67,3,2511.69,21.6525,8.206896551724139,0.0,Champions
13345,276,1,339.5,17.86842105263158,7.368421052631579,0.0,Low Value Customers
13347,69,1,291.36,41.62285714285714,29.142857142857142,0.0,Sleeping Giants
13348,63,1,233.76,16.697142857142858,9.714285714285714,0.0,Low Value Customers
13349,10,1,197.32,13.154666666666666,14.933333333333334,0.0,Low Value Customers
13350,15,2,879.12,23.134736842105266,7.5,0.0,Low Value Customers
13351,65,1,323.94,21.596,7.733333333333333,0.0,Low Value Customers
13352,7,1,347.98,15.129565217391304,13.91304347826087,0.0,Low Value Customers
13354,70,1,743.53,14.579019607843136,11.84313725490196,0.0,Low Value Customers
13355,121,1,674.7,21.084375,9.8125,0.0,Low Value Customers
13356,79,1,768.24,18.29142857142857,7.738095238095238,0.0,Low Value Customers
13357,256,1,609.4,6.847191011235955,3.606741573033708,0.0,Low Value Customers
13358,268,1,389.03,13.893928571428573,10.142857142857142,0.0,Low Value Customers
13359,58,1,389.56,17.707272727272727,7.272727272727272,0.0,Low Value Customers
13362,2,4,3090.74,18.6189156626506,8.325301204819278,0.0,Champions
13363,17,2,892.5,15.387931034482758,12.20689655172414,0.0,Low Value Customers
13364,66,1,134.96,13.496,7.1,0.0,Low Value Customers
13365,8,2,2225.37,17.385703125,9.7421875,0.0,Champions
13366,49,1,56.16,56.16,144.0,0.0,Sleeping Giants
13368,256,2,573.4,20.478571428571428,11.642857142857142,0.0,Low Value Customers
13369,353,1,258.28,19.867692307692305,11.384615384615383,0.0,Low Value Customers
13370,365,1,754.87,19.355641025641027,8.794871794871796,0.0,Low Value Customers
13372,89,1,328.64,14.938181818181818,7.181818181818182,0.0,Low Value Customers
13373,60,3,3312.25,20.963607594936708,10.449367088607596,0.0,Champions
13375,80,1,778.65,21.044594594594592,11.945945945945946,0.0,Low Value Customers
13376,98,3,869.76,17.3952,9.8,0.0,Low Value Customers
13379,25,3,572.56,5.902680412371134,6.195876288659794,0.0,Low Value Customers
13381,20,6,3639.31,21.15877906976744,11.796511627906977,0.0,Champions
13382,280,1,222.99,14.866,8.733333333333333,0.0,Low Value Customers
13384,30,7,4151.93,27.315328947368425,15.93421052631579,0.0,Champions
13385,329,1,534.57,15.273428571428571,8.028571428571428,0.0,Low Value Customers
13388,120,2,677.1,19.345714285714287,8.057142857142857,0.0,Low Value Customers
13389,10,3,797.96,15.646274509803922,8.411764705882353,0.0,Champions
13390,74,1,544.08,41.8523076923077,17.23076923076923,0.0,Low Value Customers
13391,203,1,59.8,59.8,4.0,0.0,Low Value Customers
13394,1,8,2520.02,16.258193548387098,15.432258064516128,0.0,Champions
13395,184,1,307.72,14.653333333333334,16.0,0.0,Low Value Customers
13396,21,2,1360.99,31.65093023255814,13.953488372093023,0.0,Champions
13397,72,5,1544.13,40.635000000000005,11.31578947368421,0.0,Champions
13398,191,1,457.34,17.59,10.807692307692308,0.0,Low Value Customers
13402,126,2,621.23,15.92897435897436,12.282051282051285,0.0,Low Value Customers
13403,17,1,75.0,25.0,14.666666666666666,0.0,Low Value Customers
13404,0,2,252.49,22.953636363636363,10.090909090909092,0.0,Champions
13405,73,3,572.45,21.201851851851853,6.111111111111111,0.0,Low Value Customers
13408,1,66,28117.04,57.97327835051546,33.45360824742268,0.0144329896907216,Champions
13410,8,5,1003.06,35.82357142857143,18.5,0.0,Champions
13411,106,1,213.55,11.863888888888887,4.0,0.0,Low Value Customers
13414,133,3,1390.5,57.9375,65.58333333333333,0.0,Sleeping Giants
13416,43,2,712.5,37.5,7.473684210526316,0.0,Low Value Customers
13417,4,2,640.83,22.886785714285715,5.785714285714286,0.0,Champions
13418,11,18,6127.43,20.156019736842108,12.888157894736842,0.0,Champions
13419,63,1,221.06,13.81625,17.1875,0.0,Low Value Customers
13420,134,2,159.85,19.98125,12.625,0.0,Low Value Customers
13421,39,2,1823.21,18.05158415841584,10.92079207920792,0.0,Champions
13422,50,1,2626.3,20.67952755905512,10.440944881889765,0.0,Low Value Customers
13425,107,3,1624.21,20.823205128205128,14.397435897435898,0.0,Low Value Customers
13426,0,10,3641.32,23.193121019108283,14.29936305732484,0.0,Champions
13427,18,3,582.6,20.089655172413792,18.79310344827586,0.0,Champions
13428,9,1,201.78,2.841971830985916,2.126760563380281,0.0,Low Value Customers
13429,10,4,1006.8,15.02686567164179,20.746268656716417,0.0,Champions
13430,18,2,679.45,13.866326530612248,15.326530612244898,0.0,Low Value Customers
13431,66,2,1269.1,27.589130434782607,14.608695652173912,0.0,Low Value Customers
13434,73,2,534.24,53.424,30.0,0.0,Sleeping Giants
13435,4,7,3809.89,37.72168316831683,21.07920792079208,0.0,Champions
13436,1,1,196.89,16.4075,6.333333333333333,0.0,Low Value Customers
13437,13,7,3408.06,20.40754491017964,7.682634730538922,0.0,Champions
13439,254,1,283.71,5.253888888888889,4.481481481481482,0.0,Low Value Customers
13441,91,1,296.64,22.818461538461538,15.692307692307692,0.0,Low Value Customers
13447,22,3,1129.14,19.137966101694914,9.898305084745765,0.0,Champions
13448,16,6,3534.69,18.22005154639175,8.494845360824742,0.0,Champions
13449,23,1,291.88,15.362105263157895,11.68421052631579,0.0,Low Value Customers
13450,26,6,2043.72,28.784788732394368,27.91549295774648,0.0,Champions
13451,25,5,2898.26,6.693441108545035,4.914549653579677,0.0,Champions
13452,258,2,590.0,295.0,1.0,0.0,Low Value Customers
13453,165,2,356.98,20.99882352941177,7.882352941176471,0.0,Low Value Customers
13455,24,2,1058.34,23.007391304347824,7.695652173913044,0.0,Low Value Customers
13456,17,6,1766.72,28.0431746031746,12.142857142857142,0.0,Champions
13458,6,14,9646.57,25.252801047120418,14.418848167539268,0.0,Champions
13460,28,2,183.44,10.790588235294118,16.823529411764707,0.0,Low Value Customers
13461,38,3,1445.0,53.51851851851852,43.333333333333336,0.0,Sleeping Giants
13462,182,1,151.5,16.833333333333332,6.888888888888889,0.0,Low Value Customers
13464,57,1,674.68,16.45560975609756,9.829268292682928,0.0,Low Value Customers
13466,99,1,307.9,18.11176470588235,15.235294117647058,0.0,Low Value Customers
13467,10,2,1071.91,10.937857142857144,5.918367346938775,0.0,Champions
13468,1,37,5704.97,18.89062913907285,8.572847682119205,0.0,Champions
13470,98,2,165.0,16.5,10.0,0.0,Low Value Customers
13471,0,4,2501.84,9.84976377952756,6.232283464566929,0.0,Champions
13473,60,2,422.64,20.125714285714285,12.666666666666666,0.0,Low Value Customers
13474,235,1,226.84,3.658709677419355,2.0806451612903225,0.0,Low Value Customers
13475,190,4,1431.78,16.648604651162792,11.767441860465116,0.0,Low Value Customers
13476,178,2,1238.47,21.35293103448276,7.189655172413793,0.0,Low Value Customers
13477,37,6,1454.58,18.41240506329114,12.924050632911392,0.0,Champions
13479,197,2,300.95,20.063333333333333,8.933333333333334,0.0,Low Value Customers
13481,45,5,1804.56,16.55559633027523,10.477064220183486,0.0,Champions
13482,231,1,184.64,16.785454545454545,10.545454545454543,0.0,Low Value Customers
13483,65,1,140.34,14.034,16.0,0.0,Low Value Customers
13484,240,1,313.8,39.225,5.5,0.0,Low Value Customers
13485,232,1,454.24,19.749565217391304,12.043478260869565,0.0,Low Value Customers
13486,77,3,1122.41,16.2668115942029,9.695652173913045,0.0,Low Value Customers
13487,57,3,575.4,16.923529411764704,7.794117647058823,0.0,Low Value Customers
13488,16,13,8968.31,21.25191943127962,10.70616113744076,0.0,Champions
13489,104,4,449.52,32.10857142857143,40.0,0.0,Sleeping Giants
13491,51,10,1215.82,14.137441860465117,10.5,0.0,Champions
13492,135,3,1269.84,25.3968,8.16,0.0,Low Value Customers
13493,274,2,498.63,83.105,62.833333333333336,0.0,Sleeping Giants
13494,311,1,316.26,17.57,9.0,0.0,Low Value Customers
13495,7,5,2044.87,42.60145833333333,17.270833333333332,0.0,Champions
13496,10,2,653.33,18.66657142857143,9.742857142857142,0.0,Low Value Customers
13497,282,2,348.05,18.318421052631574,8.578947368421053,0.0,Low Value Customers
13499,17,5,1159.11,27.59785714285714,32.5,0.0,Champions
13500,22,3,1166.77,17.950307692307693,9.36923076923077,0.0,Champions
13501,242,1,1340.32,25.775384615384613,10.76923076923077,0.0,Low Value Customers
13502,16,3,292.0,16.22222222222222,14.666666666666666,0.0,Low Value Customers
13503,70,1,216.85,12.755882352941176,14.588235294117649,0.0,Low Value Customers
13504,63,1,295.93,13.451363636363636,8.090909090909092,0.0,Low Value Customers
13505,67,4,3633.63,17.220995260663507,11.691943127962086,0.0,Champions
13506,311,2,458.52,17.635384615384616,12.461538461538462,0.0,Low Value Customers
13507,2,4,2479.16,15.303456790123455,9.858024691358024,0.0,Champions
13508,243,1,110.97,9.2475,2.0,0.0,Low Value Customers
13509,8,6,964.72,22.435348837209304,25.69767441860465,0.0,Champions
13510,0,4,1791.56,15.578782608695652,12.05217391304348,0.0,Champions
13512,260,1,251.21,16.747333333333334,9.533333333333331,0.0,Low Value Customers
13513,126,1,205.1,20.51,10.9,0.0,Low Value Customers
13514,73,1,152.2,38.05,10.0,0.0,Low Value Customers
13515,72,4,891.12,15.103728813559322,11.542372881355933,0.0,Low Value Customers
13516,20,3,1389.41,31.5775,22.38636363636364,0.0,Champions
13517,59,3,2128.42,15.09517730496454,9.709219858156027,0.0,Champions
13518,85,1,627.16,17.42111111111111,10.61111111111111,0.0,Low Value Customers
13519,49,1,122.75,15.34375,2.875,0.0,Low Value Customers
13520,58,6,2984.35,34.30287356321839,18.770114942528732,0.0,Champions
13521,0,3,1070.47,2.567074340527578,1.7146282973621103,0.0,Champions
13522,29,1,125.8,25.16,8.8,0.0,Low Value Customers
13523,32,5,3964.88,23.051627906976744,10.186046511627907,0.0,Champions
13524,40,5,680.18,25.19185185185185,12.0,0.0,Champions
13525,14,2,628.78,104.79666666666668,65.66666666666667,0.0,Sleeping Giants
13527,33,7,2242.36,10.333456221198157,7.755760368663594,0.0,Champions
13529,78,2,307.76,20.517333333333333,4.933333333333334,0.0,Low Value Customers
13531,204,2,483.8,21.99090909090909,7.909090909090909,0.0,Low Value Customers
13532,33,1,210.31,3.1865151515151515,1.9545454545454544,0.0,Low Value Customers
13533,182,3,269.09,3.5878666666666663,2.6933333333333334,0.0,Low Value Customers
13534,1,25,5870.08,19.83135135135135,10.00337837837838,0.0,Champions
13536,0,7,3444.39,19.35050561797753,11.9438202247191,0.0,Champions
13538,42,7,1280.85,51.234,7.0,0.0,Champions
13539,85,3,631.34,17.063243243243242,8.64864864864865,0.0,Low Value Customers
13544,39,2,276.06,3.539230769230769,1.435897435897436,0.0,Low Value Customers
13546,11,3,621.09,6.4029896907216495,3.680412371134021,0.0,Champions
13548,95,2,678.16,5.51349593495935,3.544715447154472,0.0,Low Value Customers
13549,25,7,918.2,18.00392156862745,8.980392156862745,0.0,Champions
13551,318,1,91.8,22.950000000000003,3.0,0.0,Low Value Customers
13552,65,12,3740.07,34.31256880733945,13.0,0.0,Champions
13555,73,4,4098.88,30.36207407407408,19.525925925925925,0.0,Champions
13557,27,2,584.06,17.178235294117645,16.058823529411764,0.0,Low Value Customers
13558,5,4,594.52,3.517869822485207,2.0,0.0,Champions
13560,6,1,171.42000000000002,5.3568750000000005,1.96875,0.0,Low Value Customers
13561,215,1,141.86,10.132857142857144,5.928571428571429,0.0,Low Value Customers
13562,81,3,1799.3300000000002,21.943048780487807,9.231707317073171,0.0,Champions
13563,83,2,777.53,15.867959183673468,4.26530612244898,0.0,Low Value Customers
13564,143,2,1174.03,14.675375,7.9375,0.0,Low Value Customers
13565,18,2,240.22,6.321578947368421,4.526315789473684,0.0,Low Value Customers
13566,40,2,856.84,5.0700591715976335,3.3550295857988166,0.0,Low Value Customers
13568,172,1,187.05,4.3500000000000005,1.5348837209302326,0.0,Low Value Customers
13569,16,2,337.12,4.322051282051282,1.9871794871794872,0.0,Low Value Customers
13570,242,1,239.49,8.870000000000001,5.962962962962963,0.0,Low Value Customers
13571,12,12,2088.94,6.143941176470588,5.16764705882353,0.0,Champions
13572,205,1,1384.25,41.946969696969695,16.181818181818183,0.0,Low Value Customers
13573,49,2,290.25,11.61,12.08,0.0,Low Value Customers
13575,22,5,732.07,15.914565217391305,9.76086956521739,0.0,Champions
13576,9,18,6717.34,53.31222222222223,21.0,0.0,Champions
13577,24,4,1687.6,20.33253012048193,9.53012048192771,0.0,Champions
13579,14,2,467.04,20.30608695652174,7.6521739130434785,0.0,Low Value Customers
13581,308,1,118.0,11.8,3.0,0.0,Low Value Customers
13583,155,1,781.03,14.73641509433962,13.679245283018869,0.0,Low Value Customers
13584,306,1,142.4,5.933333333333334,1.5416666666666667,0.0,Low Value Customers
13587,31,1,712.4,89.05,22.5,0.0,Sleeping Giants
13588,15,9,2478.95,14.246839080459768,14.977011494252874,0.0,Champions
13589,14,2,379.65,18.07857142857143,5.428571428571429,0.0,Low Value Customers
13590,10,6,1981.92,22.780689655172413,21.24137931034483,0.0,Champions
13591,64,3,1117.13,19.26086206896552,8.362068965517242,0.0,Low Value Customers
13592,35,4,247.96,15.4975,5.25,0.0,Low Value Customers
13593,107,5,2011.88,15.841574803149609,5.661417322834645,0.0,Champions
13594,52,1,396.97,15.268076923076924,13.807692307692308,0.0,Low Value Customers
13596,5,2,664.11,4.548698630136986,2.6301369863013697,0.0,Low Value Customers
13598,46,1,160.04,4.572571428571428,1.4857142857142858,0.0,Low Value Customers
13599,0,21,5149.92,20.934634146341462,13.386178861788618,0.0,Champions
13600,311,1,219.52,11.553684210526315,17.05263157894737,0.0,Low Value Customers
13601,44,2,693.32,7.003232323232324,5.535353535353536,0.0,Low Value Customers
13602,64,1,428.89,18.647391304347824,11.608695652173912,0.0,Low Value Customers
13603,25,1,164.34,6.086666666666667,6.074074074074074,0.0,Low Value Customers
13606,28,3,276.75,6.91875,6.9,0.0,Low Value Customers
13607,39,1,675.51,6.964020618556701,2.9690721649484537,0.0,Low Value Customers
13610,11,7,1082.33,5.034093023255814,2.269767441860465,0.0,Champions
13611,88,3,1154.4,16.033333333333335,10.47222222222222,0.0,Low Value Customers
13614,23,4,1585.46,8.130564102564103,2.892307692307692,0.0,Champions
13615,312,1,417.69,18.160434782608696,8.217391304347826,0.0,Low Value Customers
13617,39,3,544.18,12.367727272727272,6.818181818181818,0.0,Low Value Customers
13618,173,1,177.34,13.64153846153846,18.923076923076923,0.0,Low Value Customers
13621,116,1,213.85,11.255263157894737,18.05263157894737,0.0,Low Value Customers
13623,30,5,727.74,9.33,3.6666666666666665,0.0,Champions
13626,252,1,257.23,13.53842105263158,11.0,0.0,Low Value Customers
13627,58,5,1638.47,17.80945652173913,13.793478260869565,0.0,Champions
13629,22,11,7792.36,132.07389830508475,74.10169491525424,0.0,Sleeping Giants
13630,4,7,2031.78,28.61661971830986,19.591549295774648,0.0,Champions
13631,99,11,3070.42,279.1290909090909,42.45454545454545,0.0,Sleeping Giants
13632,24,5,2118.93,14.613310344827584,7.110344827586207,0.0,Champions
13634,32,5,1547.36,8.319139784946236,3.763440860215054,0.0,Champions
13635,67,1,1071.03,17.274677419354838,10.919354838709678,0.0,Low Value Customers
13636,36,5,949.12,15.065396825396826,9.396825396825395,0.0,Champions
13637,51,3,803.05,8.19438775510204,4.122448979591836,0.0,Low Value Customers
13638,15,1,122.64,15.33,11.625,0.0,Low Value Customers
13639,73,1,1033.34,25.8335,20.0,0.0,Low Value Customers
13642,215,1,312.28,5.478596491228069,2.649122807017544,0.0,Low Value Customers
13643,30,3,519.44,18.551428571428573,9.75,0.0,Low Value Customers
13644,8,4,2624.26,17.974383561643837,14.157534246575343,0.0,Champions
13645,119,1,252.1,50.42,31.6,0.0,Sleeping Giants
13647,9,4,1648.12,21.12974358974359,11.371794871794872,0.0,Champions
13649,256,2,346.6,15.069565217391306,6.043478260869565,0.0,Low Value Customers
13650,16,6,1836.34,19.128541666666667,9.604166666666666,0.0,Champions
13651,34,2,94.2,15.7,5.5,0.0,Low Value Customers
13652,45,3,1095.08,17.38222222222222,9.174603174603174,0.0,Low Value Customers
13654,42,6,2707.33,16.30921686746988,13.144578313253012,0.0,Champions
13655,113,2,932.97,16.66017857142857,10.803571428571429,0.0,Low Value Customers
13656,164,2,379.65,7.747959183673469,10.0,0.0,Low Value Customers
13657,10,2,382.14,23.88375,13.0625,0.0,Low Value Customers
13658,9,5,2639.17,24.43675925925926,9.435185185185183,0.0,Champions
13659,196,2,1563.0,15.1747572815534,8.563106796116505,0.0,Low Value Customers
13662,85,3,881.26,16.947307692307692,10.25,0.0,Low Value Customers
13663,178,1,189.47,14.574615384615385,7.0,0.0,Low Value Customers
13666,59,3,84.65,7.054166666666667,3.4166666666666665,0.0,Low Value Customers
13667,148,1,299.05,3.603012048192771,1.7951807228915662,0.0,Low Value Customers
13668,2,21,6309.83,13.628142548596111,8.038876889848812,0.0,Champions
13669,50,2,218.55,24.28333333333333,26.33333333333333,0.0,Low Value Customers
13670,74,1,349.7,13.988,11.28,0.0,Low Value Customers
13672,300,2,186.39,31.065,9.5,0.0,Low Value Customers
13673,18,2,387.44,6.457333333333334,1.9,0.0,Low Value Customers
13675,150,2,486.82,19.4728,13.2,0.0,Low Value Customers
13678,151,1,232.6,14.5375,57.75,0.0,Low Value Customers
13680,0,4,3719.12,19.17072164948453,9.969072164948454,0.0,Champions
13681,17,4,827.83,14.523333333333332,6.315789473684211,0.0,Champions
13682,186,1,59.5,19.83333333333333,3.333333333333333,0.0,Low Value Customers
13684,285,1,65.13,2.245862068965517,1.3103448275862069,0.0,Low Value Customers
13685,2,7,3119.44,79.98564102564103,129.64102564102564,0.0,Sleeping Giants
13686,182,1,72.0,9.0,8.75,0.0,Low Value Customers
13689,62,1,910.0,151.66666666666666,85.33333333333333,0.0,Sleeping Giants
13690,58,1,172.25,19.13888888888889,7.444444444444445,0.0,Low Value Customers
13692,24,3,1488.32,28.081509433962264,23.132075471698112,0.0,Champions
13694,3,52,65039.62,114.10459649122808,111.0701754385965,0.0035087719298245,Sleeping Giants
13695,30,15,2504.13,27.823666666666668,17.81111111111111,0.0,Champions
13697,38,1,151.3,12.608333333333334,14.75,0.0,Low Value Customers
13699,154,1,308.58,22.04142857142857,4.714285714285714,0.0,Low Value Customers
13700,25,10,2248.63,11.590876288659794,11.757731958762887,0.0,Champions
13703,317,1,99.5,99.5,10.0,0.0,Low Value Customers
13704,4,9,2308.06,17.224328358208954,11.42537313432836,0.0,Champions
13705,7,3,711.86,25.423571428571428,12.964285714285714,0.0,Champions
13706,302,1,330.79,16.5395,9.45,0.0,Low Value Customers
13707,266,2,806.41,16.800208333333334,7.3125,0.0,Low Value Customers
13708,270,1,283.33,5.902708333333333,6.25,0.0,Low Value Customers
13709,3,13,6307.65,18.82880597014925,10.471641791044776,0.0,Champions
13710,31,1,180.48,22.56,22.0,0.0,Low Value Customers
13711,218,2,252.06,19.38923076923077,10.76923076923077,0.0,Low Value Customers
13712,246,1,228.84,22.884,35.2,0.0,Low Value Customers
13715,280,5,1077.39,10.359519230769232,5.403846153846154,0.0,Low Value Customers
13716,268,1,138.28,6.584761904761905,6.571428571428571,0.0,Low Value Customers
13717,31,6,1445.01,14.166764705882352,19.205882352941178,0.0,Champions
13718,245,2,306.55,25.54583333333333,14.416666666666666,0.0,Low Value Customers
13719,14,5,1041.68,17.361333333333334,10.15,0.0,Champions
13720,116,4,799.9,18.60232558139535,11.651162790697674,0.0,Low Value Customers
13721,35,1,524.14,18.719285714285714,11.285714285714286,0.0,Low Value Customers
13722,119,3,2375.41,27.946,16.48235294117647,0.0,Champions
13723,216,1,199.85,33.30833333333333,7.166666666666667,0.0,Low Value Customers
13725,49,8,1980.56,19.043846153846157,7.75,0.0,Champions
13726,38,2,1079.66,25.70619047619048,25.09523809523809,0.0,Sleeping Giants
13727,28,2,333.48,16.674,8.1,0.0,Low Value Customers
13728,36,6,1016.14,16.12920634920635,7.26984126984127,0.0,Champions
13730,135,2,752.6,17.50232558139535,11.348837209302326,0.0,Low Value Customers
13731,218,2,610.59,16.068157894736842,7.315789473684211,0.0,Low Value Customers
13732,27,1,491.86,14.904848484848486,15.090909090909092,0.0,Low Value Customers
13735,24,4,2883.54,14.787384615384616,5.7846153846153845,0.0,Champions
13736,4,2,729.8,3.8410526315789473,2.610526315789474,0.0,Champions
13737,199,1,339.6,11.32,4.166666666666667,0.0,Low Value Customers
13739,17,1,216.9,72.3,18.0,0.0,Sleeping Giants
13740,240,1,350.75,15.25,18.47826086956522,0.0,Low Value Customers
13741,71,3,668.43,19.659705882352934,6.411764705882353,0.0,Low Value Customers
13742,16,12,3107.87,9.92929712460064,3.562300319488818,0.0,Champions
13743,2,7,1341.6,32.72195121951219,43.31707317073171,0.0,Champions
13744,94,2,1080.52,17.15111111111111,18.3015873015873,0.0,Low Value Customers
13745,150,1,300.04,12.001600000000002,19.84,0.0,Low Value Customers
13747,373,1,79.6,79.6,8.0,0.0,Low Value Customers
13748,95,5,948.25,33.86607142857143,15.678571428571429,0.0,Champions
13750,53,5,1647.26,68.63583333333334,21.5,0.0,Sleeping Giants
13751,287,1,296.25,32.916666666666664,16.88888888888889,0.0,Low Value Customers
13752,123,6,1175.38,15.671733333333334,11.653333333333334,0.0,Champions
13753,287,1,741.26,21.178857142857144,14.628571428571428,0.0,Low Value Customers
13754,151,2,282.6,23.55,17.833333333333332,0.0,Low Value Customers
13755,3,9,2108.06,6.567165109034268,3.869158878504673,0.0,Champions
13756,1,14,5189.52,36.54591549295775,22.450704225352112,0.0,Champions
13758,11,7,3190.55,27.26965811965812,15.760683760683762,0.0,Champions
13759,32,2,659.41,26.3764,11.48,0.0,Low Value Customers
13760,53,2,286.79,5.03140350877193,3.456140350877193,0.0,Low Value Customers
13761,49,2,1070.65,15.295000000000002,9.17142857142857,0.0,Low Value Customers
13762,203,1,306.72,43.81714285714286,38.85714285714285,0.0,Sleeping Giants
13763,62,1,1714.96,114.33066666666669,48.53333333333333,0.0,Sleeping Giants
13764,70,3,1516.42,7.36126213592233,4.480582524271845,0.0,Low Value Customers
13767,1,37,17220.36,46.79445652173913,19.89673913043478,0.0,Champions
13769,1,10,2796.51,20.714888888888886,8.614814814814816,0.0,Champions
13771,63,4,2634.45,22.13823529411765,12.411764705882351,0.0,Champions
13772,33,3,1122.63,6.489190751445087,3.121387283236994,0.0,Low Value Customers
13774,81,1,345.0,15.681818181818182,8.727272727272727,0.0,Low Value Customers
13777,0,33,25977.16,131.86375634517768,65.46700507614213,0.0,Sleeping Giants
13778,102,1,178.7,19.855555555555554,7.777777777777778,0.0,Low Value Customers
13780,6,2,360.01,6.315964912280702,5.578947368421052,0.0,Low Value Customers
13781,250,1,127.84,7.52,1.7647058823529411,0.0,Low Value Customers
13782,12,6,908.86,8.043008849557522,3.265486725663717,0.0,Champions
13784,9,11,2462.79,79.44483870967741,80.41935483870968,0.0,Sleeping Giants
13786,366,1,230.4,32.91428571428572,19.428571428571427,0.0,Low Value Customers
13787,75,2,309.04,9.969032258064518,10.870967741935484,0.0,Low Value Customers
13790,3,1,348.8,7.751111111111111,16.622222222222224,0.0,Low Value Customers
13791,42,2,1516.0,137.8181818181818,109.0909090909091,0.0,Sleeping Giants
13792,65,2,195.55,15.042307692307691,7.076923076923077,0.0,Low Value Customers
13798,0,57,37153.85,106.4580229226361,68.6189111747851,0.0,Champions
13799,116,2,688.86,17.663076923076922,10.307692307692308,0.0,Low Value Customers
13800,309,1,558.3199999999999,16.918787878787878,10.030303030303031,0.0,Low Value Customers
13801,66,1,324.8,14.121739130434785,7.304347826086956,0.0,Low Value Customers
13802,137,3,4599.42,76.657,42.86666666666667,0.0,Sleeping Giants
13803,254,1,277.07,16.298235294117646,7.117647058823529,0.0,Low Value Customers
13804,30,7,2588.39,19.173259259259257,10.829629629629627,0.0,Champions
13805,51,2,924.6,71.12307692307692,146.15384615384616,0.0,Sleeping Giants
13806,63,1,256.38,25.638,5.6,0.0,Low Value Customers
13807,366,1,112.6,16.085714285714285,5.142857142857143,0.0,Low Value Customers
13808,5,5,1747.66,22.99552631578948,10.289473684210526,0.0,Champions
13809,304,1,155.05,12.920833333333334,2.4166666666666665,0.0,Low Value Customers
13810,28,2,827.51,25.8596875,9.59375,0.0,Low Value Customers
13811,183,2,519.75,51.975,6.3,0.0,Low Value Customers
13812,41,3,485.0,14.696969696969695,10.0,0.0,Low Value Customers
13813,39,4,1168.86,17.98246153846154,8.323076923076924,0.0,Champions
13814,55,2,1579.12,27.703859649122805,15.157894736842104,0.0,Low Value Customers
13815,21,4,3667.36,21.198612716763005,14.68208092485549,0.0,Champions
13816,23,2,499.67,19.218076923076925,10.192307692307692,0.0,Low Value Customers
13817,28,2,328.98,14.953636363636363,9.454545454545457,0.0,Low Value Customers
13819,301,3,1140.35,31.676388888888887,30.80555555555556,0.0,Sleeping Giants
13821,144,2,385.64,6.536271186440678,2.593220338983051,0.0,Low Value Customers
13822,5,2,632.0,6.583333333333333,6.364583333333333,0.0,Champions
13823,18,2,957.66,23.9415,10.975,0.0,Low Value Customers
13824,32,5,1698.94,36.93347826086956,16.695652173913043,0.0,Champions
13826,157,1,189.5,18.95,8.2,0.0,Low Value Customers
13827,57,3,409.8,4.4543478260869565,1.5,0.0,Low Value Customers
13828,21,1,209.49,13.966,20.73333333333333,0.0,Low Value Customers
13831,15,6,2198.45,30.534027777777776,10.319444444444445,0.0,Champions
13832,17,1,52.2,17.400000000000002,9.333333333333334,0.0,Low Value Customers
13833,158,1,383.85,13.708928571428572,4.178571428571429,0.0,Low Value Customers
13835,24,4,834.57,15.174,8.036363636363637,0.0,Champions
13837,211,2,266.59,14.810555555555554,10.11111111111111,0.0,Low Value Customers
13838,5,4,674.82,4.089818181818182,1.539393939393939,0.0,Champions
13841,252,1,85.0,85.0,100.0,0.0,Sleeping Giants
13842,58,9,3385.62,16.43504854368932,8.58252427184466,0.0,Champions
13844,10,1,361.62,18.081,9.8,0.0,Low Value Customers
13845,64,1,312.98,34.77555555555556,20.22222222222222,0.0,Low Value Customers
13846,24,3,865.06,15.728363636363635,7.054545454545455,0.0,Champions
13848,91,3,1255.0,251.0,740.0,0.0,Sleeping Giants
13849,51,2,1537.95,15.22722772277228,10.05940594059406,0.0,Low Value Customers
13850,87,1,1595.48,17.155698924731183,10.150537634408602,0.0,Low Value Customers
13851,95,3,2651.46,32.73407407407407,21.049382716049383,0.0,Sleeping Giants
13853,8,1,1090.14,47.39739130434782,13.565217391304348,0.0,Sleeping Giants
13854,8,25,8109.519999999999,73.72290909090908,20.87272727272727,0.0,Champions
13856,168,3,388.5,27.75,35.285714285714285,0.0,Sleeping Giants
13858,56,1,216.17,19.651818181818182,6.818181818181818,0.0,Low Value Customers
13859,325,1,201.16,7.184285714285714,4.607142857142857,0.0,Low Value Customers
13860,0,5,1245.9,16.39342105263158,7.776315789473684,0.0,Champions
13862,17,8,2209.36,15.894676258992806,12.143884892086332,0.0,Champions
13863,244,1,305.78,15.288999999999998,11.2,0.0,Low Value Customers
13865,57,4,501.56,16.718666666666667,6.8,0.0,Low Value Customers
13866,73,1,145.67,20.81,8.142857142857142,0.0,Low Value Customers
13867,30,3,1005.09,16.7515,8.35,0.0,Champions
13868,6,2,3192.54,96.74363636363636,59.51515151515152,0.0,Sleeping Giants
13869,122,4,3083.65,10.143585526315787,5.621710526315789,0.0,Champions
13870,1,8,2770.94,24.095130434782607,11.521739130434783,0.0,Champions
13871,22,13,6403.25,19.057291666666668,8.351190476190476,0.0,Champions
13873,119,3,389.6,16.93913043478261,6.086956521739131,0.0,Low Value Customers
13874,357,1,540.45,30.025,10.0,0.0,Low Value Customers
13875,53,5,1786.79,17.180673076923078,12.653846153846152,0.0,Champions
13876,63,1,122.7,17.52857142857143,5.142857142857143,0.0,Low Value Customers
13877,85,1,117.24,39.08,36.0,0.0,Low Value Customers
13878,54,1,1271.57,36.33057142857143,13.228571428571428,0.0,Low Value Customers
13880,20,13,3219.77,19.513757575757577,11.163636363636364,0.0,Champions
13881,3,20,17159.52,96.401797752809,56.842696629213485,0.0,Sleeping Giants
13882,2,5,1191.13,18.325076923076924,14.66153846153846,0.0,Champions
13883,0,5,2674.48,18.834366197183098,10.112676056338028,0.0,Champions
13884,6,5,787.6,13.34915254237288,5.084745762711864,0.0,Champions
13885,188,2,506.8,18.1,6.5,0.0,Low Value Customers
13886,70,1,243.56,15.2225,7.875,0.0,Low Value Customers
13887,203,1,349.55,18.397368421052636,7.736842105263157,0.0,Low Value Customers
13888,119,2,595.67,15.273589743589742,6.512820512820513,0.0,Low Value Customers
13889,92,1,416.9,27.793333333333333,9.733333333333333,0.0,Low Value Customers
13890,0,10,1883.81,17.125545454545453,7.554545454545455,0.0,Champions
13892,26,4,632.97,23.44333333333333,36.407407407407405,0.0,Sleeping Giants
13893,297,1,821.1,39.1,9.047619047619047,0.0,Low Value Customers
13894,21,3,564.62,20.911851851851853,13.11111111111111,0.0,Low Value Customers
13895,20,4,2593.07,21.975169491525424,11.567796610169491,0.0,Champions
13897,49,1,311.16,18.303529411764707,11.764705882352942,0.0,Low Value Customers
13898,325,1,155.93,12.994166666666668,11.083333333333334,0.0,Low Value Customers
13899,15,2,388.52,20.448421052631577,8.210526315789474,0.0,Low Value Customers
13900,182,3,740.95,17.23139534883721,10.0,0.0,Low Value Customers
13901,71,5,2867.2,19.242953020134227,11.671140939597317,0.0,Champions
13904,36,2,332.64,12.793846153846154,12.76923076923077,0.0,Low Value Customers
13908,79,4,2319.55,19.169834710743803,12.206611570247937,0.0,Champions
13911,56,9,2580.91,17.43858108108108,18.4527027027027,0.0,Champions
13914,3,2,626.45,18.98333333333333,11.515151515151516,0.0,Champions
13917,49,2,272.04,15.113333333333337,12.666666666666666,0.0,Low Value Customers
13918,49,2,1212.84,40.428,38.0,0.0,Sleeping Giants
13919,52,2,348.81,13.41576923076923,18.153846153846157,0.0,Low Value Customers
13922,351,1,172.25,24.607142857142858,13.285714285714286,0.0,Low Value Customers
13923,53,1,351.13,17.5565,9.25,0.0,Low Value Customers
13924,1,6,1838.85,15.716666666666663,13.461538461538462,0.0,Champions
13925,35,4,678.25,16.54268292682927,8.073170731707316,0.0,Champions
13926,22,1,223.85,20.35,9.454545454545457,0.0,Low Value Customers
13927,74,1,348.99,16.61857142857143,10.19047619047619,0.0,Low Value Customers
13928,10,4,464.57,17.206296296296298,4.777777777777778,0.0,Champions
13929,168,2,842.65,93.62777777777778,15.88888888888889,0.0,Sleeping Giants
13930,57,2,337.34,19.843529411764703,16.11764705882353,0.0,Low Value Customers
13931,85,2,1237.53,21.33672413793104,12.5,0.0,Low Value Customers
13932,294,1,307.4,19.2125,4.5,0.0,Low Value Customers
13933,108,2,608.79,26.46913043478261,8.91304347826087,0.0,Low Value Customers
13934,263,1,922.1,29.74516129032258,12.580645161290322,0.0,Low Value Customers
13936,170,1,376.58,14.483846153846152,12.692307692307692,0.0,Low Value Customers
13937,168,1,158.85,17.65,13.666666666666666,0.0,Low Value Customers
13938,34,1,71.66,10.237142857142857,10.0,0.0,Low Value Customers
13939,22,3,568.55,12.634444444444444,18.822222222222223,0.0,Low Value Customers
13940,16,4,839.14,17.12530612244898,10.53061224489796,0.0,Champions
13941,21,5,5112.96,113.62133333333334,52.53333333333333,0.0,Sleeping Giants
13946,78,3,561.57,51.05181818181818,40.27272727272727,0.0,Sleeping Giants
13947,64,1,90.6,18.12,8.8,0.0,Low Value Customers
13948,360,1,102.0,34.0,13.333333333333334,0.0,Low Value Customers
13949,2,6,2427.32,15.170749999999998,15.4625,0.0,Champions
13950,10,4,745.06,21.28742857142857,9.228571428571428,0.0,Champions
13951,175,3,674.45,17.293589743589745,11.76923076923077,0.0,Low Value Customers
13952,210,2,3251.07,23.90492647058824,10.514705882352942,0.0,Low Value Customers
13953,6,7,3515.68,175.784,136.2,0.0,Sleeping Giants
13954,1,2,439.92,17.5968,6.0,0.0,Champions
13955,153,2,322.96,9.786666666666664,4.666666666666667,0.0,Low Value Customers
13956,4,5,1019.27,6.933809523809524,3.306122448979592,0.0,Champions
13959,78,3,594.04,6.600444444444444,3.9444444444444446,0.0,Low Value Customers
13960,20,2,230.22,19.185,11.833333333333334,0.0,Low Value Customers
13962,21,2,169.54999999999998,15.413636363636362,7.909090909090909,0.0,Low Value Customers
13963,307,4,664.54,18.986857142857144,13.142857142857142,0.0,Low Value Customers
13967,145,1,80.7,40.35,21.0,0.0,Low Value Customers
13969,6,18,9024.17,14.578626817447496,7.315024232633279,0.0,Champions
13971,8,8,2758.26,18.51181208053691,12.375838926174495,0.0,Champions
13972,70,2,190.25,12.683333333333334,12.466666666666669,0.0,Low Value Customers
13973,286,1,264.7,24.063636363636363,9.909090909090908,0.0,Low Value Customers
13974,48,1,413.59,14.771071428571428,8.892857142857142,0.0,Low Value Customers
13975,30,6,2461.24,7.480972644376899,5.1580547112462005,0.0,Champions
13976,206,1,357.98,35.798,15.4,0.0,Low Value Customers
13978,14,2,196.79,13.119333333333334,21.0,0.0,Low Value Customers
13979,72,1,869.87,16.108703703703704,11.833333333333334,0.0,Low Value Customers
13980,59,1,200.14,18.19454545454545,15.636363636363637,0.0,Low Value Customers
13982,38,4,1871.81,16.863153153153153,10.234234234234236,0.0,Champions
13983,29,12,2603.43,24.3311214953271,11.05607476635514,0.0,Champions
13984,26,5,920.51,57.531875,42.4375,0.0,Sleeping Giants
13985,3,15,7060.13,20.2295988538682,9.87106017191977,0.0,Champions
13986,16,1,320.46,24.650769230769228,33.07692307692308,0.0,Low Value Customers
13988,19,6,4147.96,17.726324786324785,13.008547008547009,0.0,Champions
13989,65,2,1266.08,30.88,32.02439024390244,0.0,Sleeping Giants
13990,212,1,311.3,19.45625,11.875,0.0,Low Value Customers
13991,11,6,851.88,10.517037037037037,12.271604938271604,0.0,Champions
13992,29,1,76.8,15.36,12.8,0.0,Low Value Customers
13993,31,9,3466.36,28.647603305785125,7.43801652892562,0.0,Champions
13994,3,6,2274.14,15.36581081081081,6.297297297297297,0.0,Champions
13995,14,5,1393.69,16.205697674418605,10.22093023255814,0.0,Champions
13999,9,12,3901.81,18.758701923076924,10.783653846153848,0.0,Champions
14000,205,1,635.66,42.37733333333333,47.333333333333336,0.0,Sleeping Giants
14001,45,3,2043.08,52.38666666666666,24.666666666666668,0.0,Sleeping Giants
14002,133,2,529.73,11.270851063829788,18.659574468085108,0.0,Low Value Customers
14004,42,7,4582.64,26.799064327485382,15.602339181286547,0.0,Champions
14005,9,5,2874.72,34.22285714285714,29.5,0.0,Champions
14006,115,3,962.19,32.073,21.366666666666667,0.0,Sleeping Giants
14009,197,2,695.61,16.562142857142856,8.69047619047619,0.0,Low Value Customers
14012,277,1,328.8,29.89090909090909,14.545454545454543,0.0,Low Value Customers
14013,109,3,473.02,13.91235294117647,13.588235294117649,0.0,Low Value Customers
14014,76,1,505.18,12.953333333333331,27.58974358974359,0.0,Low Value Customers
14015,52,1,917.34,45.867,18.9,0.0,Sleeping Giants
14016,153,4,4291.21,26.8200625,13.275,0.0,Champions
14019,46,3,1421.61,21.53954545454545,15.712121212121213,0.0,Champions
14020,16,2,642.8,16.48205128205128,11.307692307692308,0.0,Low Value Customers
14021,154,3,631.9,28.722727272727276,8.727272727272727,0.0,Low Value Customers
14022,224,1,440.0,15.714285714285714,17.392857142857142,0.0,Low Value Customers
14023,6,2,584.0699999999999,18.840967741935483,11.129032258064516,0.0,Champions
14024,121,2,327.7,20.48125,9.375,0.0,Low Value Customers
14027,60,1,104.82,17.47,10.333333333333334,0.0,Low Value Customers
14029,62,2,467.66,31.177333333333333,13.2,0.0,Low Value Customers
14030,17,8,2358.84,9.747272727272728,6.107438016528926,0.0,Champions
14031,6,20,17286.86,68.87195219123507,23.05577689243028,0.0039840637450199,Champions
14032,1,11,2975.59,20.80832167832168,14.20979020979021,0.0,Champions
14034,21,3,648.89,7.545232558139535,4.883720930232558,0.0,Low Value Customers
14035,28,5,1428.02,21.636666666666667,11.196969696969695,0.0,Champions
14036,284,1,626.65,16.49078947368421,7.052631578947368,0.0,Low Value Customers
14037,175,2,147.2,5.257142857142857,1.6428571428571428,0.0,Low Value Customers
14038,77,3,1560.38,16.960652173913044,10.48913043478261,0.0,Low Value Customers
14039,32,1,152.2,25.366666666666664,15.333333333333334,0.0,Low Value Customers
14040,40,12,3560.32,15.547248908296943,6.74235807860262,0.0,Champions
14041,265,1,141.41,6.733809523809524,4.476190476190476,0.0,Low Value Customers
14044,26,4,646.42,3.1379611650485435,1.4757281553398058,0.0,Low Value Customers
14045,108,4,1659.75,276.625,89.16666666666667,0.0,Sleeping Giants
14046,283,1,151.59,11.660769230769231,34.07692307692308,0.0,Low Value Customers
14047,8,5,1308.61,40.8940625,11.90625,0.0,Champions
14048,276,1,409.93,4.822705882352941,3.388235294117647,0.0,Low Value Customers
14049,16,4,5578.72,11.670962343096235,7.96652719665272,0.0,Champions
14050,31,2,746.36,13.821481481481484,12.75925925925926,0.0,Low Value Customers
14051,0,23,15610.39,74.33519047619048,17.885714285714286,0.0,Champions
14052,19,1,225.36,4.024285714285715,1.5892857142857142,0.0,Low Value Customers
14053,123,2,260.25,65.0625,53.75,0.0,Sleeping Giants
14054,64,1,92.46,15.410000000000002,10.333333333333334,0.0,Low Value Customers
14055,105,1,725.64,72.564,21.6,0.0,Sleeping Giants
14056,0,23,8152.71,7.493299632352941,3.9080882352941178,0.0,Champions
14057,23,17,6211.66,21.949328621908126,17.219081272084807,0.0,Champions
14059,266,1,183.6,22.95,16.0,0.0,Low Value Customers
14060,4,19,6140.42,30.39811881188119,26.663366336633665,0.0,Champions
14062,9,12,10464.85,94.27792792792792,50.387387387387385,0.0,Sleeping Giants
14064,28,5,1334.34,17.329090909090908,23.01298701298701,0.0,Champions
14066,266,1,152.55,21.792857142857144,6.428571428571429,0.0,Low Value Customers
14067,63,2,374.7,7.2057692307692305,6.9423076923076925,0.0,Low Value Customers
14068,319,1,265.85,11.077083333333334,3.0416666666666665,0.0,Low Value Customers
14071,3,8,1422.75,4.432242990654205,2.9781931464174454,0.0,Champions
14073,20,1,151.04,11.618461538461538,10.0,0.0,Low Value Customers
14075,4,3,942.26,21.913023255813957,17.53488372093023,0.0,Champions
14076,128,1,118.67,2.6970454545454547,1.7954545454545454,0.0,Low Value Customers
14077,40,5,499.42,11.89095238095238,6.380952380952381,0.0,Low Value Customers
14078,101,6,1049.37,16.14415384615385,4.769230769230769,0.0,Champions
14079,124,1,375.1,31.258333333333336,25.08333333333333,0.0,Low Value Customers
14080,32,1,45.6,11.4,12.0,0.0,Low Value Customers
14081,266,2,921.62,6.144133333333333,3.9466666666666663,0.0,Low Value Customers
14082,364,1,182.25,6.2844827586206895,3.793103448275862,0.0,Low Value Customers
14083,3,9,1002.9,5.666101694915255,3.983050847457627,0.0,Champions
14085,1,18,4421.29,9.868950892857145,7.091517857142857,0.0,Champions
14087,2,1,191.47,2.8157352941176472,3.676470588235294,0.0,Low Value Customers
14088,9,13,50491.81,85.7246349745331,21.502546689303905,0.0,Champions
14089,56,1,158.75,12.211538461538462,10.23076923076923,0.0,Low Value Customers
14090,324,1,76.32,76.32,72.0,0.0,Sleeping Giants
14092,7,14,4076.91,19.050981308411213,9.654205607476635,0.0,Champions
14093,11,1,433.86,4.3386000000000005,3.91,0.0,Low Value Customers
14096,3,17,53258.43,10.453077526987242,3.206280667320903,0.0,Champions
14098,36,1,147.35,7.016666666666667,4.9523809523809526,0.0,Low Value Customers
14099,15,11,3104.17,12.41668,8.716,0.0,Champions
14100,137,1,191.95,7.678,2.52,0.0,Low Value Customers
14101,73,6,5976.79,170.76542857142857,198.3428571428572,0.0,Sleeping Giants
14102,4,5,1105.88,19.06689655172413,13.258620689655173,0.0,Champions
14104,154,2,216.21,10.295714285714286,3.4285714285714284,0.0,Low Value Customers
14105,84,1,1266.23,17.111216216216217,10.81081081081081,0.0,Low Value Customers
14107,51,7,2703.23,21.977479674796747,14.577235772357724,0.0,Champions
14108,30,2,597.91,17.585588235294118,11.205882352941176,0.0,Low Value Customers
14109,22,1,144.2,16.022222222222222,9.77777777777778,0.0,Low Value Customers
14110,3,12,5683.15,36.66548387096774,15.774193548387096,0.0,Champions
14111,13,4,692.85,69.285,45.8,0.0,Sleeping Giants
14112,22,7,2915.15,18.2196875,10.31875,0.0,Champions
14113,3,4,1840.42,54.13,21.91176470588235,0.0,Champions
14114,273,2,386.53,25.768666666666665,6.733333333333333,0.0,Low Value Customers
14116,19,5,1382.74,19.204722222222223,9.819444444444445,0.0,Champions
14117,143,1,90.0,30.0,24.0,0.0,Low Value Customers
14121,3,4,2780.15,17.485220125786164,13.09433962264151,0.0,Champions
14124,83,1,419.58,83.916,323.6,0.0,Sleeping Giants
14125,10,3,2720.63,16.38933734939759,9.80722891566265,0.0,Champions
14126,7,3,706.13,47.07533333333333,33.86666666666667,0.0,Sleeping Giants
14127,122,3,709.71,16.129772727272726,7.295454545454546,0.0,Low Value Customers
14128,60,2,637.5,13.858695652173912,12.26086956521739,0.0,Low Value Customers
14129,1,5,1123.86,21.612692307692303,11.384615384615383,0.0,Champions
14130,318,1,480.91,7.286515151515151,3.893939393939394,0.0,Low Value Customers
14132,1,11,3586.03,17.930149999999998,16.84,0.0,Champions
14133,129,3,605.64,21.63,12.428571428571429,0.0,Low Value Customers
14135,1,15,4690.31,35.00231343283583,28.73134328358209,0.0,Champions
14138,1,2,965.88,20.997391304347826,13.043478260869565,0.0,Champions
14139,45,1,415.82,15.993076923076924,19.615384615384617,0.0,Low Value Customers
14140,3,2,935.05,14.16742424242424,12.287878787878787,0.0,Champions
14141,2,4,915.13,22.87825,8.875,0.0,Champions
14142,372,1,311.81,14.17318181818182,14.227272727272728,0.0,Low Value Customers
14143,133,1,115.8,16.54285714285714,4.285714285714286,0.0,Low Value Customers
14145,46,4,3742.2,340.2,68.72727272727273,0.0,Sleeping Giants
14146,8,5,4191.0,19.957142857142856,11.604761904761904,0.0,Champions
14147,48,2,483.4,96.68,21.6,0.0,Sleeping Giants
14148,233,1,157.2,52.4,5.333333333333333,0.0,Low Value Customers
14149,212,1,446.62,15.950714285714286,7.785714285714286,0.0,Low Value Customers
14150,35,2,658.64,25.33230769230769,19.07692307692308,0.0,Low Value Customers
14152,74,2,621.29,12.67938775510204,14.510204081632653,0.0,Low Value Customers
14154,238,2,1345.62,25.87730769230769,8.942307692307692,0.0,Low Value Customers
14155,265,1,118.75,19.791666666666668,4.166666666666667,0.0,Low Value Customers
14156,9,54,116560.08,84.34159189580319,41.79088277858177,0.0,Champions
14157,19,2,424.89,9.236739130434785,5.891304347826087,0.0,Low Value Customers
14158,39,1,507.66,12.381951219512194,19.04878048780488,0.0,Low Value Customers
14159,19,11,4627.98,3.94206132879046,3.701022146507666,0.0,Champions
14161,215,3,1097.62,10.55403846153846,4.326923076923077,0.0,Low Value Customers
14162,173,2,289.36,11.5744,5.68,0.0,Low Value Customers
14163,86,4,2445.91,47.036730769230765,17.173076923076923,0.0,Sleeping Giants
14164,70,2,1631.77,56.26793103448276,35.62068965517241,0.0,Sleeping Giants
14165,275,1,120.44,5.0183333333333335,2.208333333333333,0.0,Low Value Customers
14167,38,4,562.59,11.2518,2.94,0.0,Low Value Customers
14171,97,1,363.79,6.272241379310345,2.8793103448275863,0.0,Low Value Customers
14173,10,4,450.84,15.546206896551723,5.172413793103448,0.0,Champions
14174,32,1,134.46,5.171538461538462,3.615384615384616,0.0,Low Value Customers
14175,50,3,3222.3,21.626174496644296,10.167785234899329,0.0,Champions
14176,296,4,576.9,18.60967741935484,6.741935483870968,0.0,Low Value Customers
14177,84,4,549.46,13.401463414634147,4.975609756097561,0.0,Low Value Customers
14178,8,7,1580.26,5.000822784810127,4.7215189873417724,0.0,Champions
14179,40,2,701.57,4.46859872611465,2.031847133757962,0.0,Low Value Customers
14180,10,25,4748.52,19.7855,2.995833333333333,0.0,Champions
14184,66,1,452.89,18.870416666666667,5.291666666666667,0.0,Low Value Customers
14185,330,1,197.65,65.88333333333334,2.0,0.0,Low Value Customers
14188,8,6,2054.36,31.605538461538465,17.876923076923077,0.0,Champions
14189,1,15,4654.08,17.56256603773585,14.856603773584906,0.0,Champions
14191,1,13,4684.76,18.08787644787645,14.13899613899614,0.0,Champions
14193,67,2,853.39,20.318809523809524,10.595238095238097,0.0,Low Value Customers
14194,4,21,11349.52,19.601934369602763,10.08635578583765,0.0,Champions
14195,201,2,1012.0,144.57142857142858,108.57142857142856,0.0,Sleeping Giants
14196,106,1,335.52,55.92,23.666666666666668,0.0,Sleeping Giants
14198,3,4,701.4,17.984615384615385,7.435897435897436,0.0,Champions
14199,217,1,185.4,92.7,14.0,0.0,Low Value Customers
14201,59,7,747.4399999999999,20.20108108108108,15.945945945945946,0.0,Champions
14204,1,1,150.61,3.861794871794872,1.8461538461538465,0.0,Low Value Customers
14205,10,2,466.7,19.445833333333333,8.5,0.0,Low Value Customers
14206,238,1,328.16,16.407999999999998,13.8,0.0,Low Value Customers
14208,94,1,151.74,15.174,11.4,0.0,Low Value Customers
14209,10,6,2073.43,23.83252873563218,7.942528735632184,0.0,Champions
14210,90,6,1905.84,18.68470588235294,7.450980392156863,0.0,Champions
14211,52,9,2241.1,20.009821428571428,11.089285714285714,0.0,Champions
14212,89,1,1070.48,118.94222222222224,128.0,0.0,Sleeping Giants
14214,30,5,1004.38,14.990746268656716,11.208955223880595,0.0,Champions
14215,11,6,1789.72,16.57148148148148,12.574074074074074,0.0,Champions
14216,2,4,1839.3,31.17457627118644,10.067796610169491,0.0,Champions
14217,1,17,2004.98,20.0498,6.89,0.0,Champions
14218,42,1,169.48,14.123333333333331,13.333333333333334,0.0,Low Value Customers
14219,3,1,89.94,12.848571428571429,11.142857142857142,0.0,Low Value Customers
14220,246,2,632.4,30.114285714285717,12.952380952380953,0.0,Low Value Customers
14221,41,9,3432.8,17.78652849740933,11.352331606217616,0.0,Champions
14222,176,1,683.17,16.662682926829266,14.804878048780488,0.0,Low Value Customers
14223,91,3,991.13,16.518833333333333,9.75,0.0,Low Value Customers
14224,109,4,1009.73,8.93566371681416,4.274336283185841,0.0,Low Value Customers
14226,28,5,2214.79,33.55742424242424,19.63636363636364,0.0,Champions
14227,25,10,3350.96,19.148342857142858,10.4,0.0,Champions
14229,51,3,1547.2,38.68,15.25,0.0,Champions
14231,178,3,925.71,18.5142,8.18,0.0,Low Value Customers
14232,31,5,2048.07,17.80930434782609,16.878260869565217,0.0,Champions
14233,43,4,1462.72,41.792,19.428571428571427,0.0,Sleeping Giants
14234,21,4,754.12,5.130068027210885,6.469387755102041,0.0,Champions
14235,9,5,3144.86,39.80835443037975,24.79746835443038,0.0,Champions
14236,80,2,490.86,32.724000000000004,20.666666666666668,0.0,Low Value Customers
14237,372,1,161.0,17.88888888888889,4.222222222222222,0.0,Low Value Customers
14238,325,1,146.85,18.35625,13.875,0.0,Low Value Customers
14239,42,11,2380.85,21.257589285714285,8.866071428571429,0.0,Champions
14240,29,2,890.34,21.19857142857143,9.952380952380953,0.0,Low Value Customers
14241,183,1,213.7,21.37,14.6,0.0,Low Value Customers
14242,234,2,280.55,17.534375,7.6875,0.0,Low Value Customers
14243,8,10,2588.77,18.360070921985816,8.659574468085106,0.0,Champions
14245,175,2,1693.45,15.680092592592594,9.037037037037036,0.0,Low Value Customers
14246,110,3,1474.06,19.65413333333333,10.72,0.0,Low Value Customers
14247,277,1,136.77,6.838500000000001,2.35,0.0,Low Value Customers
14248,317,1,302.58,37.8225,12.75,0.0,Low Value Customers
14250,6,3,1904.05,17.153603603603603,10.81081081081081,0.0,Champions
14251,1,5,2879.7,36.919230769230765,21.46153846153846,0.0,Champions
14256,253,2,969.06,18.284150943396224,7.811320754716981,0.0,Low Value Customers
14257,50,5,3099.72,29.24264150943396,15.867924528301886,0.0,Champions
14258,8,9,12669.98,114.14396396396396,63.96396396396396,0.0,Sleeping Giants
14259,141,1,120.0,24.0,13.6,0.0,Low Value Customers
14261,50,2,1163.45,22.37403846153846,7.8076923076923075,0.0,Low Value Customers
14262,7,8,2618.23,18.3093006993007,11.503496503496503,0.0,Champions
14264,154,2,333.97,19.64529411764706,4.117647058823529,0.0,Low Value Customers
14265,108,2,530.18,17.10258064516129,10.64516129032258,0.0,Low Value Customers
14267,150,3,1516.24,27.568,9.636363636363637,0.0,Low Value Customers
14270,331,1,492.65,16.98793103448276,6.793103448275862,0.0,Low Value Customers
14271,225,1,112.32,11.232,8.8,0.0,Low Value Customers
14272,73,2,437.96,13.271515151515151,18.151515151515152,0.0,Low Value Customers
14273,50,4,559.97,19.309310344827587,9.10344827586207,0.0,Low Value Customers
14276,87,3,1119.74,17.4959375,11.625,0.0,Low Value Customers
14277,14,3,4152.0,18.78733031674208,8.93212669683258,0.0,Champions
14280,196,1,134.04,16.755,6.5,0.0,Low Value Customers
14282,2,15,3701.44,24.03532467532468,17.246753246753247,0.0,Champions
14284,30,2,595.25,18.6015625,5.03125,0.0,Low Value Customers
14285,20,4,1910.01,70.74111111111111,20.03703703703704,0.0,Sleeping Giants
14286,23,3,4628.75,16.53125,15.492857142857142,0.0,Champions
14287,7,3,176.63,19.625555555555557,29.0,0.0,Low Value Customers
14288,211,1,426.6,26.6625,11.75,0.0,Low Value Customers
14289,8,6,911.26,19.388510638297877,6.212765957446808,0.0,Champions
14290,10,5,2314.65,22.917326732673267,9.05940594059406,0.0,Champions
14291,1,11,3883.25,16.385021097046412,11.59915611814346,0.0,Champions
14292,7,9,4871.93,48.7193,16.63,0.0,Champions
14293,2,4,1046.56,17.15672131147541,11.62295081967213,0.0,Champions
14295,39,1,166.2,33.239999999999995,16.8,0.0,Low Value Customers
14297,17,4,1305.33,21.053709677419352,13.951612903225806,0.0,Champions
14298,2,44,51527.3,31.476664630421503,35.640195479535734,0.0,Champions
14299,7,9,3965.62,27.73160839160839,15.027972027972028,0.0,Champions
14300,18,1,43.2,14.4,10.666666666666666,0.0,Low Value Customers
14301,107,1,640.14,49.24153846153846,46.61538461538461,0.0,Sleeping Giants
14304,222,1,383.45,22.555882352941172,8.176470588235293,0.0,Low Value Customers
14305,70,3,1858.96,17.70438095238095,10.371428571428572,0.0,Champions
14306,50,2,2093.32,63.4339393939394,32.57575757575758,0.0,Sleeping Giants
14307,88,6,2995.72,16.642888888888887,11.433333333333334,0.0,Champions
14309,7,9,2352.53,20.10709401709402,13.957264957264956,0.0,Champions
14311,224,1,310.26,15.513,7.3,0.0,Low Value Customers
14312,46,6,1611.59,18.524022988505745,11.632183908045976,0.0,Champions
14314,106,1,120.0,15.0,37.0,0.0,Low Value Customers
14315,20,6,2481.13,24.565643564356435,10.108910891089108,0.0,Champions
14317,64,1,508.58,21.19083333333333,10.625,0.0,Low Value Customers
14320,206,2,477.79,15.41258064516129,10.483870967741936,0.0,Low Value Customers
14321,10,5,1530.75,12.445121951219512,19.5609756097561,0.0,Champions
14323,114,2,605.06,16.807222222222222,9.72222222222222,0.0,Low Value Customers
14326,234,1,183.85,22.98125,12.875,0.0,Low Value Customers
14327,162,1,311.65,25.97083333333333,11.583333333333334,0.0,Low Value Customers
14329,8,7,4975.24,19.28387596899225,11.965116279069768,0.0,Champions
14331,123,2,462.66,16.523571428571426,9.0,0.0,Low Value Customers
14332,22,3,840.21,33.6084,18.52,0.0,Champions
14333,63,1,415.2,27.68,3.8666666666666663,0.0,Low Value Customers
14334,16,8,2552.21,15.754382716049385,10.685185185185183,0.0,Champions
14335,15,2,454.86,7.581,6.25,0.0,Low Value Customers
14336,16,4,1614.91,17.943444444444445,19.544444444444444,0.0,Champions
14338,157,2,588.22,18.97483870967742,10.806451612903226,0.0,Low Value Customers
14339,234,1,309.52,22.108571428571427,12.0,0.0,Low Value Customers
14340,218,1,134.7,22.45,9.666666666666666,0.0,Low Value Customers
14341,44,8,2166.98,16.92953125,10.9140625,0.0,Champions
14342,20,4,668.56,31.836190476190477,16.523809523809526,0.0,Champions
14344,126,8,889.9300000000001,12.534225352112676,6.71830985915493,0.0,Champions
14345,38,1,108.98,18.16333333333333,8.333333333333334,0.0,Low Value Customers
14346,120,2,1021.58,17.026333333333334,10.083333333333334,0.0,Low Value Customers
14348,259,1,409.57,22.753888888888888,10.166666666666666,0.0,Low Value Customers
14349,9,1,133.5,4.306451612903226,2.774193548387097,0.0,Low Value Customers
14350,270,1,282.93,15.718333333333334,10.166666666666666,0.0,Low Value Customers
14351,164,1,51.0,51.0,12.0,0.0,Low Value Customers
14352,156,4,1078.96,22.95659574468085,11.4468085106383,0.0,Low Value Customers
14353,214,1,90.6,15.1,10.666666666666666,0.0,Low Value Customers
14354,5,2,163.62,18.18,23.33333333333333,0.0,Low Value Customers
14355,365,1,174.4,15.854545454545455,8.363636363636363,0.0,Low Value Customers
14356,59,2,701.23,21.24939393939394,8.393939393939394,0.0,Low Value Customers
14357,42,1,225.12,5.628,3.675,0.0,Low Value Customers
14359,18,3,912.18,16.58509090909091,6.745454545454545,0.0,Champions
14360,31,4,2118.03,18.102820512820514,9.735042735042734,0.0,Champions
14362,21,1,151.5,4.094594594594595,2.5945945945945947,0.0,Low Value Customers
14364,108,8,3717.35,53.87463768115942,28.507246376811597,0.0,Sleeping Giants
14367,7,16,9227.82,17.711746641074857,8.495201535508638,0.0,Champions
14368,319,1,155.0,19.375,4.5,0.0,Low Value Customers
14371,294,1,100.5,25.125,8.5,0.0,Low Value Customers
14373,357,1,76.55,19.1375,4.25,0.0,Low Value Customers
14375,184,1,235.56,3.5690909090909093,2.787878787878788,0.0,Low Value Customers
14377,190,2,617.05,56.095454545454544,19.90909090909091,0.0,Sleeping Giants
14379,43,2,348.1,7.567391304347827,6.3478260869565215,0.0,Low Value Customers
14381,51,1,202.68,3.619285714285714,2.607142857142857,0.0,Low Value Customers
14382,25,1,615.49,4.88484126984127,9.76984126984127,0.0,Low Value Customers
14383,37,3,1247.69,21.14728813559322,13.847457627118644,0.0,Champions
14385,8,3,202.11,14.43642857142857,11.357142857142858,0.0,Low Value Customers
14386,296,1,142.4,20.342857142857145,7.714285714285714,0.0,Low Value Customers
14387,32,3,1727.6,12.428776978417266,5.719424460431655,0.0,Champions
14388,8,8,3212.84,17.273333333333333,10.435483870967742,0.0,Champions
14389,8,2,1043.46,23.188,16.2,0.0,Champions
14390,9,9,4642.57,16.347077464788732,7.51056338028169,0.0,Champions
14393,217,1,67.95,13.59,2.6,0.0,Low Value Customers
14395,1,9,3479.91,9.999741379310343,4.853448275862069,0.0,Champions
14396,64,2,487.99,6.684794520547945,3.0821917808219177,0.0,Low Value Customers
14397,0,19,2612.96,30.034022988505747,21.724137931034484,0.0,Champions
14400,140,1,574.7,22.988000000000003,18.16,0.0,Low Value Customers
14401,3,13,4051.48,22.26087912087912,24.763736263736263,0.0,Champions
14403,129,4,1475.81,73.7905,25.95,0.0,Sleeping Giants
14404,33,6,1449.32,14.4932,8.27,0.0,Champions
14406,118,1,156.75,19.59375,9.625,0.0,Low Value Customers
14407,106,5,2142.73,29.76013888888889,19.63888888888889,0.0,Champions
14408,10,7,2599.03,24.519150943396227,15.18867924528302,0.0,Champions
14409,70,6,2059.45,38.13796296296296,22.77777777777778,0.0,Sleeping Giants
14410,15,9,1099.27,5.84718085106383,3.00531914893617,0.0,Champions
14411,310,1,1063.0,75.92857142857143,14.0,0.0,Sleeping Giants
14412,34,2,770.03,17.90767441860465,18.27906976744186,0.0,Low Value Customers
14413,361,1,121.05,5.502272727272727,3.0454545454545454,0.0,Low Value Customers
14414,91,7,1496.98,15.43278350515464,25.89690721649485,0.0,Champions
14415,0,13,5855.57,10.113246977547496,5.174438687392056,0.0,Champions
14416,21,2,490.22,35.01571428571429,23.285714285714285,0.0,Sleeping Giants
14418,3,3,1937.25,15.622983870967742,13.798387096774194,0.0,Champions
14419,10,6,1051.79,5.206881188118811,2.391089108910891,0.0,Champions
14420,84,1,387.52,13.362758620689654,11.517241379310343,0.0,Low Value Customers
14421,56,2,813.11,30.115185185185187,13.51851851851852,0.0,Low Value Customers
14422,0,6,4263.64,19.205585585585588,13.09009009009009,0.0,Champions
14423,217,1,265.2,88.39999999999999,40.0,0.0,Sleeping Giants
14424,17,1,322.08,322.08,48.0,0.0,Sleeping Giants
14426,18,10,4481.67,20.007455357142856,12.049107142857142,0.0,Champions
14427,49,2,363.34,21.37294117647059,13.411764705882351,0.0,Low Value Customers
14428,6,5,1224.06,8.934744525547444,3.124087591240876,0.0,Champions
14431,298,1,470.36,27.668235294117647,7.647058823529412,0.0,Low Value Customers
14432,9,6,2248.5,5.964190981432361,5.339522546419098,0.0,Champions
14434,21,6,1372.8,114.4,30.666666666666668,0.0,Sleeping Giants
14436,98,1,89.06,9.895555555555555,14.333333333333334,0.0,Low Value Customers
14437,142,1,63.0,12.6,12.0,0.0,Low Value Customers
14438,305,1,131.9,14.655555555555557,9.11111111111111,0.0,Low Value Customers
14439,319,1,2661.24,83.16375000000001,16.4375,0.0,Sleeping Giants
14440,7,5,2357.68,42.86690909090909,10.690909090909091,0.0,Champions
14441,0,4,1712.89,33.58607843137255,8.745098039215685,0.0,Champions
14442,1,2,1589.82,25.235238095238092,7.650793650793651,0.0,Champions
14443,53,4,1420.2,15.270967741935484,10.086021505376344,0.0,Champions
14446,0,4,1005.55,3.643297101449275,3.101449275362319,0.0,Champions
14447,18,5,1163.23,16.617571428571427,8.157142857142857,0.0,Champions
14448,8,2,375.35,18.7675,5.2,0.0,Low Value Customers
14449,18,4,885.8,3.5432,2.964,0.0,Champions
14450,180,3,483.25,12.08125,6.025,0.0,Low Value Customers
14451,59,2,643.9,6.132380952380952,3.6,0.0,Low Value Customers
14452,10,2,259.05,4.3175,1.9333333333333331,0.0,Low Value Customers
14453,189,1,119.93,5.451363636363637,2.227272727272727,0.0,Low Value Customers
14456,4,9,3014.32,3.189756613756614,3.013756613756614,0.0,Champions
14457,310,1,113.64,28.41,22.0,0.0,Low Value Customers
14459,154,1,1837.92,49.67351351351351,20.54054054054054,0.0,Sleeping Giants
14460,109,3,434.34,27.14625,55.0625,0.0,Sleeping Giants
14461,147,3,2102.67,11.746759776536312,4.273743016759776,0.0,Low Value Customers
14462,63,11,1975.57,8.515387931034482,4.112068965517241,0.0,Champions
14463,97,3,529.62,88.27,29.83333333333333,0.0,Sleeping Giants
14465,246,3,1038.44,8.44260162601626,3.2357723577235773,0.0,Low Value Customers
14466,28,7,2272.4,31.561111111111117,13.97222222222222,0.0,Champions
14467,17,4,596.26,6.699550561797753,3.101123595505618,0.0,Champions
14470,11,2,461.19,10.725348837209305,4.488372093023256,0.0,Low Value Customers
14472,103,8,1852.67,6.991207547169812,4.283018867924528,0.0,Champions
14473,73,2,234.34,33.47714285714286,12.571428571428571,0.0,Low Value Customers
14474,42,1,547.66,18.884827586206896,4.827586206896552,0.0,Low Value Customers
14475,71,3,925.85,22.04404761904762,10.642857142857142,0.0,Low Value Customers
14476,256,1,193.0,11.352941176470589,6.470588235294118,0.0,Low Value Customers
14477,19,4,1309.6,130.95999999999998,72.0,0.0,Sleeping Giants
14479,253,2,316.25,17.569444444444443,6.5,0.0,Low Value Customers
14480,10,1,279.05,21.46538461538461,11.0,0.0,Low Value Customers
14481,164,2,636.51,21.217,16.3,0.0,Low Value Customers
14482,17,6,2022.81,14.765036496350364,11.875912408759124,0.0,Champions
14483,149,1,137.1,15.233333333333333,10.77777777777778,0.0,Low Value Customers
14484,49,1,321.92,22.99428571428572,15.0,0.0,Low Value Customers
14485,38,1,162.8,3.539130434782609,1.5217391304347827,0.0,Low Value Customers
14487,26,6,1165.48,8.324857142857143,5.085714285714285,0.0,Champions
14488,50,1,1064.28,23.136521739130437,17.369565217391305,0.0,Low Value Customers
14489,206,1,463.38,15.446,9.966666666666669,0.0,Low Value Customers
14491,174,2,340.93,20.05470588235294,8.176470588235293,0.0,Low Value Customers
14493,6,5,2383.24,19.860333333333333,10.708333333333334,0.0,Champions
14494,25,1,139.56,19.937142857142856,13.142857142857142,0.0,Low Value Customers
14495,50,2,123.8,20.633333333333336,10.333333333333334,0.0,Low Value Customers
14496,311,2,538.8100000000001,28.35842105263158,8.368421052631579,0.0,Low Value Customers
14497,300,1,475.37,16.392068965517243,8.10344827586207,0.0,Low Value Customers
14498,42,5,1957.32,10.141554404145078,5.689119170984456,0.0,Champions
14499,25,3,808.4399999999999,4.254947368421052,2.610526315789474,0.0,Low Value Customers
14500,87,3,356.85,50.97857142857144,16.714285714285715,0.0,Sleeping Giants
14501,63,2,251.21,25.121,16.1,0.0,Low Value Customers
14502,19,11,2426.79,3.998006589785832,2.411861614497529,0.0,Champions
14503,2,6,3543.26,21.605243902439025,12.21951219512195,0.0,Champions
14504,46,4,673.26,6.2921495327102805,2.878504672897196,0.0,Low Value Customers
14505,16,8,5859.43,7.464242038216561,3.489171974522293,0.0,Champions
14506,16,5,1960.65,6.646271186440679,2.386440677966102,0.0,Champions
14507,23,6,1367.88,14.398736842105263,6.252631578947368,0.0,Champions
14508,21,2,268.05,4.873636363636364,2.345454545454545,0.0,Low Value Customers
14511,10,5,1314.81,19.33544117647059,11.529411764705882,0.0,Champions
14512,187,2,275.28,11.968695652173912,5.304347826086956,0.0,Low Value Customers
14513,100,3,455.59,37.965833333333336,30.08333333333333,0.0,Sleeping Giants
14514,60,3,990.2,14.35072463768116,8.173913043478262,0.0,Low Value Customers
14515,17,6,2076.89,21.192755102040817,11.326530612244898,0.0,Champions
14517,32,2,330.45,18.35833333333333,5.055555555555555,0.0,Low Value Customers
14518,63,1,174.37,10.898125,17.375,0.0,Low Value Customers
14520,1,2,270.6,67.65,36.5,0.0,Sleeping Giants
14522,23,4,974.54,57.32588235294117,30.88235294117647,0.0,Sleeping Giants
14523,107,1,241.09,20.09083333333333,20.916666666666668,0.0,Low Value Customers
14524,31,9,1843.83,9.359543147208122,3.3959390862944163,0.0,Champions
14525,8,9,4215.9,14.95,9.351063829787234,0.0,Champions
14527,2,83,8506.13,8.46381094527363,2.040796019900497,0.0348258706467661,Champions
14528,36,1,364.22,20.23444444444444,15.444444444444445,0.0,Low Value Customers
14529,59,3,578.61,2.7164788732394367,1.5258215962441315,0.0,Low Value Customers
14530,25,6,2862.11,13.437136150234744,6.549295774647887,0.0,Champions
14532,235,4,932.85,14.57578125,4.4375,0.0,Low Value Customers
14533,24,7,1949.72,31.44709677419355,64.8225806451613,0.0,Sleeping Giants
14534,2,18,4395.65,8.669921104536488,3.9960552268244576,0.0,Champions
14535,58,3,2854.84,8.70378048780488,5.560975609756097,0.0,Champions
14536,259,1,170.95,9.497222222222222,2.1666666666666665,0.0,Low Value Customers
14537,57,1,355.56,35.556,12.0,0.0,Low Value Customers
14538,64,2,388.25,20.43421052631579,8.157894736842104,0.0,Low Value Customers
14539,15,2,537.48,16.79625,13.375,0.0,Low Value Customers
14540,9,3,952.66,13.41774647887324,5.788732394366197,0.0,Champions
14541,58,8,1453.35,13.84142857142857,6.104761904761904,0.0,Champions
14542,185,1,103.25,20.65,3.8,0.0,Low Value Customers
14543,3,16,3560.08,52.35411764705882,9.867647058823527,0.0,Champions
14544,23,2,2004.3,18.056756756756755,13.83783783783784,0.0,Champions
14546,3,5,2573.93,6.48345088161209,3.3073047858942064,0.0,Champions
14547,3,8,3974.75,11.196478873239435,7.433802816901409,0.0,Champions
14548,150,2,652.8,163.2,64.0,0.0,Sleeping Giants
14549,310,1,289.24,5.165,2.4285714285714284,0.0,Low Value Customers
14550,10,2,757.37,16.114255319148935,8.27659574468085,0.0,Champions
14551,17,2,186.23,18.623,10.6,0.0,Low Value Customers
14552,151,1,164.22,2.8810526315789478,1.5789473684210529,0.0,Low Value Customers
14553,18,5,859.27,7.604159292035398,4.36283185840708,0.0,Champions
14554,9,4,2279.49,11.229014778325125,7.108374384236453,0.0,Champions
14555,56,2,312.54,16.449473684210528,6.421052631578948,0.0,Low Value Customers
14557,63,1,788.38,49.27375,31.875,0.0,Sleeping Giants
14560,6,22,2237.77,30.240135135135134,17.027027027027028,0.0,Champions
14561,75,3,1080.76,15.6631884057971,14.695652173913045,0.0,Low Value Customers
14562,3,18,5006.77,11.949331742243436,4.3317422434367545,0.0,Champions
14565,95,4,2949.12,23.78322580645161,12.39516129032258,0.0,Champions
14566,110,1,1432.0,358.0,200.0,0.0,Sleeping Giants
14567,34,2,1530.36,46.374545454545455,12.484848484848484,0.0,Sleeping Giants
14569,0,1,227.39,18.949166666666667,6.583333333333333,0.0,Low Value Customers
14570,280,2,217.21,7.7575,3.357142857142857,0.0,Low Value Customers
14572,2,7,2804.54,10.704351145038167,5.419847328244275,0.0,Champions
14573,179,9,1639.82,7.223876651982379,2.352422907488987,0.0,Champions
14576,371,1,35.4,35.4,12.0,0.0,Low Value Customers
14577,12,4,859.71,6.989512195121952,2.869918699186992,0.0,Champions
14578,2,1,168.63,7.02625,10.0,0.0,Low Value Customers
14581,16,1,138.6,8.152941176470588,12.764705882352942,0.0,Low Value Customers
14582,40,1,114.11,19.01833333333333,12.166666666666666,0.0,Low Value Customers
14583,5,5,986.96,3.268079470198676,2.486754966887417,0.0,Champions
14584,168,4,1033.06,10.54142857142857,3.887755102040817,0.0,Low Value Customers
14585,49,1,157.05,5.415517241379311,3.1379310344827585,0.0,Low Value Customers
14586,226,1,237.36,12.492631578947368,23.36842105263158,0.0,Low Value Customers
14587,18,9,1580.29,4.259541778975741,2.018867924528302,0.0,Champions
14589,371,1,39.75,13.25,1.6666666666666667,0.0,Low Value Customers
14591,14,4,1320.21,7.501193181818182,6.977272727272728,0.0,Champions
14592,34,3,557.94,3.5312658227848104,2.575949367088608,0.0,Low Value Customers
14593,21,3,617.15,4.087086092715231,2.185430463576159,0.0,Low Value Customers
14594,6,2,363.33,6.987115384615384,3.519230769230769,0.0,Low Value Customers
14595,19,6,1740.6,17.06470588235294,9.588235294117649,0.0,Champions
14597,10,2,866.24,18.430638297872346,12.04255319148936,0.0,Champions
14598,43,1,221.97,4.4394,3.78,0.0,Low Value Customers
14600,305,1,393.33,15.7332,5.0,0.0,Low Value Customers
14601,10,1,213.96,30.56571428571429,24.0,0.0,Low Value Customers
14603,274,1,660.0,330.0,200.0,0.0,Sleeping Giants
14606,0,91,11941.15,4.463981308411215,2.309532710280374,0.0,Champions
14607,15,12,15021.5,192.58333333333331,137.6153846153846,0.0,Sleeping Giants
14608,3,4,1785.15,89.25750000000001,21.85,0.0,Sleeping Giants
14609,71,4,601.56,150.39,1756.5,0.0,Sleeping Giants
14616,242,3,406.08,135.36,34.666666666666664,0.0,Sleeping Giants
14618,8,3,553.44,34.59,16.5,0.0,Champions
14619,238,1,394.44,19.722,7.6,0.0,Low Value Customers
14620,203,2,412.78,15.876153846153848,8.23076923076923,0.0,Low Value Customers
14621,0,5,1788.36,19.438695652173912,10.793478260869565,0.0,Champions
14622,184,1,320.58,15.265714285714283,6.9523809523809526,0.0,Low Value Customers
14623,31,5,882.02,6.681969696969697,3.075757575757576,0.0,Champions
14624,56,2,225.85,17.373076923076923,12.461538461538462,0.0,Low Value Customers
14625,184,2,899.63,16.974150943396225,6.320754716981132,0.0,Low Value Customers
14626,8,4,2791.27,22.87926229508197,11.5,0.0,Champions
14628,90,2,671.96,27.99833333333333,11.333333333333334,0.0,Low Value Customers
14629,3,2,955.26,6.3684,2.52,0.0,Champions
14631,50,3,1006.98,24.56048780487805,15.170731707317072,0.0,Low Value Customers
14632,262,1,114.56,14.32,12.0,0.0,Low Value Customers
14633,265,1,344.9,17.244999999999997,4.8,0.0,Low Value Customers
14636,35,2,609.85,21.780357142857145,8.607142857142858,0.0,Low Value Customers
14638,50,1,443.6,27.725,10.375,0.0,Low Value Customers
14639,51,6,2984.49,17.351686046511627,8.319767441860465,0.0,Champions
14640,15,6,2107.38,20.07028571428572,8.380952380952381,0.0,Champions
14641,21,1,110.46,15.78,12.857142857142858,0.0,Low Value Customers
14642,58,1,96.12,48.06,38.0,0.0,Sleeping Giants
14643,169,2,693.81,22.38096774193548,26.29032258064516,0.0,Low Value Customers
14644,8,2,830.76,31.95230769230769,9.923076923076923,0.0,Champions
14645,156,2,597.09,19.903,12.7,0.0,Low Value Customers
14646,1,73,279138.02,135.4381465308103,95.50849102377488,0.0004852013585638,Sleeping Giants
14647,200,1,236.04,8.43,3.25,0.0,Low Value Customers
14649,4,4,1402.59,7.5408064516129025,5.397849462365591,0.0,Champions
14651,66,2,653.75,6.4727722772277225,3.396039603960396,0.0,Low Value Customers
14652,76,1,114.18,3.937241379310345,1.827586206896552,0.0,Low Value Customers
14653,0,7,1916.7,8.22618025751073,4.051502145922747,0.0,Champions
14655,3,4,1932.23,39.43326530612245,22.22448979591837,0.0,Champions
14656,168,2,291.05,3.638125,1.5,0.0,Low Value Customers
14657,17,4,848.22,6.7319047619047625,3.6984126984126986,0.0,Champions
14658,4,2,247.15,8.522413793103448,1.6206896551724137,0.0,Low Value Customers
14659,8,9,2529.93,9.999723320158102,4.723320158102767,0.0,Champions
14660,86,2,285.74,9.524666666666668,7.6,0.0,Low Value Customers
14661,26,1,107.95,26.9875,8.75,0.0,Low Value Customers
14662,28,4,741.37,4.722101910828026,3.6815286624203822,0.0,Low Value Customers
14664,19,2,636.24,6.492244897959184,4.744897959183674,0.0,Low Value Customers
14665,60,5,1835.7,20.39666666666667,8.222222222222221,0.0,Champions
14666,23,1,179.95,13.842307692307692,11.923076923076923,0.0,Low Value Customers
14667,10,25,9170.79,16.202809187279154,9.395759717314489,0.0,Champions
14669,241,3,1259.24,7.58578313253012,4.63855421686747,0.0,Low Value Customers
14670,279,2,392.86,3.1939837398373987,2.6504065040650406,0.0,Low Value Customers
14672,234,2,765.55,12.55,7.442622950819672,0.0,Low Value Customers
14673,2,5,1736.4,23.464864864864865,13.567567567567568,0.0,Champions
14675,15,1,596.36,6.148041237113402,3.463917525773196,0.0,Low Value Customers
14676,30,6,2548.24,60.67238095238095,59.523809523809526,0.0,Sleeping Giants
14680,24,16,28754.11,111.45003875968992,52.23255813953488,0.0,Sleeping Giants
14681,70,3,498.95,71.27857142857142,10.857142857142858,0.0,Sleeping Giants
14682,187,2,52.0,26.0,40.0,0.0,Low Value Customers
14684,25,5,1201.51,3.080794871794872,2.105128205128205,0.0,Champions
14687,106,1,628.38,41.892,31.33333333333333,0.0,Sleeping Giants
14688,7,21,5579.1,17.219444444444445,11.061728395061728,0.0,Champions
14689,208,1,112.8,8.676923076923076,5.846153846153846,0.0,Low Value Customers
14690,43,2,355.05,7.396875,3.4791666666666665,0.0,Low Value Customers
14691,30,5,2114.33,29.779295774647885,9.95774647887324,0.0,Champions
14692,136,4,591.55,8.699264705882353,3.897058823529412,0.0,Low Value Customers
14693,264,1,172.9,21.6125,4.25,0.0,Low Value Customers
14696,3,7,2078.95,15.991923076923076,12.538461538461538,0.0,Champions
14697,217,2,188.61,8.57318181818182,8.227272727272727,0.0,Low Value Customers
14698,1,5,1217.27,6.08635,3.01,0.0,Champions
14699,213,1,109.13,13.64125,9.625,0.0,Low Value Customers
14700,31,3,2195.1,19.599107142857143,11.732142857142858,0.0,Champions
14701,10,9,2526.09,7.725045871559633,2.81651376146789,0.0,Champions
14702,0,17,3251.79,9.508157894736842,4.207602339181286,0.0,Champions
14703,14,1,318.17,14.462272727272728,8.318181818181818,0.0,Low Value Customers
14704,10,9,1491.62,3.80515306122449,2.645408163265306,0.0,Champions
14705,198,1,179.0,179.0,100.0,0.0,Sleeping Giants
14708,2,3,1126.37,40.227500000000006,22.178571428571427,0.0,Champions
14709,14,13,4921.04,25.10734693877551,12.673469387755102,0.0,Champions
14710,13,4,599.48,4.4079411764705885,2.7573529411764706,0.0,Champions
14711,9,11,2839.62,8.230782608695652,2.8,0.0,Champions
14712,28,3,917.07,36.6828,12.6,0.0,Champions
14713,8,11,2662.2,7.876331360946745,4.772189349112426,0.0,Champions
14714,23,1,160.19,16.019,22.9,0.0,Low Value Customers
14715,24,4,867.38,12.21661971830986,7.338028169014085,0.0,Champions
14716,42,2,307.51,6.029607843137255,9.705882352941176,0.0,Low Value Customers
14719,1,5,1581.84,6.731234042553191,4.361702127659575,0.0,Champions
14720,5,3,663.81,17.94081081081081,5.918918918918919,0.0,Champions
14722,146,1,180.42,6.4435714285714285,4.214285714285714,0.0,Low Value Customers
14723,9,6,1120.66,4.343643410852714,2.60077519379845,0.0,Champions
14725,24,1,655.58,13.948510638297874,12.51063829787234,0.0,Low Value Customers
14727,273,1,268.58,26.858,6.2,0.0,Low Value Customers
14729,373,1,313.49,4.415352112676056,2.7746478873239435,0.0,Low Value Customers
14730,0,8,1897.57,4.107294372294372,2.333333333333333,0.0,Champions
14731,46,3,380.02,8.444888888888888,5.688888888888889,0.0,Low Value Customers
14732,7,8,2702.49,18.384285714285717,9.5578231292517,0.0,Champions
14733,8,12,9585.91,47.455,18.633663366336634,0.0,Champions
14735,3,31,6050.69,31.350725388601035,11.72538860103627,0.0,Champions
14737,3,3,1164.55,68.50294117647059,20.294117647058822,0.0,Sleeping Giants
14738,38,7,1314.45,24.34166666666667,11.12962962962963,0.0,Champions
14739,1,7,3902.28,65.038,63.66666666666666,0.0,Sleeping Giants
14740,190,3,1448.21,16.272022471910113,8.258426966292134,0.0,Low Value Customers
14741,11,6,1400.34,23.73457627118644,14.254237288135592,0.0,Champions
14744,15,7,1099.98,42.30692307692308,24.115384615384617,0.0,Champions
14745,112,5,1220.26,17.684927536231886,15.043478260869565,0.0,Champions
14747,247,1,328.2,18.23333333333333,4.666666666666667,0.0,Low Value Customers
14748,28,5,1415.75,15.907303370786517,13.741573033707866,0.0,Champions
14752,43,1,389.64,77.928,52.0,0.0,Sleeping Giants
14753,86,1,563.15,18.771666666666665,7.033333333333333,0.0,Low Value Customers
14754,44,2,638.05,15.562195121951218,11.853658536585366,0.0,Low Value Customers
14755,9,11,5010.28,21.320340425531917,9.44255319148936,0.0,Champions
14756,14,1,738.96,19.446315789473687,10.947368421052632,0.0,Low Value Customers
14757,74,1,420.5,22.13157894736842,8.421052631578947,0.0,Low Value Customers
14758,144,4,1484.06,20.90225352112676,5.901408450704225,0.0,Low Value Customers
14759,4,3,1625.97,15.940882352941175,5.578431372549019,0.0,Champions
14760,293,1,89.2,17.84,8.0,0.0,Low Value Customers
14761,58,2,255.9,23.263636363636365,10.727272727272728,0.0,Low Value Customers
14762,263,1,300.52,14.310476190476187,16.238095238095237,0.0,Low Value Customers
14764,43,1,278.3,46.38333333333333,31.666666666666668,0.0,Sleeping Giants
14765,28,3,254.11,6.515641025641026,3.4615384615384617,0.0,Low Value Customers
14766,7,6,2473.37,18.321259259259257,9.992592592592592,0.0,Champions
14768,16,2,192.6,38.52,10.4,0.0,Low Value Customers
14769,2,8,10415.33,9.816522148916118,6.82186616399623,0.0,Champions
14770,231,2,876.42,16.854230769230767,9.423076923076923,0.0,Low Value Customers
14772,111,1,139.26,15.473333333333333,9.11111111111111,0.0,Low Value Customers
14775,57,3,1011.9,16.865,19.566666666666663,0.0,Low Value Customers
14776,50,11,2538.3,21.694871794871798,26.786324786324787,0.0,Champions
14778,126,2,730.86,20.881714285714285,8.742857142857142,0.0,Low Value Customers
14779,280,3,386.15,9.418292682926827,2.048780487804878,0.0,Low Value Customers
14780,54,2,447.68,16.58074074074074,11.48148148148148,0.0,Low Value Customers
14782,319,1,200.1,33.35,19.0,0.0,Low Value Customers
14784,25,2,289.99,19.332666666666668,15.8,0.0,Low Value Customers
14785,9,2,77.4,25.8,28.0,0.0,Low Value Customers
14788,6,2,679.44,22.648000000000003,14.033333333333331,0.0,Champions
14789,28,1,197.64,32.94,19.33333333333333,0.0,Low Value Customers
14790,16,4,745.06,16.19695652173913,15.195652173913045,0.0,Champions
14792,63,1,6.2,3.1,1.0,0.0,Low Value Customers
14793,3,1,228.99,16.356428571428573,6.5,0.0,Low Value Customers
14794,2,7,1319.91,16.498875,8.4125,0.0,Champions
14795,165,1,131.45000000000002,21.90833333333333,2.833333333333333,0.0,Low Value Customers
14796,0,17,7973.93,7.050335985853227,5.297082228116711,0.0,Champions
14798,52,3,173.74,14.478333333333332,12.5,0.0,Low Value Customers
14799,50,1,157.7,12.13076923076923,11.23076923076923,0.0,Low Value Customers
14800,47,12,4331.79,11.310156657963446,9.514360313315926,0.0,Champions
14801,60,1,189.34,3.3217543859649123,3.0350877192982457,0.0,Low Value Customers
14803,161,3,845.5500000000001,19.217045454545456,8.409090909090908,0.0,Low Value Customers
14804,8,1,353.27,29.439166666666665,10.083333333333334,0.0,Low Value Customers
14805,14,4,546.4,11.878260869565215,2.4782608695652173,0.0,Champions
14806,74,1,193.39,17.58090909090909,30.0,0.0,Low Value Customers
14808,39,8,2718.6,11.768831168831168,9.177489177489177,0.0,Champions
14810,40,11,2085.33,8.209960629921259,3.996062992125984,0.0,Champions
14813,369,2,152.88,5.271724137931034,2.2758620689655173,0.0,Low Value Customers
14815,36,2,778.5,14.68867924528302,14.037735849056604,0.0,Low Value Customers
14816,196,1,271.85,67.9625,1.25,0.0,Low Value Customers
14817,199,2,1010.34,16.562950819672132,10.704918032786884,0.0,Low Value Customers
14818,73,3,657.8,13.704166666666666,6.75,0.0,Low Value Customers
14819,63,2,272.07,20.928461538461537,8.384615384615385,0.0,Low Value Customers
14820,20,4,507.29,17.492758620689656,8.724137931034482,0.0,Champions
14821,366,1,48.8,24.4,10.0,0.0,Low Value Customers
14823,179,3,321.43,4.591857142857143,1.2571428571428571,0.0,Low Value Customers
14824,9,4,1127.71,38.88655172413793,18.103448275862068,0.0,Champions
14825,3,12,2221.01,18.50841666666667,8.241666666666667,0.0,Champions
14828,196,3,2139.76,125.86823529411764,127.76470588235294,0.0,Sleeping Giants
14829,28,4,697.55,16.60833333333333,10.761904761904765,0.0,Champions
14830,52,1,188.03,4.948157894736842,4.289473684210527,0.0,Low Value Customers
14834,17,6,1720.3,25.676119402985076,10.955223880597014,0.0,Champions
14836,9,3,102.45,17.075,7.5,0.0,Low Value Customers
14837,89,4,1649.5,15.273148148148149,13.296296296296296,0.0,Champions
14840,267,1,62.85,15.7125,7.75,0.0,Low Value Customers
14841,52,6,3295.76,23.88231884057971,12.884057971014492,0.0,Champions
14842,34,4,2824.69,19.48062068965517,8.041379310344828,0.0,Champions
14844,63,4,3189.81,24.537,14.1,0.0,Champions
14847,148,1,309.4,23.8,9.23076923076923,0.0,Low Value Customers
14849,21,25,7930.54,20.439536082474227,14.675257731958762,0.0,Champions
14850,311,1,325.75,15.511904761904765,13.952380952380953,0.0,Low Value Customers
14851,22,2,511.35,18.2625,11.607142857142858,0.0,Low Value Customers
14852,57,6,2836.69,19.83699300699301,12.216783216783217,0.0,Champions
14853,8,2,475.8,52.86666666666667,9.11111111111111,0.0,Low Value Customers
14854,77,7,2740.03,21.746269841269843,14.444444444444445,0.0,Champions
14855,118,2,645.65,32.2825,13.35,0.0,Low Value Customers
14856,35,3,1290.53,19.85430769230769,10.93846153846154,0.0,Champions
14857,59,2,1173.12,19.552,7.733333333333333,0.0,Low Value Customers
14859,12,4,1353.74,23.340344827586208,11.56896551724138,0.0,Champions
14860,8,1,170.32,15.483636363636364,21.09090909090909,0.0,Low Value Customers
14861,51,1,125.79,20.965,19.5,0.0,Low Value Customers
14862,25,2,841.2,17.525000000000002,16.083333333333332,0.0,Low Value Customers
14863,28,1,266.76,24.25090909090909,12.0,0.0,Low Value Customers
14865,6,2,52.2,13.05,27.0,0.0,Low Value Customers
14866,10,11,14353.4,146.46326530612245,68.88775510204081,0.0,Sleeping Giants
14867,185,3,710.28,19.73,9.11111111111111,0.0,Low Value Customers
14868,2,8,2953.59,20.511041666666667,9.756944444444445,0.0,Champions
14869,3,2,721.45,10.306428571428572,7.8428571428571425,0.0,Champions
14870,261,1,327.25,25.173076923076923,9.153846153846152,0.0,Low Value Customers
14871,2,4,501.28,5.390107526881721,1.924731182795699,0.0,Champions
14873,209,1,519.68,18.56,6.0,0.0,Low Value Customers
14875,8,2,1465.32,31.17702127659574,11.872340425531917,0.0,Champions
14878,12,9,1476.09,12.099098360655738,6.549180327868853,0.0,Champions
14880,76,3,690.59,15.012826086956522,7.934782608695652,0.0,Low Value Customers
14881,19,1,255.4,15.023529411764706,18.58823529411765,0.0,Low Value Customers
14882,26,2,589.7,53.60909090909092,14.363636363636363,0.0,Sleeping Giants
14883,18,6,761.59,14.369622641509434,14.90566037735849,0.0,Champions
14885,131,1,765.3199999999999,51.02133333333333,48.266666666666666,0.0,Sleeping Giants
14886,252,1,364.8,20.266666666666666,8.88888888888889,0.0,Low Value Customers
14887,78,1,1862.0,310.3333333333333,183.33333333333331,0.0,Sleeping Giants
14888,206,1,369.2,18.46,9.2,0.0,Low Value Customers
14889,335,1,135.9,13.59,9.0,0.0,Low Value Customers
14890,253,1,125.65,17.95,7.285714285714286,0.0,Low Value Customers
14891,147,2,554.38,16.79939393939394,15.303030303030305,0.0,Low Value Customers
14893,9,2,1237.85,16.956849315068492,10.945205479452056,0.0,Champions
14894,84,1,655.75,28.51086956521739,11.521739130434783,0.0,Low Value Customers
14895,7,20,11138.71,22.3668875502008,9.740963855421686,0.0,Champions
14896,204,2,468.77,10.901627906976744,6.488372093023256,0.0,Low Value Customers
14897,7,4,1366.38,24.84327272727273,8.50909090909091,0.0,Champions
14898,22,6,1269.31,11.645045871559631,9.18348623853211,0.0,Champions
14901,10,9,1421.29,14.805104166666666,6.885416666666667,0.0,Champions
14902,20,1,332.66,16.633000000000003,10.9,0.0,Low Value Customers
14903,20,5,2795.33,7.986657142857142,4.3742857142857146,0.0,Champions
14904,1,2,1025.44,14.86144927536232,28.768115942028984,0.0,Champions
14905,153,2,616.15,36.24411764705882,16.88235294117647,0.0,Low Value Customers
14907,2,7,3501.1,21.21878787878788,10.248484848484848,0.0,Champions
14908,73,1,277.8,30.866666666666667,14.666666666666666,0.0,Low Value Customers
14910,2,4,434.35,14.478333333333332,7.933333333333334,0.0,Champions
14911,0,199,136161.83,24.37991584601611,14.351477170993734,0.0001790510295434,Champions
14912,16,3,867.85,30.994642857142857,34.642857142857146,0.0357142857142857,Sleeping Giants
14913,35,4,1227.43,14.108390804597702,20.03448275862069,0.0,Champions
14915,85,2,307.48,25.62333333333333,9.333333333333334,0.0,Low Value Customers
14916,70,4,1268.98,16.48025974025974,14.753246753246753,0.0,Champions
14918,115,2,1610.15,35.78111111111112,15.0,0.0,Low Value Customers
14920,212,2,977.77,17.153859649122808,8.929824561403509,0.0,Low Value Customers
14921,29,2,1316.07,16.872692307692308,12.217948717948715,0.0,Low Value Customers
14923,50,1,749.1,17.025000000000002,9.5,0.0,Low Value Customers
14924,245,1,310.05,31.005000000000003,6.4,0.0,Low Value Customers
14929,31,1,223.88,20.35272727272727,12.363636363636363,0.0,Low Value Customers
14930,108,3,2362.96,18.605984251968504,9.133858267716535,0.0,Champions
14931,4,4,864.6800000000001,22.754736842105263,10.894736842105264,0.0,Champions
14932,365,1,313.53,19.595625,4.9375,0.0,Low Value Customers
14934,72,2,1890.94,21.734942528735637,11.977011494252874,0.0,Low Value Customers
14935,296,1,1784.71,178.471,93.5,0.0,Sleeping Giants
14936,8,8,8137.02,22.35445054945055,11.222527472527473,0.0,Champions
14937,56,3,1621.88,47.70235294117647,14.235294117647058,0.0,Sleeping Giants
14944,29,12,5900.25,34.707352941176474,16.558823529411764,0.0,Champions
14946,13,1,100.9,33.63333333333333,7.333333333333333,0.0,Low Value Customers
14947,71,2,290.82,20.77285714285714,12.785714285714286,0.0,Low Value Customers
14948,22,6,1101.97,17.491587301587302,10.682539682539682,0.0,Champions
14950,8,1,371.2,19.53684210526316,7.157894736842105,0.0,Low Value Customers
14951,78,1,311.69,15.5845,15.55,0.0,Low Value Customers
14952,45,11,8099.49,58.69195652173913,24.31159420289855,0.0,Champions
14953,24,1,285.67,5.2901851851851855,4.148148148148148,0.0,Low Value Customers
14954,11,1,294.85,3.8292207792207793,1.5194805194805194,0.0,Low Value Customers
14957,252,1,58.49,4.8741666666666665,2.833333333333333,0.0,Low Value Customers
14958,146,3,483.73,11.79829268292683,3.1219512195121952,0.0,Low Value Customers
14959,58,4,695.42,11.786779661016949,8.372881355932204,0.0,Low Value Customers
14960,7,2,221.27,8.195185185185185,8.185185185185185,0.0,Low Value Customers
14961,10,9,7044.68,22.57910256410257,11.884615384615383,0.0,Champions
14962,270,1,126.7,25.34,8.8,0.0,Low Value Customers
14963,9,5,1472.34,7.6684375,6.036458333333333,0.0,Champions
14964,246,1,206.21,15.862307692307692,11.0,0.0,Low Value Customers
14965,95,2,596.09,7.359135802469136,4.481481481481482,0.0,Low Value Customers
14966,14,1,183.02,5.08388888888889,4.972222222222222,0.0,Low Value Customers
14967,49,1,463.8,77.3,23.33333333333333,0.0,Sleeping Giants
14968,29,1,147.59,3.988918918918919,3.4324324324324325,0.0,Low Value Customers
14970,67,4,1592.06,46.825294117647054,7.352941176470588,0.0,Champions
14971,34,3,1097.98,7.083741935483871,4.122580645161291,0.0,Low Value Customers
14972,127,1,114.77,6.376111111111111,1.5555555555555556,0.0,Low Value Customers
14973,106,3,1314.45,41.0765625,11.53125,0.0,Low Value Customers
14974,36,1,89.94,5.290588235294117,2.176470588235294,0.0,Low Value Customers
14975,56,1,279.94,25.44909090909091,34.54545454545455,0.0,Low Value Customers
14976,56,6,774.86,11.069428571428572,3.3142857142857145,0.0,Champions
14978,71,5,1921.37,8.97836448598131,2.44392523364486,0.0,Champions
14981,245,1,102.12,12.765,12.125,0.0,Low Value Customers
14984,18,2,202.37,5.188974358974359,1.4871794871794872,0.0,Low Value Customers
14985,197,2,292.01,3.5181927710843373,3.0843373493975905,0.0,Low Value Customers
14987,15,2,326.4,81.6,32.0,0.0,Sleeping Giants
14988,211,1,334.54,8.3635,3.525,0.0,Low Value Customers
14995,38,2,231.98,3.866333333333333,1.7,0.0,Low Value Customers
14997,45,3,546.2,21.00769230769231,43.07692307692308,0.0,Sleeping Giants
14998,169,2,414.87,5.606351351351352,3.4864864864864864,0.0,Low Value Customers
15000,47,1,490.52,6.37038961038961,2.831168831168831,0.0,Low Value Customers
15002,115,4,1641.76,14.27617391304348,7.495652173913044,0.0,Champions
15004,146,1,1220.38,7.9763398692810465,4.065359477124183,0.0,Low Value Customers
15005,15,28,6293.67,5.664869486948695,3.8055805580558055,0.0,Champions
15006,50,1,475.43,3.629236641221374,2.175572519083969,0.0,Low Value Customers
15007,158,1,156.91,13.075833333333334,5.75,0.0,Low Value Customers
15009,11,3,1259.43,6.996833333333334,3.55,0.0,Champions
15010,35,1,308.94,15.447,9.2,0.0,Low Value Customers
15012,53,2,405.04,3.3200000000000003,1.8442622950819672,0.0,Low Value Customers
15014,42,2,257.67,7.808181818181819,4.515151515151516,0.0,Low Value Customers
15016,172,1,170.04,8.501999999999999,3.8,0.0,Low Value Customers
15017,33,1,125.58,6.279,3.15,0.0,Low Value Customers
15018,38,3,496.21,16.006774193548388,6.096774193548387,0.0,Low Value Customers
15019,266,1,252.81,3.8304545454545456,2.272727272727273,0.0,Low Value Customers
15021,8,9,1871.77,4.215698198198198,1.8445945945945943,0.0,Champions
15022,11,4,852.39,7.044545454545454,4.355371900826446,0.0,Champions
15023,2,11,6701.51,12.162450090744102,5.114337568058076,0.0,Champions
15024,9,10,1636.43,10.765986842105264,5.934210526315789,0.0,Champions
15025,32,1,361.96,5.402388059701492,2.746268656716418,0.0,Low Value Customers
15026,79,3,464.2,7.736666666666666,3.75,0.0,Low Value Customers
15027,30,4,1066.15,30.461428571428566,16.142857142857142,0.0,Champions
15028,7,4,627.13,13.065208333333333,9.5625,0.0,Champions
15030,71,2,518.28,74.03999999999999,53.142857142857146,0.0,Sleeping Giants
15031,3,4,653.19,5.93809090909091,3.636363636363636,0.0,Champions
15032,255,3,4959.1,95.3673076923077,57.07692307692308,0.0,Sleeping Giants
15033,4,10,2553.88,5.10776,3.34,0.0,Champions
15034,15,8,4274.16,10.959384615384614,6.187179487179487,0.0,Champions
15035,89,1,252.73,9.36037037037037,9.074074074074074,0.0,Low Value Customers
15036,71,3,429.56,3.609747899159664,2.655462184873949,0.0,Low Value Customers
15038,42,6,685.74,5.48592,1.696,0.0,Champions
15039,9,47,19766.59,13.38293161814489,6.182125930941097,0.0,Champions
15041,169,1,179.93,2.726212121212121,1.5606060606060606,0.0,Low Value Customers
15042,198,1,135.93,27.186,6.0,0.0,Low Value Customers
15043,30,1,537.0,179.0,100.0,0.0,Sleeping Giants
15044,18,17,7634.73,17.19533783783784,6.2725225225225225,0.0,Champions
15045,151,2,735.66,61.305,9.5,0.0,Low Value Customers
15046,8,15,5071.47,25.35735,16.855,0.0,Champions
15047,269,1,343.62,15.61909090909091,10.090909090909092,0.0,Low Value Customers
15048,64,4,381.0,4.053191489361702,2.042553191489361,0.0,Low Value Customers
15049,273,1,121.17000000000002,40.39000000000001,21.0,0.0,Low Value Customers
15050,24,3,1737.69,22.86434210526316,16.0,0.0,Champions
15051,22,3,1383.36,9.741971830985914,7.112676056338028,0.0,Champions
15052,318,1,207.73,7.418928571428572,2.821428571428572,0.0,Low Value Customers
15053,4,3,693.95,10.057246376811596,14.26086956521739,0.0,Champions
15054,11,2,302.1,2.6500000000000004,1.736842105263158,0.0,Low Value Customers
15057,274,2,1489.5,59.58,26.72,0.0,Sleeping Giants
15058,24,11,2102.54,7.904285714285714,3.962406015037594,0.0,Champions
15059,40,9,1337.72,5.644388185654009,2.548523206751055,0.0,Champions
15060,7,4,293.0,2.5701754385964914,2.245614035087719,0.0,Low Value Customers
15061,3,48,54534.14,135.32044665012407,71.76178660049628,0.0,Sleeping Giants
15062,70,4,987.86,17.330877192982456,13.385964912280702,0.0,Champions
15063,212,1,370.8,74.16,11.2,0.0,Low Value Customers
15065,37,4,3158.13,20.37503225806452,8.92258064516129,0.0,Champions
15066,31,1,893.59,21.275952380952383,7.547619047619047,0.0,Low Value Customers
15067,77,3,1744.76,21.27756097560976,11.634146341463415,0.0,Champions
15068,45,2,553.36,5.320769230769231,3.5,0.0,Low Value Customers
15069,178,1,1109.53,15.850428571428573,7.428571428571429,0.0,Low Value Customers
15070,372,1,106.2,106.2,36.0,0.0,Sleeping Giants
15071,93,2,982.07,37.77192307692308,10.346153846153848,0.0,Low Value Customers
15073,9,3,1043.41,19.322407407407407,9.092592592592592,0.0,Champions
15074,104,1,735.67,17.943170731707315,10.51219512195122,0.0,Low Value Customers
15075,77,1,773.03,28.63074074074074,16.555555555555557,0.0,Low Value Customers
15076,172,1,880.85,17.976530612244897,11.653061224489797,0.0,Low Value Customers
15078,6,32,9743.11,22.14343181818182,11.602272727272728,0.0,Champions
15079,212,4,895.61,19.055531914893617,8.27659574468085,0.0,Low Value Customers
15081,21,5,504.8,15.296969696969697,5.757575757575758,0.0,Champions
15083,256,1,88.2,17.64,7.6,0.0,Low Value Customers
15087,281,1,306.94,20.462666666666667,31.33333333333333,0.0,Low Value Customers
15088,20,2,1160.07,20.352105263157892,8.070175438596491,0.0,Champions
15089,9,6,2420.84,16.69544827586207,9.372413793103448,0.0,Champions
15090,307,1,381.32,16.57913043478261,9.043478260869565,0.0,Low Value Customers
15091,53,1,480.71,16.023666666666667,11.533333333333331,0.0,Low Value Customers
15092,214,2,457.81,17.608076923076922,5.1923076923076925,0.0,Low Value Customers
15093,17,6,4597.02,42.565000000000005,34.81481481481482,0.0,Sleeping Giants
15095,103,4,1370.6,29.161702127659574,22.95744680851064,0.0,Sleeping Giants
15096,42,1,219.39,19.94454545454545,10.909090909090908,0.0,Low Value Customers
15097,3,1,248.08,9.9232,6.8,0.0,Low Value Customers
15098,181,3,39916.5,13305.5,40.333333333333336,0.0,Sleeping Giants
15099,83,1,410.48,17.84695652173913,14.91304347826087,0.0,Low Value Customers
15100,329,3,876.0,292.0,26.666666666666668,0.0,Sleeping Giants
15101,8,2,317.53000000000003,39.69125,30.125,0.0,Sleeping Giants
15103,30,2,703.36,20.096,9.4,0.0,Low Value Customers
15104,166,2,993.54,14.828955223880596,9.477611940298509,0.0,Low Value Customers
15105,17,7,2298.93,22.76168316831683,11.990099009900993,0.0,Champions
15106,17,5,1422.52,14.2252,11.81,0.0,Champions
15107,310,6,319.5,19.96875,10.5625,0.0,Low Value Customers
15108,141,3,1159.25,20.337719298245613,8.596491228070175,0.0,Low Value Customers
15109,240,1,484.95,17.319642857142856,4.678571428571429,0.0,Low Value Customers
15110,23,4,996.1,28.46,7.0285714285714285,0.0,Champions
15111,28,3,1567.48,18.660476190476192,8.452380952380953,0.0,Champions
15113,9,3,3509.04,36.5525,24.40625,0.0,Champions
15114,29,10,2760.56,14.012994923857867,15.715736040609135,0.0,Champions
15115,17,1,340.11,16.195714285714285,7.476190476190476,0.0,Low Value Customers
15116,17,4,1352.75,30.06111111111111,14.4,0.0,Champions
15117,14,5,1551.78,19.64278481012658,24.658227848101262,0.0,Champions
15118,133,1,244.8,244.8,1440.0,0.0,Sleeping Giants
15119,245,1,266.4,19.02857142857143,6.285714285714286,0.0,Low Value Customers
15120,129,1,358.82,17.086666666666666,14.095238095238097,0.0,Low Value Customers
15121,49,2,457.72,16.34714285714286,7.107142857142857,0.0,Low Value Customers
15122,84,3,1633.78,19.924146341463413,9.75609756097561,0.0,Low Value Customers
15123,6,2,2199.31,20.74820754716981,11.273584905660377,0.0,Champions
15124,22,2,184.19,12.279333333333334,15.533333333333331,0.0,Low Value Customers
15125,24,15,11528.48,90.77543307086614,48.76377952755905,0.0,Sleeping Giants
15127,65,1,406.53,25.408125,15.6875,0.0,Low Value Customers
15128,59,4,1471.0,14.42156862745098,13.166666666666666,0.0,Champions
15129,49,11,3447.4,41.04047619047619,21.357142857142858,0.0,Champions
15130,169,1,330.11,15.005,8.954545454545455,0.0,Low Value Customers
15132,17,5,977.93,18.80634615384616,13.057692307692308,0.0,Champions
15133,127,3,982.42,33.87655172413793,23.448275862068964,0.0,Sleeping Giants
15134,14,8,1387.99,19.01356164383561,12.150684931506849,0.0,Champions
15135,232,1,139.05,15.45,4.777777777777778,0.0,Low Value Customers
15136,2,4,1286.7,18.92205882352941,11.411764705882351,0.0,Champions
15139,239,2,178.95999999999998,13.766153846153845,16.0,0.0,Low Value Customers
15140,51,7,2354.25,29.428125,19.65,0.0,Champions
15142,45,1,498.74,19.18230769230769,14.038461538461538,0.0,Low Value Customers
15143,225,1,259.45,18.53214285714285,10.714285714285714,0.0,Low Value Customers
15144,7,17,6580.44,30.324608294930872,14.055299539170507,0.0,Champions
15145,3,4,1194.73,17.83179104477612,11.28358208955224,0.0,Champions
15146,164,2,1327.16,14.584175824175825,16.186813186813186,0.0,Low Value Customers
15147,218,1,623.5,22.267857142857142,13.071428571428571,0.0,Low Value Customers
15148,10,1,301.29,15.0645,9.35,0.0,Low Value Customers
15149,133,1,520.8,22.643478260869564,5.565217391304348,0.0,Low Value Customers
15150,16,10,5291.33,15.517096774193549,10.680351906158355,0.0,Champions
15152,9,13,4745.69,17.511771217712177,9.977859778597786,0.0,Champions
15153,30,1,329.25,14.965909090909092,9.0,0.0,Low Value Customers
15154,73,1,254.28,3.581408450704225,1.2535211267605637,0.0,Low Value Customers
15156,0,3,961.49,17.481636363636365,10.854545454545455,0.0,Champions
15157,3,3,1936.07,15.48856,19.136,0.0,Champions
15158,44,1,401.4,57.34285714285715,28.285714285714285,0.0,Sleeping Giants
15159,1,30,18641.01,26.25494366197183,16.114084507042254,0.0,Champions
15160,356,1,158.16,39.54,21.0,0.0,Low Value Customers
15163,17,2,304.47,10.49896551724138,6.413793103448276,0.0,Low Value Customers
15164,68,3,824.58,8.164158415841584,3.4752475247524752,0.0,Low Value Customers
15165,372,1,487.75,18.064814814814813,5.925925925925926,0.0,Low Value Customers
15167,320,1,158.8,4.071794871794872,1.6666666666666667,0.0,Low Value Customers
15168,25,1,106.56,21.312,10.4,0.0,Low Value Customers
15171,324,1,1289.5,257.9,58.0,0.0,Sleeping Giants
15172,8,5,1624.05,14.764090909090909,14.645454545454545,0.0,Champions
15174,322,1,135.75,12.340909090909092,13.181818181818182,0.0,Low Value Customers
15175,71,1,224.14,9.745217391304347,19.73913043478261,0.0,Low Value Customers
15178,259,1,40.5,13.5,10.0,0.0,Low Value Customers
15179,17,5,2206.95,23.73064516129032,20.83870967741936,0.0,Champions
15180,366,1,87.5,14.583333333333334,6.0,0.0,Low Value Customers
15181,65,3,689.48,43.0925,34.0,0.0,Sleeping Giants
15182,153,2,622.85,21.477586206896557,8.724137931034482,0.0,Low Value Customers
15184,28,2,402.2,6.487096774193549,3.2096774193548385,0.0,Low Value Customers
15185,69,1,310.62,14.791428571428572,31.714285714285715,0.0,Low Value Customers
15186,13,2,411.41,21.65315789473684,11.31578947368421,0.0,Low Value Customers
15187,1,15,4762.18,52.91311111111112,20.95555555555556,0.0,Champions
15189,0,41,16225.39,76.53485849056604,29.00471698113208,0.0,Champions
15192,119,3,1044.32,20.47686274509804,18.0,0.0,Low Value Customers
15193,60,1,499.32,26.28,7.578947368421052,0.0,Low Value Customers
15194,2,15,7616.53,24.569451612903222,18.39677419354839,0.0,Champions
15195,2,1,3861.0,3861.0,1404.0,0.0,Sleeping Giants
15197,8,3,1079.61,33.7378125,14.65625,0.0,Champions
15198,91,2,193.64,19.364,12.0,0.0,Low Value Customers
15199,58,4,1268.7,97.5923076923077,30.46153846153846,0.0,Sleeping Giants
15201,78,5,1236.54,17.92086956521739,17.536231884057973,0.0,Champions
15203,25,6,1827.8,12.871830985915492,12.345070422535212,0.0,Champions
15204,356,1,316.58,35.175555555555555,28.666666666666668,0.0,Low Value Customers
15205,84,2,653.24,17.655135135135136,10.216216216216216,0.0,Low Value Customers
15206,9,4,420.3,46.7,18.0,0.0,Champions
15208,0,5,870.12,20.717142857142857,7.523809523809524,0.0,Champions
15210,224,1,331.18,16.559,11.4,0.0,Low Value Customers
15211,59,2,894.41,17.20019230769231,4.615384615384615,0.0,Low Value Customers
15212,238,1,101.8,20.36,7.2,0.0,Low Value Customers
15213,318,2,328.35,13.68125,11.333333333333334,0.0,Low Value Customers
15214,1,8,1661.44,15.104,11.4,0.0,Champions
15215,44,3,734.9399999999999,20.998285714285718,6.428571428571429,0.0,Low Value Customers
15216,87,1,96.6,48.3,14.0,0.0,Low Value Customers
15218,10,11,5756.89,34.680060240963854,20.05421686746988,0.0,Champions
15219,175,1,305.75,33.97222222222222,5.0,0.0,Low Value Customers
15220,51,6,1778.96,15.204786324786324,11.905982905982906,0.0,Champions
15221,365,1,403.25,80.65,8.6,0.0,Low Value Customers
15222,318,1,585.0,117.0,88.0,0.0,Sleeping Giants
15223,225,2,755.75,37.7875,10.65,0.0,Low Value Customers
15224,357,2,322.08,23.005714285714284,10.857142857142858,0.0,Low Value Customers
15225,233,1,409.4,17.8,9.826086956521738,0.0,Low Value Customers
15226,310,1,154.41,19.30125,8.875,0.0,Low Value Customers
15227,36,5,1219.4,21.024137931034485,12.93103448275862,0.0,Champions
15228,65,4,3386.71,27.09368,18.04,0.0,Champions
15230,238,2,429.6,18.678260869565214,15.26086956521739,0.0,Low Value Customers
15232,112,2,612.06,19.74387096774193,22.12903225806452,0.0,Low Value Customers
15234,276,1,197.0,14.071428571428571,14.0,0.0,Low Value Customers
15235,217,12,2247.51,15.716853146853149,9.258741258741258,0.0,Champions
15236,298,1,321.05,21.40333333333333,17.933333333333334,0.0,Low Value Customers
15237,1,4,1412.32,14.265858585858584,10.818181818181818,0.0,Champions
15238,28,3,1071.99,21.4398,13.84,0.0,Champions
15239,9,2,780.59,15.930408163265309,12.122448979591836,0.0,Champions
15240,44,5,1706.57,21.879102564102563,17.55128205128205,0.0,Champions
15241,66,8,1756.44,15.967636363636364,16.527272727272727,0.0,Champions
15243,73,1,316.68,14.394545454545456,8.409090909090908,0.0,Low Value Customers
15244,64,2,631.5699999999999,18.57558823529412,11.911764705882351,0.0,Low Value Customers
15245,133,3,2515.84,28.267865168539327,20.04494382022472,0.0,Sleeping Giants
15246,237,2,514.15,15.58030303030303,7.484848484848484,0.0,Low Value Customers
15247,121,1,356.0,59.333333333333336,26.666666666666668,0.0,Sleeping Giants
15249,31,13,6688.46,19.109885714285717,10.22,0.0,Champions
15251,8,11,10484.99,94.45936936936936,55.5945945945946,0.0,Sleeping Giants
15252,35,2,740.78,16.83590909090909,11.863636363636363,0.0,Low Value Customers
15253,15,5,918.2,17.32452830188679,16.339622641509433,0.0,Champions
15254,126,1,300.36,16.686666666666667,15.27777777777778,0.0,Low Value Customers
15255,66,1,890.85,18.95425531914894,10.404255319148936,0.0,Low Value Customers
15256,148,1,98.45,16.408333333333335,9.166666666666666,0.0,Low Value Customers
15257,280,1,317.15,45.30714285714286,6.571428571428571,0.0,Low Value Customers
15258,168,2,623.16,18.328235294117647,4.176470588235294,0.0,Low Value Customers
15260,99,7,1810.77,23.516493506493507,11.493506493506494,0.0,Champions
15261,134,1,254.82,13.41157894736842,14.210526315789474,0.0,Low Value Customers
15262,323,1,178.95,17.895,7.3,0.0,Low Value Customers
15263,106,1,156.51,13.0425,7.416666666666667,0.0,Low Value Customers
15264,63,1,393.74,17.11913043478261,11.521739130434783,0.0,Low Value Customers
15265,150,2,1506.12,18.36731707317073,7.463414634146342,0.0,Low Value Customers
15266,337,1,119.3,19.883333333333333,3.0,0.0,Low Value Customers
15267,21,5,1717.36,156.12363636363636,85.81818181818181,0.0,Sleeping Giants
15269,23,1,408.8,204.4,13.0,0.0,Sleeping Giants
15270,15,7,2379.49,58.03634146341463,37.09756097560975,0.0,Sleeping Giants
15271,6,15,2493.34,9.444469696969698,4.738636363636363,0.0,Champions
15272,56,2,721.94,11.45936507936508,4.920634920634921,0.0,Low Value Customers
15274,3,2,716.5699999999999,15.246170212765955,13.170212765957446,0.0,Champions
15275,30,1,615.14,15.003414634146342,12.146341463414634,0.0,Low Value Customers
15276,65,1,128.63,2.6251020408163264,1.2448979591836735,0.0,Low Value Customers
15277,46,1,255.9,21.325,17.083333333333332,0.0,Low Value Customers
15279,354,1,290.51,15.29,9.947368421052632,0.0,Low Value Customers
15280,171,1,113.12,7.07,9.625,0.0,Low Value Customers
15281,58,9,2332.15,16.778057553956835,8.712230215827338,0.0,Champions
15286,49,1,240.55,80.18333333333334,18.33333333333333,0.0,Sleeping Giants
15287,21,2,486.69,24.3345,21.65,0.0,Low Value Customers
15288,42,5,2306.52,26.210454545454542,8.806818181818182,0.0,Champions
15289,28,3,939.78,16.20310344827586,17.379310344827587,0.0,Champions
15290,4,18,7943.22,38.93735294117647,22.06372549019608,0.0,Champions
15291,25,14,4623.3,45.326470588235296,20.607843137254903,0.0,Champions
15292,200,1,178.39,7.432916666666666,2.2916666666666665,0.0,Low Value Customers
15296,43,6,3672.86,18.93226804123712,9.103092783505154,0.0,Champions
15297,9,3,641.94,16.46,7.487179487179487,0.0,Champions
15298,1,12,4799.9,24.999479166666664,16.229166666666668,0.0,Champions
15299,66,7,3907.01,558.1442857142857,420.8571428571428,0.1428571428571428,Sleeping Giants
15300,63,1,496.44,17.73,10.428571428571429,0.0,Low Value Customers
15301,50,12,5049.95,20.867561983471077,11.367768595041325,0.0,Champions
15303,289,1,574.02,18.516774193548382,8.0,0.0,Low Value Customers
15304,60,8,694.4,30.191304347826087,4.521739130434782,0.0,Champions
15306,63,3,1174.35,20.247413793103448,13.96551724137931,0.0,Low Value Customers
15307,95,1,205.3,17.108333333333334,3.083333333333333,0.0,Low Value Customers
15308,270,1,310.47,16.34052631578947,9.210526315789474,0.0,Low Value Customers
15311,0,91,60632.75,25.626690617075237,16.12299239222316,0.0,Champions
15312,74,4,924.85,19.677659574468084,10.97872340425532,0.0,Low Value Customers
15313,109,1,52.0,52.0,25.0,0.0,Low Value Customers
15314,198,1,327.97,13.665416666666664,13.041666666666666,0.0,Low Value Customers
15315,63,2,570.5,15.41891891891892,23.2972972972973,0.0,Low Value Customers
15316,326,1,165.0,165.0,100.0,0.0,Sleeping Giants
15318,3,1,312.62,9.473333333333333,19.454545454545453,0.0,Low Value Customers
15319,283,1,204.5,12.78125,10.9375,0.0,Low Value Customers
15320,43,1,267.13,7.420277777777778,9.055555555555555,0.0,Low Value Customers
15321,48,3,2748.31,28.92957894736842,12.43157894736842,0.0,Champions
15322,63,1,679.68,16.18285714285714,9.904761904761903,0.0,Low Value Customers
15325,103,1,161.74,3.3695833333333334,4.8125,0.0,Low Value Customers
15326,333,1,311.71,10.748620689655173,13.310344827586206,0.0,Low Value Customers
15327,52,1,208.75,20.875,11.6,0.0,Low Value Customers
15329,34,3,1049.7,18.41578947368421,8.526315789473685,0.0,Champions
15330,31,2,714.9599999999999,54.99692307692307,100.92307692307692,0.0,Sleeping Giants
15332,365,4,1661.06,47.45885714285714,18.62857142857143,0.0,Sleeping Giants
15333,207,1,1028.56,64.285,21.5,0.0,Sleeping Giants
15334,156,3,347.87,3.5862886597938144,2.804123711340206,0.0,Low Value Customers
15335,53,1,170.22,4.863428571428571,2.257142857142857,0.0,Low Value Customers
15339,65,2,574.07,6.675232558139536,4.837209302325581,0.0,Low Value Customers
15341,80,1,2020.52,118.85411764705884,47.76470588235294,0.0,Sleeping Giants
15342,115,1,406.09,16.920416666666664,11.791666666666666,0.0,Low Value Customers
15343,86,1,364.5,17.357142857142858,4.0,0.0,Low Value Customers
15344,0,3,563.94,21.69,4.461538461538462,0.0,Champions
15345,34,1,393.54,19.677,4.05,0.0,Low Value Customers
15346,332,1,252.42,14.848235294117648,8.470588235294118,0.0,Low Value Customers
15347,365,1,201.6,40.32,26.0,0.0,Low Value Customers
15348,71,1,158.04,17.56,9.333333333333334,0.0,Low Value Customers
15349,157,2,463.91,6.533943661971831,4.52112676056338,0.0,Low Value Customers
15350,372,1,115.65,23.13,10.2,0.0,Low Value Customers
15351,11,7,1934.66,8.83406392694064,3.3881278538812785,0.0,Champions
15353,254,2,770.12,12.624918032786884,5.590163934426229,0.0,Low Value Customers
15355,28,2,277.05,19.789285714285715,3.2142857142857144,0.0,Low Value Customers
15356,30,10,2718.03,5.446953907815631,3.292585170340681,0.0,Champions
15358,4,22,8347.2,15.149183303085302,12.79491833030853,0.0,Champions
15360,39,1,427.93,32.917692307692306,17.153846153846153,0.0,Low Value Customers
15361,361,1,418.92,59.84571428571429,48.0,0.0,Sleeping Giants
15363,240,1,326.0,20.375,9.0,0.0,Low Value Customers
15364,95,2,913.19,31.489310344827587,17.0,0.0,Low Value Customers
15365,25,7,2314.32,20.301052631578948,9.508771929824562,0.0,Champions
15366,74,2,602.51,13.69340909090909,14.113636363636363,0.0,Low Value Customers
15367,56,4,1877.59,19.76410526315789,11.126315789473685,0.0,Champions
15368,20,1,446.94,111.735,57.5,0.0,Sleeping Giants
15370,40,7,2386.05,25.383510638297874,8.829787234042554,0.0,Champions
15372,136,1,2007.4,74.34814814814816,108.29629629629628,0.0,Sleeping Giants
15373,7,12,2415.91,18.302348484848483,3.787878787878788,0.0,Champions
15374,128,1,168.0,56.0,42.0,0.0,Sleeping Giants
15376,39,3,1221.56,10.530689655172411,5.301724137931035,0.0,Low Value Customers
15379,168,7,3703.29,19.089123711340207,11.881443298969073,0.0,Champions
15380,8,5,1690.26,46.95166666666667,10.444444444444445,0.0,Champions
15381,213,2,596.85,74.60625,21.375,0.0,Sleeping Giants
15382,14,6,5955.71,19.7208940397351,13.28476821192053,0.0,Champions
15384,169,2,642.41,15.668536585365851,14.53658536585366,0.0,Low Value Customers
15385,39,1,316.88,26.406666666666663,13.416666666666666,0.0,Low Value Customers
15386,185,1,394.14,12.714193548387096,14.387096774193548,0.0,Low Value Customers
15388,269,1,140.54,14.053999999999998,8.8,0.0,Low Value Customers
15389,171,1,500.0,500.0,400.0,0.0,Sleeping Giants
15392,4,4,1535.53,18.28011904761905,15.202380952380953,0.0,Champions
15393,15,2,231.86,19.32166666666667,12.5,0.0,Low Value Customers
15394,9,4,2183.54,25.68870588235294,10.705882352941176,0.0,Champions
15395,325,1,107.45,15.35,2.4285714285714284,0.0,Low Value Customers
15396,112,1,288.18,20.58428571428572,8.714285714285714,0.0,Low Value Customers
15397,289,1,94.0,15.666666666666666,3.333333333333333,0.0,Low Value Customers
15398,15,2,1345.53,18.43191780821918,10.534246575342468,0.0,Champions
15399,0,3,815.77,16.3154,12.22,0.0,Champions
15400,91,5,716.2,59.68333333333334,32.5,0.0,Sleeping Giants
15402,148,2,626.35,15.276829268292683,16.902439024390244,0.0,Low Value Customers
15405,188,1,349.1,43.6375,24.125,0.0,Low Value Customers
15406,17,2,510.71,9.636037735849056,4.79245283018868,0.0,Low Value Customers
15407,33,4,1046.74,7.072567567567567,3.72972972972973,0.0,Champions
15408,263,1,267.18,7.858235294117647,3.117647058823529,0.0,Low Value Customers
15410,83,8,3450.84,28.285573770491805,9.836065573770492,0.0,Champions
15411,25,4,1348.93,13.764591836734697,5.3979591836734695,0.0,Champions
15412,170,1,190.53,19.053,10.8,0.0,Low Value Customers
15414,9,3,774.9,19.869230769230768,11.35897435897436,0.0,Champions
15415,312,1,559.61,11.906595744680851,11.72340425531915,0.0,Low Value Customers
15416,64,4,3984.32,20.75166666666667,10.885416666666666,0.0,Champions
15417,84,1,508.8,18.17142857142857,10.142857142857142,0.0,Low Value Customers
15419,24,1,135.86,16.9825,28.75,0.0,Low Value Customers
15421,58,4,950.36,17.93132075471698,9.433962264150944,0.0,Champions
15422,322,2,97.7,16.283333333333335,6.333333333333333,0.0,Low Value Customers
15423,37,1,43.5,21.75,50.5,0.0,Low Value Customers
15424,253,2,383.34,22.54941176470588,32.588235294117645,0.0,Low Value Customers
15426,18,5,1404.07,5.105709090909091,2.3854545454545453,0.0,Champions
15427,32,3,1430.54,4.899109589041096,3.3116438356164384,0.0,Champions
15428,14,1,93.78,15.63,17.0,0.0,Low Value Customers
15429,26,2,397.35,4.845731707317073,4.634146341463414,0.0,Low Value Customers
15432,22,1,171.19,17.119,6.5,0.0,Low Value Customers
15433,78,2,533.3,13.00731707317073,13.024390243902438,0.0,Low Value Customers
15434,7,5,1041.48,18.936,11.763636363636364,0.0,Champions
15435,21,1,149.29,5.147931034482759,1.862068965517241,0.0,Low Value Customers
15436,11,3,1067.75,3.669243986254296,1.972508591065292,0.0,Champions
15437,261,1,200.16,4.448,1.7555555555555555,0.0,Low Value Customers
15438,130,1,156.57999999999998,6.263199999999999,2.36,0.0,Low Value Customers
15440,54,3,383.68,6.188387096774194,3.177419354838709,0.0,Low Value Customers
15442,248,1,594.0,297.0,60.0,0.0,Sleeping Giants
15443,1,7,3213.59,8.638682795698925,4.405913978494624,0.0,Champions
15444,8,2,1411.21,6.594439252336449,3.546728971962617,0.0,Champions
15445,263,1,113.5,22.7,11.6,0.0,Low Value Customers
15447,330,1,155.17,17.24111111111111,9.444444444444445,0.0,Low Value Customers
15448,312,1,494.64,17.665714285714284,8.285714285714286,0.0,Low Value Customers
15449,25,3,974.52,16.242,13.533333333333331,0.0,Champions
15450,29,1,429.84,14.328,12.533333333333331,0.0,Low Value Customers
15452,29,3,528.48,9.437142857142858,5.0,0.0,Low Value Customers
15453,1,7,1371.77,4.91673835125448,3.0,0.0,Champions
15454,361,1,179.1,7.164,3.44,0.0,Low Value Customers
15456,282,3,434.59,7.492931034482758,10.913793103448276,0.0,Low Value Customers
15457,261,1,237.07,4.087413793103448,2.2758620689655173,0.0,Low Value Customers
15458,24,1,161.64,23.09142857142857,22.285714285714285,0.0,Low Value Customers
15460,353,1,214.26,3.826071428571428,1.9107142857142856,0.0,Low Value Customers
15462,93,3,234.6,21.327272727272728,15.636363636363637,0.0,Low Value Customers
15463,28,1,126.14,18.02,15.142857142857142,0.0,Low Value Customers
15464,337,1,1044.65,6.739677419354839,2.2451612903225806,0.0,Low Value Customers
15465,19,18,7354.62,75.82082474226804,12.958762886597938,0.0,Champions
15466,84,1,334.53,5.868947368421052,4.315789473684211,0.0,Low Value Customers
15467,8,3,524.88,10.093846153846156,5.961538461538462,0.0,Champions
15468,34,2,467.51,19.47958333333333,6.458333333333333,0.0,Low Value Customers
15469,42,2,538.55,22.43958333333333,6.375,0.0,Low Value Customers
15471,1,1,454.48,6.225753424657534,3.506849315068493,0.0,Low Value Customers
15472,112,1,371.56,4.888947368421053,3.3026315789473686,0.0,Low Value Customers
15473,13,7,1771.2,161.01818181818183,61.09090909090909,0.0,Sleeping Giants
15475,76,1,454.11,15.65896551724138,11.0,0.0,Low Value Customers
15478,39,2,1399.92,31.81636363636364,13.068181818181818,0.0,Low Value Customers
15480,115,1,905.5,20.122222222222224,6.733333333333333,0.0,Low Value Customers
15482,15,11,10839.76,112.91416666666667,52.114583333333336,0.0,Sleeping Giants
15483,160,4,225.26,2.681666666666666,3.4642857142857144,0.0,Low Value Customers
15484,0,4,3590.41,19.200053475935828,16.844919786096256,0.0,Champions
15485,29,3,2564.5,30.17058823529412,15.070588235294116,0.0,Champions
15488,92,1,91.32,45.66,36.5,0.0,Low Value Customers
15489,22,3,1134.28,22.6856,12.16,0.0,Champions
15491,94,6,3100.09,20.130454545454548,10.688311688311687,0.0,Champions
15492,27,2,659.46,18.84171428571429,13.8,0.0,Low Value Customers
15493,32,5,1953.41,6.759204152249136,1.906574394463668,0.0,Champions
15494,20,2,1280.58,10.49655737704918,9.336065573770492,0.0,Champions
15497,17,2,1262.2,84.14666666666668,41.6,0.0,Sleeping Giants
15498,0,30,13316.4,25.806976744186045,11.823643410852712,0.0077519379844961,Champions
15500,7,4,1131.56,16.640588235294118,8.411764705882353,0.0,Champions
15502,15,10,6923.98,33.129090909090905,20.2488038277512,0.0,Champions
15503,362,1,141.04,2.1369696969696967,1.0606060606060606,0.0,Low Value Customers
15504,80,1,52.83,4.063846153846153,2.5384615384615383,0.0,Low Value Customers
15505,52,5,3610.96,37.22639175257732,24.63917525773196,0.0,Sleeping Giants
15506,22,3,972.08,6.03776397515528,5.229813664596273,0.0,Champions
15507,171,1,475.86,10.574666666666667,3.555555555555556,0.0,Low Value Customers
15508,188,6,1000.27,10.8725,4.782608695652174,0.0,Low Value Customers
15510,330,1,250.0,250.0,2.0,0.0,Low Value Customers
15511,11,5,900.53,5.699556962025317,1.7025316455696202,0.0,Champions
15512,155,2,121.0,17.285714285714285,9.714285714285714,0.0,Low Value Customers
15513,30,19,14758.22,47.9162987012987,18.535714285714285,0.0,Champions
15514,11,11,4023.72,24.239277108433736,12.63855421686747,0.0,Champions
15516,44,3,62.43,4.162,1.8,0.0,Low Value Customers
15517,232,1,267.03,9.89,10.851851851851851,0.0,Low Value Customers
15518,63,8,1921.55,9.150238095238096,6.014285714285714,0.0,Champions
15520,1,1,343.5,19.08333333333333,17.444444444444443,0.0,Low Value Customers
15521,35,8,3000.2,16.217297297297296,9.924324324324324,0.0,Champions
15522,32,2,397.99,7.106964285714286,10.214285714285714,0.0,Low Value Customers
15523,83,1,412.01,41.201,13.2,0.0,Low Value Customers
15524,24,1,440.0,440.0,4.0,0.0,Sleeping Giants
15525,1,3,731.87,4.721741935483871,2.4838709677419355,0.0,Champions
15526,32,2,148.44,37.11,6.0,0.0,Low Value Customers
15527,18,8,2428.53,14.990925925925929,6.117283950617284,0.0,Champions
15528,253,1,229.33,8.820384615384615,4.730769230769231,0.0,Low Value Customers
15529,22,11,3960.05,5.990998487140696,5.225416036308624,0.0,Champions
15530,21,4,1497.31,13.993551401869158,8.766355140186915,0.0,Champions
15531,7,2,1972.39,9.00634703196347,4.954337899543379,0.0,Champions
15532,24,4,1554.83,6.21932,2.052,0.0,Champions
15533,18,3,807.57,9.729759036144578,3.4819277108433737,0.0,Low Value Customers
15535,172,4,502.9,6.984722222222222,1.875,0.0,Low Value Customers
15537,162,1,110.92,4.621666666666667,1.2083333333333333,0.0,Low Value Customers
15539,6,1,538.46,13.13317073170732,10.0,0.0,Low Value Customers
15540,10,1,213.3,14.22,13.333333333333334,0.0,Low Value Customers
15541,113,1,85.13,2.9355172413793102,1.6896551724137931,0.0,Low Value Customers
15543,287,1,127.86,4.566428571428571,3.071428571428572,0.0,Low Value Customers
15544,8,9,3546.71,13.693861003861004,12.003861003861005,0.0,Champions
15545,53,2,288.97,3.612125,2.025,0.0,Low Value Customers
15547,6,14,4910.6,7.065611510791367,5.753956834532374,0.0,Champions
15549,76,3,1677.71,14.84699115044248,6.115044247787611,0.0,Low Value Customers
15550,3,4,575.63,9.43655737704918,4.836065573770492,0.0,Champions
15551,36,1,436.06,15.036551724137931,7.517241379310345,0.0,Low Value Customers
15552,216,1,90.12,5.301176470588236,3.5294117647058822,0.0,Low Value Customers
15553,59,1,428.93,7.798727272727273,8.163636363636364,0.0,Low Value Customers
15554,277,1,217.2,15.514285714285714,5.285714285714286,0.0,Low Value Customers
15555,11,16,4791.87,5.414542372881356,4.968361581920904,0.0,Champions
15556,23,1,279.77,9.024838709677418,7.612903225806452,0.0,Low Value Customers
15557,28,1,468.91,24.679473684210524,11.210526315789474,0.0,Low Value Customers
15561,11,4,800.59,29.651481481481483,9.88888888888889,0.0,Champions
15562,351,1,134.55,134.55,39.0,0.0,Sleeping Giants
15563,8,3,1361.44,12.265225225225226,12.98198198198198,0.0,Champions
15565,49,2,173.16,21.645,7.5,0.0,Low Value Customers
15567,18,1,186.01,26.572857142857146,31.857142857142858,0.0,Low Value Customers
15568,2,3,758.29,14.307358490566036,8.69811320754717,0.0,Champions
15569,103,5,1375.71,44.37774193548388,21.483870967741936,0.0,Sleeping Giants
15570,6,12,4148.82,13.005705329153605,6.467084639498433,0.0,Champions
15571,11,4,650.4300000000001,11.411052631578947,4.631578947368421,0.0,Champions
15572,4,7,2533.42,11.95009433962264,5.721698113207547,0.0,Champions
15573,31,2,583.24,6.0754166666666665,3.6875,0.0,Low Value Customers
15574,177,4,675.64,4.445,2.1842105263157894,0.0,Low Value Customers
15576,37,1,921.37,21.427209302325583,9.16279069767442,0.0,Low Value Customers
15577,150,3,258.88,6.637948717948718,2.282051282051282,0.0,Low Value Customers
15578,161,1,127.1,9.776923076923076,4.0,0.0,Low Value Customers
15579,68,2,327.6,6.825,2.4375,0.0,Low Value Customers
15581,120,10,717.43,5.016993006993006,1.958041958041958,0.0,Champions
15582,24,3,682.91,15.520681818181815,10.295454545454543,0.0,Low Value Customers
15584,23,4,720.86,5.908688524590164,2.565573770491804,0.0,Champions
15585,176,1,455.3,14.687096774193549,10.32258064516129,0.0,Low Value Customers
15587,49,4,913.68,101.52,34.666666666666664,0.0,Sleeping Giants
15589,252,3,478.53,16.50103448275862,8.379310344827585,0.0,Low Value Customers
15592,46,1,388.58,16.190833333333334,14.75,0.0,Low Value Customers
15593,70,1,199.8,39.96,12.0,0.0,Low Value Customers
15594,15,5,1771.78,17.201747572815535,9.54368932038835,0.0,Champions
15596,100,5,1406.59,18.2674025974026,7.285714285714286,0.0,Champions
15597,29,1,324.57,14.753181818181815,12.681818181818182,0.0,Low Value Customers
15598,34,1,240.68,17.19142857142857,11.428571428571429,0.0,Low Value Customers
15599,26,2,761.74,14.648846153846154,13.807692307692308,0.0,Low Value Customers
15601,10,14,6776.56,16.52819512195122,12.153658536585366,0.0,Champions
15602,7,9,1297.87,28.214565217391304,24.717391304347824,0.0,Champions
15603,78,1,48.48,24.24,48.0,0.0,Low Value Customers
15604,51,1,216.39,12.728823529411764,9.352941176470589,0.0,Low Value Customers
15605,35,5,1198.23,17.88402985074627,6.582089552238806,0.0,Champions
15606,56,9,2920.16,37.92415584415584,11.584415584415584,0.0,Champions
15607,336,1,104.76,8.058461538461538,15.538461538461538,0.0,Low Value Customers
15608,27,4,1093.68,18.228,11.9,0.0,Champions
15609,182,1,298.48,18.655,9.25,0.0,Low Value Customers
15610,51,1,112.46,18.743333333333336,11.0,0.0,Low Value Customers
15611,9,11,1570.45,38.30365853658537,12.24390243902439,0.0,Champions
15612,35,2,195.15,32.525,8.666666666666666,0.0,Low Value Customers
15615,9,23,10399.74,24.585673758865248,13.02127659574468,0.0,Champions
15618,32,4,776.85,17.65568181818182,10.295454545454543,0.0,Champions
15619,10,1,336.4,112.13333333333333,45.333333333333336,0.0,Sleeping Giants
15620,49,3,1553.18,15.5318,9.15,0.0,Champions
15621,3,4,1293.03,80.814375,31.3125,0.0,Sleeping Giants
15622,2,9,3709.56,20.051675675675675,9.04864864864865,0.0,Champions
15623,140,1,301.03000000000003,15.843684210526318,6.578947368421052,0.0,Low Value Customers
15624,116,4,588.13,17.297941176470587,10.5,0.0,Low Value Customers
15625,99,4,1534.26,23.9728125,18.5625,0.0,Champions
15626,74,2,675.8,13.791836734693875,15.63265306122449,0.0,Low Value Customers
15628,4,9,2870.24,18.51767741935484,12.219354838709677,0.0,Champions
15630,44,2,1186.35,19.7725,13.333333333333334,0.0,Low Value Customers
15632,15,8,3285.31,19.67251497005988,12.62874251497006,0.0,Champions
15634,16,1,243.55,16.236666666666668,6.6,0.0,Low Value Customers
15636,89,2,724.76,28.9904,11.36,0.0,Low Value Customers
15637,52,1,223.36,14.890666666666668,8.533333333333333,0.0,Low Value Customers
15639,133,1,425.32,17.0128,12.92,0.0,Low Value Customers
15640,3,15,12416.11,26.084264705882354,13.806722689075633,0.0,Champions
15641,104,4,1887.2,15.858823529411763,13.126050420168069,0.0,Champions
15643,178,3,664.0,20.12121212121212,7.454545454545454,0.0,Low Value Customers
15644,165,4,803.54,3.4635344827586207,2.3706896551724137,0.0,Low Value Customers
15645,18,1,611.59,11.991960784313726,5.0,0.0,Low Value Customers
15646,157,3,447.64,12.789714285714286,11.257142857142858,0.0,Low Value Customers
15648,203,2,639.5,26.64583333333333,9.083333333333334,0.0,Low Value Customers
15649,335,2,816.0,408.0,96.0,0.0,Sleeping Giants
15651,36,3,646.3000000000001,20.196875,14.96875,0.0,Low Value Customers
15652,90,1,337.74,16.082857142857144,9.904761904761903,0.0,Low Value Customers
15653,92,2,877.44,146.24,200.0,0.0,Sleeping Giants
15654,8,2,922.53,43.93,22.61904761904762,0.0,Sleeping Giants
15655,232,1,560.67,16.490294117647057,9.529411764705882,0.0,Low Value Customers
15656,44,4,748.5,15.925531914893616,7.297872340425532,0.0,Low Value Customers
15657,22,1,30.0,30.0,24.0,0.0,Low Value Customers
15658,189,5,1024.1,21.335416666666664,5.041666666666667,0.0,Low Value Customers
15659,43,1,306.45,27.85909090909091,10.090909090909092,0.0,Low Value Customers
15660,24,9,1600.86,17.787333333333333,11.666666666666666,0.0,Champions
15661,316,2,309.8,61.96,47.2,0.0,Sleeping Giants
15663,105,1,138.14,15.348888888888888,11.77777777777778,0.0,Low Value Customers
15664,50,1,386.43,22.731176470588235,9.235294117647058,0.0,Low Value Customers
15665,167,2,2222.21,19.323565217391305,14.382608695652172,0.0,Low Value Customers
15667,39,1,301.32,23.178461538461537,18.46153846153846,0.0,Low Value Customers
15668,217,1,76.32,76.32,72.0,0.0,Sleeping Giants
15669,39,4,684.34,20.73757575757576,10.363636363636363,0.0,Champions
15670,296,1,173.05,14.420833333333334,7.583333333333333,0.0,Low Value Customers
15671,18,7,2657.13,34.065769230769234,21.78205128205128,0.0,Champions
15673,87,4,2726.23,19.755289855072466,10.514492753623188,0.0,Champions
15674,72,4,2111.89,18.68929203539823,11.27433628318584,0.0,Champions
15675,80,3,323.69,15.413809523809524,25.09523809523809,0.0,Low Value Customers
15676,8,3,3435.76,17.008712871287127,11.148514851485148,0.0,Champions
15677,48,1,657.23,19.916060606060608,9.666666666666666,0.0,Low Value Customers
15678,52,1,352.7,29.391666666666666,15.333333333333334,0.0,Low Value Customers
15679,23,4,781.28,7.102545454545455,10.636363636363637,0.0,Champions
15680,8,3,1333.68,17.09846153846154,12.205128205128204,0.0,Champions
15681,17,5,1426.16,26.90867924528302,15.39622641509434,0.0,Champions
15683,116,1,193.75,19.375,13.1,0.0,Low Value Customers
15687,8,9,2993.1,18.030722891566263,7.891566265060241,0.0,Champions
15689,119,2,254.1,28.23333333333333,9.333333333333334,0.0,Low Value Customers
15690,3,2,239.76,12.618947368421052,21.473684210526315,0.0,Low Value Customers
15691,251,1,136.8,68.4,36.0,0.0,Sleeping Giants
15692,27,1,191.04,15.92,11.5,0.0,Low Value Customers
15694,0,13,6464.4,83.95324675324675,21.766233766233768,0.0,Champions
15695,266,2,409.98,18.635454545454547,9.636363636363637,0.0,Low Value Customers
15696,32,8,2711.11,16.137559523809525,6.041666666666667,0.0,Champions
15699,17,1,309.65,17.202777777777776,6.277777777777778,0.0,Low Value Customers
15700,171,2,696.68,8.10093023255814,4.151162790697675,0.0,Low Value Customers
15701,1,4,1529.0,6.647826086956521,3.965217391304348,0.0,Champions
15703,264,1,211.5,42.3,13.2,0.0,Low Value Customers
15704,139,4,2293.62,19.603589743589744,8.786324786324787,0.0,Champions
15705,200,1,143.1,23.85,10.333333333333334,0.0,Low Value Customers
15706,59,4,1060.56,19.28290909090909,5.836363636363636,0.0,Champions
15707,34,4,916.98,4.473073170731707,2.897560975609756,0.0,Low Value Customers
15708,40,7,3235.25,11.8507326007326,4.457875457875458,0.0,Champions
15709,283,1,133.25,22.20833333333333,20.166666666666668,0.0,Low Value Customers
15712,8,5,1072.36,20.23320754716981,9.169811320754716,0.0,Champions
15713,142,2,356.7,18.77368421052632,7.894736842105263,0.0,Low Value Customers
15714,11,2,330.03,9.706764705882351,5.470588235294118,0.0,Low Value Customers
15716,145,4,1101.11,9.41119658119658,6.307692307692308,0.0,Low Value Customers
15717,233,1,150.3,21.47142857142857,10.0,0.0,Low Value Customers
15719,32,13,5028.42,5.406903225806452,2.921505376344086,0.0,Champions
15720,23,1,598.73,4.677578125,2.1953125,0.0,Low Value Customers
15721,11,1,471.4,5.6119047619047615,4.619047619047619,0.0,Low Value Customers
15722,35,5,2211.21,33.00313432835821,15.26865671641791,0.0,Champions
15723,364,1,190.7,5.018421052631579,1.9210526315789476,0.0,Low Value Customers
15724,200,2,218.25,19.84090909090909,6.636363636363637,0.0,Low Value Customers
15725,14,1,415.25,12.9765625,6.90625,0.0,Low Value Customers
15727,16,7,5159.06,17.139734219269105,10.17607973421927,0.0,Champions
15729,197,1,85.0,17.0,5.6,0.0,Low Value Customers
15730,65,3,1120.88,16.01257142857143,9.842857142857143,0.0,Low Value Customers
15732,211,2,294.12,21.00857142857143,15.357142857142858,0.0,Low Value Customers
15733,282,1,162.3,16.23,6.2,0.0,Low Value Customers
15734,114,2,1339.45,51.517307692307696,13.307692307692308,0.0,Sleeping Giants
15737,14,8,1188.12,16.73408450704225,8.408450704225352,0.0,Champions
15738,18,16,4812.42,27.81745664739885,17.23699421965318,0.0,Champions
15739,65,1,449.12,56.14,59.0,0.0,Sleeping Giants
15740,48,1,154.88,17.20888888888889,16.88888888888889,0.0,Low Value Customers
15743,15,4,775.96,9.022790697674418,2.488372093023256,0.0,Champions
15744,77,1,34.8,11.6,40.0,0.0,Low Value Customers
15745,8,4,1094.59,17.654677419354837,6.790322580645161,0.0,Champions
15746,133,1,196.88,7.031428571428571,6.357142857142857,0.0,Low Value Customers
15747,12,3,946.64,10.518222222222224,5.177777777777778,0.0,Champions
15748,39,1,144.36,7.218000000000001,2.5,0.0,Low Value Customers
15749,234,3,44534.3,4453.43,1802.8,0.0,Sleeping Giants
15750,2,8,2463.05,8.464089347079039,6.1271477663230245,0.0,Champions
15752,39,7,2626.6,6.485432098765432,4.839506172839506,0.0,Champions
15753,304,1,79.2,79.2,144.0,0.0,Sleeping Giants
15754,50,3,458.57,16.3775,7.107142857142857,0.0,Low Value Customers
15755,0,6,2364.25,16.7677304964539,10.120567375886525,0.0,Champions
15756,60,4,528.01,2.764450261780105,1.2617801047120418,0.0,Low Value Customers
15757,65,2,714.42,15.876,10.911111111111111,0.0,Low Value Customers
15758,24,1,205.25,22.80555555555556,5.222222222222222,0.0,Low Value Customers
15759,217,3,253.04,36.14857142857143,8.571428571428571,0.0,Low Value Customers
15762,64,2,583.75,15.777027027027026,6.783783783783784,0.0,Low Value Customers
15763,31,2,1086.92,17.818360655737706,4.442622950819672,0.0,Low Value Customers
15764,80,6,3279.97,18.222055555555556,11.38888888888889,0.0,Champions
15766,63,1,315.06,28.64181818181818,15.454545454545457,0.0,Low Value Customers
15768,115,3,621.83,23.030740740740743,9.037037037037036,0.0,Low Value Customers
15769,6,26,56252.72,432.7132307692308,228.24615384615385,0.0,Sleeping Giants
15773,5,1,635.6800000000001,63.568000000000005,31.1,0.0,Sleeping Giants
15774,68,1,270.8,10.832,3.48,0.0,Low Value Customers
15775,244,1,104.9,14.985714285714286,9.714285714285714,0.0,Low Value Customers
15776,132,1,241.62,13.423333333333334,7.666666666666667,0.0,Low Value Customers
15777,240,4,1047.11,49.86238095238096,18.0,0.0,Sleeping Giants
15780,183,3,475.28,16.38896551724138,7.586206896551724,0.0,Low Value Customers
15781,24,3,345.46,17.273,9.0,0.0,Low Value Customers
15782,9,3,2614.74,60.80790697674418,20.093023255813957,0.0,Sleeping Giants
15783,10,1,246.3,17.592857142857145,15.142857142857142,0.0,Low Value Customers
15785,29,5,2328.9700000000003,28.059879518072293,19.42168674698795,0.0,Champions
15786,43,3,4919.0,18.49248120300752,12.556390977443607,0.0,Champions
15787,25,3,933.26,4.6663,2.67,0.0,Low Value Customers
15789,357,1,351.3,14.052,17.52,0.0,Low Value Customers
15790,9,1,218.75,6.4338235294117645,3.323529411764706,0.0,Low Value Customers
15791,43,2,1612.69,21.502533333333336,9.746666666666666,0.0,Low Value Customers
15793,8,3,965.61,80.4675,46.083333333333336,0.0,Sleeping Giants
15795,149,1,610.01,14.524047619047618,13.833333333333334,0.0,Low Value Customers
15796,0,9,2707.61,20.51219696969697,6.5,0.0075757575757575,Champions
15797,112,3,2192.4,313.2,124.57142857142856,0.0,Sleeping Giants
15799,75,3,884.14,9.021836734693878,9.744897959183673,0.0,Low Value Customers
15800,106,2,696.89,5.956324786324786,2.8376068376068377,0.0,Low Value Customers
15801,45,3,1063.95,16.62421875,8.90625,0.0,Low Value Customers
15803,50,1,415.82,51.9775,36.25,0.0,Sleeping Giants
15804,0,13,4206.39,16.05492366412214,9.790076335877863,0.0,Champions
15805,22,17,5488.18,18.355117056856187,11.26086956521739,0.0,Champions
15806,45,3,784.58,25.30903225806452,19.41935483870968,0.0,Low Value Customers
15807,49,3,903.9,18.83125,8.958333333333334,0.0,Low Value Customers
15808,305,4,3651.27,18.72446153846154,6.6923076923076925,0.0,Champions
15809,35,5,515.77,14.736285714285714,8.6,0.0,Champions
15810,78,4,1391.98,15.640224719101123,9.674157303370787,0.0,Champions
15811,16,6,2218.62,16.681353383458646,8.052631578947368,0.0,Champions
15812,106,5,1801.14,43.930243902439024,22.48780487804878,0.0,Sleeping Giants
15813,207,2,1303.91,32.59775,15.075,0.0,Low Value Customers
15814,2,4,1945.33,27.018472222222226,17.65277777777778,0.0,Champions
15815,63,5,2100.6,42.86938775510204,37.87755102040816,0.0,Sleeping Giants
15819,48,4,1905.45,15.491463414634149,11.032520325203253,0.0,Champions
15820,319,1,206.98,12.175294117647056,7.529411764705882,0.0,Low Value Customers
15821,43,2,570.96,9.209032258064516,3.2580645161290325,0.0,Low Value Customers
15822,2,2,885.47,26.83242424242424,11.363636363636363,0.0,Champions
15823,336,1,15.0,15.0,1.0,0.0,Low Value Customers
15825,171,1,532.94,26.647,11.0,0.0,Low Value Customers
15826,50,3,1654.31,24.32808823529412,14.161764705882351,0.0,Champions
15827,72,14,1836.09,15.966,7.669565217391304,0.0,Champions
15829,98,2,636.14,12.473333333333333,19.529411764705884,0.0,Low Value Customers
15830,28,1,576.0,14.76923076923077,10.64102564102564,0.0,Low Value Customers
15831,57,3,794.64,12.04,16.545454545454547,0.0,Low Value Customers
15832,253,1,836.79,15.49611111111111,8.61111111111111,0.0,Low Value Customers
15834,69,4,2222.65,8.293470149253732,3.578358208955224,0.0,Champions
15835,43,4,954.09,19.0818,8.78,0.0,Champions
15836,44,1,137.37,13.737,2.6,0.0,Low Value Customers
15837,64,1,391.98,16.3325,7.875,0.0,Low Value Customers
15838,10,20,33643.08,200.2564285714286,109.32738095238096,0.0059523809523809,Sleeping Giants
15839,24,3,1048.49,16.911129032258064,10.887096774193548,0.0,Champions
15840,58,2,355.56,13.168888888888889,14.666666666666666,0.0,Low Value Customers
15841,63,4,1224.06,26.04382978723404,20.04255319148936,0.0,Champions
15843,303,1,118.95,14.86875,3.375,0.0,Low Value Customers
15844,45,1,130.74,11.885454545454548,12.181818181818182,0.0,Low Value Customers
15845,17,8,3711.77,26.89688405797101,13.956521739130435,0.0,Champions
15847,37,2,389.27,17.694090909090907,20.40909090909091,0.0,Low Value Customers
15850,18,2,234.88,2.525591397849462,3.204301075268817,0.0,Low Value Customers
15852,186,2,160.71,7.305000000000001,2.1818181818181817,0.0,Low Value Customers
15853,51,1,110.8,3.693333333333333,4.5,0.0,Low Value Customers
15854,3,12,2969.12,21.51536231884058,6.710144927536232,0.0,Champions
15855,136,5,712.24,8.903,5.875,0.0,Low Value Customers
15856,3,27,16142.38,25.74542264752791,17.32535885167464,0.0,Champions
15857,18,1,297.0,21.214285714285715,22.0,0.0,Low Value Customers
15858,15,5,1427.57,7.59345744680851,6.1861702127659575,0.0,Champions
15860,40,8,965.16,6.943597122302158,3.143884892086331,0.0,Champions
15861,11,8,3146.92,5.82762962962963,4.681481481481481,0.0,Champions
15862,7,4,832.88,5.665850340136054,3.979591836734694,0.0,Champions
15863,25,2,68.84,3.824444444444445,1.0555555555555556,0.0,Low Value Customers
15864,21,6,1936.32,96.816,59.6,0.0,Sleeping Giants
15865,40,3,895.13,22.37825,9.2,0.0,Low Value Customers
15866,100,1,211.89,4.927674418604651,2.883720930232558,0.0,Low Value Customers
15867,4,15,3803.6,8.322975929978117,4.461706783369803,0.0,Champions
15869,276,2,149.64,9.976,11.666666666666666,0.0,Low Value Customers
15870,32,1,351.44,4.749189189189189,4.5,0.0,Low Value Customers
15872,14,2,316.25,2.928240740740741,1.7314814814814814,0.0,Low Value Customers
15874,62,7,4405.88,36.71566666666667,21.116666666666667,0.0,Champions
15877,1,2,490.33,3.891507936507936,2.9206349206349205,0.0,Champions
15880,368,1,329.03,3.427395833333333,2.1041666666666665,0.0,Low Value Customers
15881,311,5,501.39,17.289310344827587,8.96551724137931,0.0,Low Value Customers
15882,198,4,514.08,23.36727272727273,12.0,0.0,Low Value Customers
15883,1,2,396.48,8.091428571428573,4.551020408163265,0.0,Champions
15885,92,1,349.35,21.834375,6.8125,0.0,Low Value Customers
15886,59,1,181.09,15.090833333333334,12.25,0.0,Low Value Customers
15888,79,1,162.64,16.264,6.7,0.0,Low Value Customers
15889,156,2,400.77,4.828554216867469,2.409638554216868,0.0,Low Value Customers
15891,226,1,509.13,8.629322033898305,7.067796610169491,0.0,Low Value Customers
15894,252,2,257.6,7.155555555555556,4.527777777777778,0.0,Low Value Customers
15895,149,1,179.17,16.288181818181815,8.545454545454545,0.0,Low Value Customers
15897,193,2,208.59,9.481363636363636,10.136363636363637,0.0,Low Value Customers
15898,0,5,1383.83,16.474166666666665,6.75,0.0,Champions
15899,368,1,56.25,14.0625,9.75,0.0,Low Value Customers
15900,23,1,337.28000000000003,7.176170212765958,4.595744680851064,0.0,Low Value Customers
15901,16,3,349.75,3.208715596330275,3.412844036697248,0.0,Low Value Customers
15903,9,7,5126.76,69.28054054054054,32.567567567567565,0.0,Sleeping Giants
15904,7,1,164.68,5.489333333333334,2.8,0.0,Low Value Customers
15906,19,7,1567.69,10.451266666666667,3.6266666666666665,0.0,Champions
15907,3,3,881.87,3.9194222222222224,2.12,0.0,Champions
15909,173,1,191.94,27.42,14.0,0.0,Low Value Customers
15910,0,8,1228.88,4.61984962406015,3.808270676691729,0.0,Champions
15912,177,2,264.62,13.927368421052632,9.736842105263158,0.0,Low Value Customers
15916,15,8,1502.86,9.952715231788078,4.9801324503311255,0.0,Champions
15917,247,1,123.1,10.258333333333333,3.5,0.0,Low Value Customers
15918,190,2,334.23,8.35575,3.825,0.0,Low Value Customers
15919,19,2,525.69,4.308934426229508,3.1557377049180326,0.0,Low Value Customers
15920,153,3,163.55,2.819827586206897,1.6206896551724137,0.0,Low Value Customers
15921,172,1,323.03000000000003,13.459583333333336,6.75,0.0,Low Value Customers
15922,371,1,369.5,33.59090909090909,12.545454545454543,0.0,Low Value Customers
15923,372,1,127.08,6.051428571428572,5.809523809523809,0.0,Low Value Customers
15925,193,1,207.15,17.2625,7.75,0.0,Low Value Customers
15930,66,1,426.63,20.31571428571429,6.619047619047619,0.0,Low Value Customers
15932,3,8,2495.87,21.703217391304342,20.217391304347824,0.0,Champions
15933,20,3,1107.46,14.965675675675676,11.95945945945946,0.0,Champions
15935,238,1,108.04,9.82181818181818,10.363636363636363,0.0,Low Value Customers
15937,63,1,145.35,20.764285714285712,10.428571428571429,0.0,Low Value Customers
15938,111,5,404.58,22.476666666666667,13.333333333333334,0.0,Low Value Customers
15939,89,15,6115.01,80.46065789473684,62.21052631578947,0.0,Sleeping Giants
15940,310,1,35.8,35.8,4.0,0.0,Low Value Customers
15942,133,1,337.44,24.102857142857143,16.571428571428573,0.0,Low Value Customers
15944,276,1,325.1,54.18333333333333,8.333333333333334,0.0,Low Value Customers
15945,364,1,181.0,90.5,26.0,0.0,Sleeping Giants
15947,82,1,1708.24,58.9048275862069,30.96551724137931,0.0,Sleeping Giants
15948,7,2,955.24,15.920666666666667,9.45,0.0,Champions
15949,16,2,364.72,19.195789473684208,14.947368421052632,0.0,Low Value Customers
15950,1,4,1744.71,17.986701030927836,7.412371134020619,0.0,Champions
15951,0,2,708.22,17.273658536585366,7.634146341463414,0.0,Champions
15952,33,4,781.91,9.30845238095238,4.654761904761905,0.0,Champions
15953,14,8,1657.28,17.085360824742267,9.185567010309278,0.0,Champions
15955,23,14,4416.26,24.13256830601093,11.666666666666666,0.0,Champions
15957,31,1,428.89,10.211666666666666,5.023809523809524,0.0,Low Value Customers
15958,73,1,104.35,14.907142857142857,4.714285714285714,0.0,Low Value Customers
15963,19,2,470.76,16.812857142857144,10.642857142857142,0.0,Low Value Customers
15965,16,4,808.87,7.287117117117117,3.90990990990991,0.0,Champions
15967,22,2,397.68,4.971,2.5625,0.0,Low Value Customers
15969,2,3,666.1,33.305,6.2,0.0,Champions
15970,303,1,314.1,28.55454545454545,10.545454545454543,0.0,Low Value Customers
15971,17,12,4194.9,123.37941176470588,50.47058823529412,0.0,Sleeping Giants
15973,235,1,307.82,76.955,26.5,0.0,Sleeping Giants
15974,38,7,3442.15,19.557670454545452,12.852272727272728,0.0,Champions
15975,83,1,371.01,15.45875,10.125,0.0,Low Value Customers
15976,164,2,427.64,4.454583333333333,2.864583333333333,0.0,Low Value Customers
15977,16,2,1054.73,16.226615384615386,15.63076923076923,0.0,Champions
15978,76,1,1098.78,22.42408163265306,18.12244897959184,0.0,Low Value Customers
15980,88,3,2398.86,55.78744186046512,36.27906976744186,0.0,Sleeping Giants
15981,24,8,3408.48,35.13896907216495,19.23711340206185,0.0,Champions
15983,21,4,1465.12,13.081428571428573,7.910714285714286,0.0,Champions
15984,2,10,2780.63,10.777635658914727,7.034883720930233,0.0,Champions
15985,122,2,1142.42,30.876216216216218,29.35135135135135,0.0,Sleeping Giants
15986,29,1,168.12,12.008571428571427,19.142857142857142,0.0,Low Value Customers
15987,11,7,1432.77,11.193515625,11.9765625,0.0,Champions
15988,18,1,156.78,6.03,6.923076923076923,0.0,Low Value Customers
15990,43,2,792.11,15.232884615384616,8.51923076923077,0.0,Low Value Customers
15992,3,1,41.99,13.996666666666664,5.666666666666667,0.0,Low Value Customers
15993,8,7,2768.97,5.10880073800738,3.7472324723247232,0.0,Champions
15994,54,1,414.27,12.9459375,5.40625,0.0,Low Value Customers
15996,87,6,1032.58,8.130551181102362,2.9921259842519685,0.0,Champions
15998,36,5,3080.22,6.111547619047618,4.031746031746032,0.0,Champions
16000,2,3,12393.7,1377.0777777777778,567.7777777777778,0.0,Sleeping Giants
16003,29,5,2735.37,26.55699029126213,11.50485436893204,0.0,Champions
16005,11,4,578.71,2.8791542288557217,1.3930348258706469,0.0,Champions
16006,210,1,101.4,12.675,10.5,0.0,Low Value Customers
16007,47,4,1693.81,4.445695538057743,3.643044619422572,0.0,Champions
16008,23,3,478.78,14.508484848484848,9.787878787878787,0.0,Low Value Customers
16009,21,4,972.11,11.855,4.463414634146342,0.0,Champions
16010,245,3,392.4,4.9670886075949365,2.556962025316456,0.0,Low Value Customers
16011,7,16,3352.96,15.966476190476191,9.69047619047619,0.0,Champions
16012,34,3,1415.29,15.05627659574468,8.5,0.0,Champions
16013,3,48,37130.6,265.2185714285714,110.28571428571428,0.0071428571428571,Sleeping Giants
16014,35,3,646.83,4.687173913043479,1.8695652173913044,0.0,Low Value Customers
16015,3,3,704.26,3.912555555555556,5.033333333333333,0.0,Champions
16016,2,8,1465.51,6.542455357142857,2.6875,0.0,Champions
16017,46,1,211.88,6.62125,3.1875,0.0,Low Value Customers
16018,38,2,408.9,14.603571428571428,6.785714285714286,0.0,Low Value Customers
16019,1,9,3786.24,23.664,10.83125,0.0,Champions
16020,16,3,851.01,18.500217391304343,10.58695652173913,0.0,Champions
16022,259,1,602.63,8.48774647887324,3.591549295774648,0.0,Low Value Customers
16023,45,3,719.81,7.126831683168317,3.5445544554455446,0.0,Low Value Customers
16024,11,1,245.75,4.028688524590164,6.180327868852459,0.0,Low Value Customers
16025,29,1,439.66,15.702142857142857,12.071428571428571,0.0,Low Value Customers
16026,42,1,236.09,7.3778125,7.59375,0.0,Low Value Customers
16027,91,6,934.62,58.41375,71.6875,0.0,Sleeping Giants
16029,38,68,72708.09,295.56134146341464,162.8211382113821,0.024390243902439,Sleeping Giants
16030,309,1,331.24,11.422068965517242,9.758620689655173,0.0,Low Value Customers
16031,91,2,547.9,5.590816326530612,4.295918367346939,0.0,Low Value Customers
16033,5,20,8778.82,7.782641843971631,3.12854609929078,0.0,Champions
16034,195,3,437.7000000000001,19.895454545454548,11.0,0.0,Low Value Customers
16036,86,2,758.9200000000001,13.798545454545456,13.018181818181818,0.0,Low Value Customers
16037,269,3,855.02,21.923589743589744,10.974358974358974,0.0,Low Value Customers
16038,7,3,471.78,18.14538461538461,9.384615384615383,0.0,Champions
16040,64,3,1313.55,20.20846153846154,10.523076923076925,0.0,Low Value Customers
16041,30,3,3166.4,527.7333333333333,264.0,0.0,Sleeping Giants
16042,21,5,1177.47,16.821,10.614285714285714,0.0,Champions
16043,37,4,773.99,19.845897435897434,12.897435897435898,0.0,Champions
16045,119,4,1340.7,16.15301204819277,10.80722891566265,0.0,Low Value Customers
16048,85,2,256.44,32.055,18.0,0.0,Low Value Customers
16049,39,3,1074.81,3.5946822742474915,2.551839464882943,0.0,Low Value Customers
16050,173,1,137.9,13.79,27.8,0.0,Low Value Customers
16052,53,1,362.06,10.648823529411764,8.294117647058824,0.0,Low Value Customers
16053,32,2,1511.95,17.999404761904763,21.34523809523809,0.0,Champions
16054,144,1,783.9,11.198571428571428,5.428571428571429,0.0,Low Value Customers
16055,220,1,134.8,16.85,2.75,0.0,Low Value Customers
16056,44,1,650.75,9.859848484848484,5.227272727272728,0.0,Low Value Customers
16057,3,7,2263.12,18.703471074380165,7.132231404958677,0.0,Champions
16059,65,6,1453.16,8.163820224719101,3.601123595505618,0.0,Champions
16062,9,4,1153.62,18.0253125,12.5,0.0,Champions
16063,259,1,335.32,14.57913043478261,11.391304347826088,0.0,Low Value Customers
16065,364,1,367.14,5.02931506849315,3.1232876712328768,0.0,Low Value Customers
16066,16,5,1521.04,15.05980198019802,9.257425742574258,0.0,Champions
16070,21,2,852.15,25.82272727272727,13.848484848484848,0.0,Low Value Customers
16071,44,1,326.24,15.535238095238096,8.571428571428571,0.0,Low Value Customers
16072,287,1,584.3199999999999,25.405217391304344,6.086956521739131,0.0,Low Value Customers
16073,291,1,122.4,122.4,48.0,0.0,Sleeping Giants
16076,2,10,2234.73,17.323488372093024,11.124031007751938,0.0,Champions
16078,283,1,79.2,79.2,16.0,0.0,Low Value Customers
16079,16,3,1352.0,64.38095238095238,41.142857142857146,0.0,Sleeping Giants
16080,81,2,217.16,21.716,12.8,0.0,Low Value Customers
16081,55,5,2799.42,12.553452914798209,6.605381165919282,0.0,Champions
16083,100,2,1317.62,42.50387096774193,29.29032258064516,0.0,Sleeping Giants
16084,298,1,436.18,11.47842105263158,5.684210526315789,0.0,Low Value Customers
16085,22,5,981.51,5.877305389221557,3.808383233532934,0.0,Champions
16086,58,5,1121.39,28.753589743589743,13.102564102564102,0.0,Champions
16091,154,2,315.06,17.503333333333334,8.555555555555555,0.0,Low Value Customers
16092,98,3,817.86,16.036470588235293,12.31372549019608,0.0,Low Value Customers
16093,106,1,17.0,17.0,20.0,0.0,Low Value Customers
16094,11,4,1078.23,17.114761904761906,10.26984126984127,0.0,Champions
16096,263,1,320.62,26.718333333333334,12.916666666666666,0.0,Low Value Customers
16097,239,1,185.05,18.505,8.7,0.0,Low Value Customers
16098,87,7,2005.63,29.934776119402983,9.149253731343284,0.0,Champions
16099,49,3,731.9,18.766666666666666,11.128205128205128,0.0,Low Value Customers
16101,8,1,1290.7,16.982894736842105,9.960526315789474,0.0,Low Value Customers
16102,41,3,1842.14,32.318245614035085,16.526315789473685,0.0,Champions
16103,6,6,1429.64,29.784166666666668,11.625,0.0,Champions
16104,61,1,298.21,10.650357142857144,4.357142857142857,0.0,Low Value Customers
16105,248,1,336.96,25.92,25.384615384615383,0.0,Low Value Customers
16106,65,1,108.38,18.063333333333333,12.333333333333334,0.0,Low Value Customers
16107,17,7,3204.16,103.36,37.935483870967744,0.0,Sleeping Giants
16108,84,1,842.5,17.552083333333332,12.8125,0.0,Low Value Customers
16109,218,2,611.88,33.99333333333333,34.0,0.0,Sleeping Giants
16110,44,3,1320.95,3.8624269005847953,2.1052631578947367,0.0,Low Value Customers
16112,142,4,195.74,12.23375,35.875,0.0,Low Value Customers
16113,182,1,161.38,5.379333333333333,5.866666666666666,0.0,Low Value Customers
16114,170,1,135.75,16.96875,5.375,0.0,Low Value Customers
16115,9,8,1660.88,5.952974910394265,3.5627240143369177,0.0,Champions
16116,205,1,612.78,18.02294117647059,7.294117647058823,0.0,Low Value Customers
16117,189,1,232.21,7.740333333333334,4.333333333333333,0.0,Low Value Customers
16119,7,2,423.36,26.46,15.0,0.0,Low Value Customers
16120,58,4,1309.14,43.638000000000005,29.266666666666666,0.0,Sleeping Giants
16121,56,2,854.66,4.189509803921569,2.823529411764706,0.0,Low Value Customers
16122,72,4,684.42,18.011052631578945,29.68421052631579,0.0,Low Value Customers
16123,51,1,307.78,19.23625,10.625,0.0,Low Value Customers
16124,315,1,249.0,22.63636363636364,4.363636363636363,0.0,Low Value Customers
16125,366,1,289.35,22.25769230769231,9.538461538461538,0.0,Low Value Customers
16126,28,4,6287.77,53.741623931623934,18.16239316239316,0.0,Sleeping Giants
16127,38,1,656.25,16.40625,8.075,0.0,Low Value Customers
16128,17,5,1880.22,21.126067415730336,11.101123595505618,0.0,Champions
16131,51,6,3506.54,44.95564102564102,23.102564102564106,0.0,Sleeping Giants
16133,3,33,14589.04,43.16284023668639,26.292899408284025,0.0,Champions
16134,21,2,618.09,17.659714285714287,10.6,0.0,Low Value Customers
16135,262,1,517.55,24.64523809523809,9.952380952380953,0.0,Low Value Customers
16136,59,3,709.38,19.172432432432437,11.891891891891891,0.0,Low Value Customers
16139,18,3,635.41,20.497096774193547,10.64516129032258,0.0,Champions
16140,52,2,725.18,20.71942857142857,20.857142857142858,0.0,Low Value Customers
16141,87,1,620.4,20.68,7.933333333333334,0.0,Low Value Customers
16142,249,1,535.34,14.46864864864865,11.405405405405403,0.0,Low Value Customers
16143,2,6,2424.94,20.725982905982907,7.854700854700854,0.0,Champions
16144,246,1,175.2,175.2,16.0,0.0,Sleeping Giants
16145,8,11,3799.49,16.96200892857143,13.941964285714286,0.0,Champions
16146,156,3,734.13,25.314827586206896,14.724137931034482,0.0,Low Value Customers
16147,133,1,375.0,17.045454545454547,11.181818181818182,0.0,Low Value Customers
16148,295,1,76.32,76.32,72.0,0.0,Sleeping Giants
16149,4,2,280.52,15.584444444444443,17.11111111111111,0.0,Low Value Customers
16150,38,5,2053.02,17.547179487179488,8.948717948717949,0.0,Champions
16152,268,1,1829.04,63.07034482758621,22.13793103448276,0.0,Sleeping Giants
16153,49,5,1824.23,20.496966292134832,12.0561797752809,0.0,Champions
16156,8,9,3092.04,24.1565625,9.9453125,0.0,Champions
16157,15,3,656.6899999999999,36.48277777777778,19.27777777777778,0.0,Champions
16159,281,1,348.2,24.87142857142857,16.857142857142858,0.0,Low Value Customers
16160,63,2,1025.44,51.272000000000006,58.1,0.0,Sleeping Giants
16161,1,19,5533.67,11.748768577494692,5.484076433121019,0.0,Champions
16162,251,1,37.4,18.7,2.0,0.0,Low Value Customers
16163,224,2,856.6,142.76666666666668,32.0,0.0,Sleeping Giants
16164,16,3,822.48,24.19058823529412,12.735294117647058,0.0,Champions
16168,10,27,3787.6,38.648979591836735,19.306122448979597,0.0,Champions
16169,7,4,1822.97,21.44670588235294,15.588235294117649,0.0,Champions
16170,50,6,1885.05,15.0804,14.16,0.0,Champions
16171,58,1,73.19999999999999,24.399999999999995,8.0,0.0,Low Value Customers
16172,94,5,1140.21,16.524782608695652,11.405797101449275,0.0,Champions
16173,15,6,1418.32,16.884761904761906,6.845238095238095,0.0,Champions
16174,125,3,1009.55,43.89347826086957,28.30434782608696,0.0,Sleeping Giants
16175,93,4,1037.59,17.889482758620687,9.189655172413794,0.0,Low Value Customers
16177,49,1,331.95,22.13,6.333333333333333,0.0,Low Value Customers
16178,137,1,197.9,24.7375,11.75,0.0,Low Value Customers
16179,60,1,215.83,19.62090909090909,9.0,0.0,Low Value Customers
16180,99,8,10254.18,63.29740740740741,36.21604938271605,0.0,Sleeping Giants
16181,72,1,305.54,27.776363636363637,13.818181818181818,0.0,Low Value Customers
16182,71,4,6617.65,236.34464285714284,135.39285714285714,0.0,Sleeping Giants
16183,66,1,338.71000000000004,22.58066666666667,7.533333333333333,0.0,Low Value Customers
16184,63,6,1158.79,25.750888888888888,12.466666666666669,0.0,Champions
16185,16,2,529.41,17.07774193548387,8.387096774193548,0.0,Low Value Customers
16186,22,12,4006.94,18.38045871559633,13.853211009174313,0.0,Champions
16187,31,15,6911.44,23.428610169491524,17.11186440677966,0.0,Champions
16188,44,4,981.86,14.65462686567164,11.671641791044776,0.0,Champions
16189,15,2,215.48,19.58909090909091,12.181818181818182,0.0,Low Value Customers
16190,39,1,215.08,35.846666666666664,14.666666666666666,0.0,Low Value Customers
16191,2,13,5180.52,38.66059701492537,25.007462686567163,0.0,Champions
16193,236,1,314.45,16.55,11.526315789473683,0.0,Low Value Customers
16198,74,1,400.68,28.62,9.142857142857142,0.0,Low Value Customers
16200,3,2,1068.87,6.214360465116278,3.0,0.0,Champions
16201,2,4,1863.47,16.78801801801802,11.585585585585584,0.0,Champions
16202,360,1,365.27,20.292777777777776,10.61111111111111,0.0,Low Value Customers
16203,58,4,592.9,16.939999999999998,7.485714285714286,0.0,Low Value Customers
16204,22,1,384.18,7.6836,4.36,0.0,Low Value Customers
16205,30,4,751.03,7.823229166666667,5.333333333333333,0.0,Champions
16206,54,4,537.06,8.524761904761904,4.317460317460317,0.0,Low Value Customers
16207,24,1,394.38,20.75684210526316,7.368421052631579,0.0,Low Value Customers
16208,44,2,664.26,10.064545454545454,5.045454545454546,0.0,Low Value Customers
16209,88,5,2262.62,49.18739130434783,25.630434782608692,0.0,Sleeping Giants
16210,1,17,21076.3,172.75655737704918,61.950819672131146,0.0,Sleeping Giants
16211,80,1,547.02,23.783478260869565,6.695652173913044,0.0,Low Value Customers
16212,18,2,690.34,16.837560975609758,5.951219512195122,0.0,Low Value Customers
16213,78,1,159.0,26.5,8.0,0.0,Low Value Customers
16214,170,3,1062.75,24.15340909090909,9.545454545454543,0.0,Low Value Customers
16215,80,1,242.35,17.310714285714287,7.428571428571429,0.0,Low Value Customers
16216,266,1,914.93,24.72783783783784,6.864864864864865,0.0,Low Value Customers
16217,234,2,304.25,20.28333333333333,6.066666666666666,0.0,Low Value Customers
16218,29,7,3084.68,36.72238095238095,24.857142857142858,0.0,Champions
16221,36,3,860.86,9.061684210526316,7.515789473684211,0.0,Low Value Customers
16222,317,1,773.55,6.340573770491803,2.6639344262295084,0.0,Low Value Customers
16224,56,4,1295.3,13.492708333333333,11.625,0.0,Champions
16225,44,5,1096.32,8.181492537313432,3.679104477611941,0.0,Champions
16226,202,3,255.12,31.89,24.0,0.0,Low Value Customers
16227,218,1,314.22,52.370000000000005,15.0,0.0,Low Value Customers
16229,86,2,1010.6,21.50212765957447,6.76595744680851,0.0,Low Value Customers
16230,189,2,542.03,15.486571428571429,10.428571428571429,0.0,Low Value Customers
16232,32,4,990.88,26.78054054054054,14.864864864864863,0.0,Champions
16233,70,3,536.68,24.39454545454545,7.909090909090909,0.0,Low Value Customers
16235,40,4,857.31,19.05133333333333,7.311111111111111,0.0,Champions
16236,77,1,432.2,21.61,9.2,0.0,Low Value Customers
16239,56,2,414.2,21.8,12.0,0.0,Low Value Customers
16240,7,2,3718.8,27.546666666666667,12.155555555555557,0.0,Champions
16241,9,13,2590.31,3.954671755725191,2.203053435114504,0.0,Champions
16242,7,7,3579.86,12.259794520547944,6.743150684931507,0.0,Champions
16243,33,2,409.1,8.02156862745098,2.156862745098039,0.0,Low Value Customers
16244,211,2,1522.75,16.733516483516482,9.395604395604396,0.0,Low Value Customers
16245,23,3,1413.66,15.707333333333334,11.266666666666667,0.0,Champions
16247,169,1,114.56,7.16,11.375,0.0,Low Value Customers
16248,61,1,152.94,21.84857142857143,11.142857142857142,0.0,Low Value Customers
16249,52,5,1800.07,26.08797101449275,13.768115942028986,0.0,Champions
16250,260,2,389.44,16.226666666666667,8.666666666666666,0.0,Low Value Customers
16253,31,2,3683.86,29.95008130081301,26.284552845528456,0.0,Sleeping Giants
16255,16,8,2619.91,9.70337037037037,6.544444444444444,0.0,Champions
16256,257,1,752.4300000000001,57.87923076923077,44.69230769230769,0.0,Sleeping Giants
16257,176,1,21.95,21.95,1.0,0.0,Low Value Customers
16258,44,5,5203.51,38.54451851851852,22.177777777777777,0.0,Champions
16260,50,1,1035.45,57.525000000000006,17.27777777777778,0.0,Sleeping Giants
16261,16,4,728.54,6.122184873949579,2.5294117647058822,0.0,Champions
16265,8,9,5347.0,20.88671875,10.328125,0.0,Champions
16266,73,7,861.89,14.12934426229508,6.524590163934426,0.0,Champions
16268,70,2,617.65,14.0375,12.090909090909092,0.0,Low Value Customers
16270,352,1,1141.24,21.134074074074075,12.74074074074074,0.0,Low Value Customers
16271,2,5,1404.64,10.804923076923078,7.876923076923077,0.0,Champions
16272,116,1,411.7,16.468,8.96,0.0,Low Value Customers
16274,372,1,331.55,5.262698412698413,2.3968253968253967,0.0,Low Value Customers
16275,196,1,559.87,16.965757575757575,10.181818181818182,0.0,Low Value Customers
16276,176,1,810.5999999999999,135.1,70.0,0.0,Sleeping Giants
16278,22,1,566.38,24.625217391304343,4.956521739130435,0.0,Low Value Customers
16279,20,3,1502.78,14.177169811320754,9.867924528301886,0.0,Champions
16281,71,1,2062.06,121.29764705882351,54.94117647058823,0.0,Sleeping Giants
16282,339,1,168.3,15.3,10.363636363636363,0.0,Low Value Customers
16283,5,5,1569.11,9.509757575757575,7.4787878787878785,0.0,Champions
16284,30,2,812.68,7.89009708737864,5.194174757281553,0.0,Low Value Customers
16287,169,1,142.5,17.8125,37.25,0.0,Low Value Customers
16292,116,1,302.25,17.779411764705884,11.235294117647058,0.0,Low Value Customers
16293,8,10,2248.99,19.05923728813559,8.322033898305085,0.0,Champions
16295,9,4,1328.55,16.817088607594936,10.645569620253164,0.0,Champions
16297,212,1,301.9,15.095,10.3,0.0,Low Value Customers
16298,22,3,598.2,22.15555555555556,7.333333333333333,0.0,Low Value Customers
16302,107,1,233.22,21.201818181818183,14.363636363636363,0.0,Low Value Customers
16303,25,3,5360.63,33.09030864197531,16.41358024691358,0.0,Champions
16305,138,1,361.22,16.41909090909091,11.636363636363637,0.0,Low Value Customers
16306,213,6,632.27,15.42121951219512,11.878048780487806,0.0,Low Value Customers
16308,37,4,2560.0,640.0,2000.0,0.0,Sleeping Giants
16309,91,2,706.5699999999999,16.823095238095238,11.11904761904762,0.0,Low Value Customers
16311,17,2,616.26,16.655675675675674,10.64864864864865,0.0,Low Value Customers
16313,2,2,274.15,17.134375,10.3125,0.0,Champions
16315,330,1,226.37,16.169285714285714,5.357142857142857,0.0,Low Value Customers
16316,63,8,2938.91,19.46298013245033,9.827814569536423,0.0,Champions
16317,119,3,1341.65,19.444202898550724,12.898550724637682,0.0,Low Value Customers
16318,34,1,328.15,17.271052631578947,10.473684210526317,0.0,Low Value Customers
16319,217,1,404.4,134.8,24.0,0.0,Sleeping Giants
16320,171,2,1038.46,18.543928571428573,13.071428571428571,0.0,Low Value Customers
16321,71,5,373.65,31.1375,11.25,0.0,Low Value Customers
16322,0,2,326.75,8.83108108108108,6.243243243243243,0.0,Champions
16323,195,1,207.5,207.5,50.0,0.0,Sleeping Giants
16324,127,3,408.59,3.680990990990991,2.4324324324324325,0.0,Low Value Customers
16325,43,3,594.24,33.013333333333335,10.77777777777778,0.0,Low Value Customers
16326,5,14,3039.22,10.130733333333332,2.273333333333333,0.0,Champions
16327,13,6,3789.67,11.99262658227848,7.987341772151899,0.0,Champions
16330,17,3,251.91,6.4592307692307696,3.769230769230769,0.0,Low Value Customers
16332,27,7,1582.8,10.482119205298012,5.278145695364239,0.0,Champions
16333,7,22,26626.8,591.7066666666667,715.2,0.0,Sleeping Giants
16337,36,1,151.05,15.105,8.7,0.0,Low Value Customers
16338,156,1,214.8,19.527272727272727,8.545454545454545,0.0,Low Value Customers
16339,283,1,94.05,5.225,1.1666666666666667,0.0,Low Value Customers
16340,106,1,534.31,3.789432624113475,3.4468085106382977,0.0,Low Value Customers
16341,24,4,1971.87,25.6087012987013,18.15584415584416,0.0,Champions
16342,74,4,322.41,21.494000000000003,10.466666666666669,0.0,Low Value Customers
16343,15,2,328.58,7.641395348837209,4.069767441860465,0.0,Low Value Customers
16344,157,1,101.1,50.55,9.0,0.0,Low Value Customers
16345,43,1,565.46,15.282702702702704,7.783783783783784,0.0,Low Value Customers
16347,10,2,847.45,9.97,4.011764705882353,0.0,Low Value Customers
16348,31,7,1413.31,6.395067873303168,3.615384615384616,0.0,Champions
16349,290,1,53.5,5.944444444444445,1.0,0.0,Low Value Customers
16350,20,4,1116.47,19.58719298245614,9.56140350877193,0.0,Champions
16351,332,1,153.9,19.2375,11.25,0.0,Low Value Customers
16352,17,2,494.44,17.658571428571427,10.714285714285714,0.0,Low Value Customers
16353,3,23,6675.71,71.0181914893617,21.34042553191489,0.0,Champions
16354,62,2,395.8,10.148717948717948,3.8461538461538463,0.0,Low Value Customers
16356,197,3,211.77,6.831290322580646,3.0,0.0,Low Value Customers
16357,32,3,658.88,19.378823529411765,7.235294117647059,0.0,Low Value Customers
16358,0,4,2027.5,18.60091743119266,11.944954128440369,0.0,Champions
16359,6,9,1750.92,26.52909090909091,17.924242424242426,0.0,Champions
16360,4,6,3450.41,5.425172955974842,3.3176100628930816,0.0,Champions
16361,9,4,891.21,8.569326923076924,4.019230769230769,0.0,Champions
16362,31,5,709.99,9.220649350649351,4.415584415584416,0.0,Champions
16363,52,1,109.36,21.872,10.4,0.0,Low Value Customers
16364,11,2,705.79,13.572884615384616,5.365384615384615,0.0,Low Value Customers
16365,17,9,1540.42,30.2043137254902,9.882352941176473,0.0,Champions
16366,18,1,327.3,18.183333333333334,14.22222222222222,0.0,Low Value Customers
16367,36,2,800.67,6.304488188976378,5.062992125984252,0.0,Low Value Customers
16368,1,2,479.91,6.955217391304347,3.63768115942029,0.0,Champions
16369,17,3,1543.33,13.420260869565215,8.921739130434782,0.0,Champions
16370,81,4,1301.91,5.890995475113122,2.8959276018099547,0.0,Low Value Customers
16372,32,2,355.73,3.866630434782609,1.7173913043478262,0.0,Low Value Customers
16374,65,2,458.78,4.247962962962963,2.185185185185185,0.0,Low Value Customers
16376,8,2,974.96,7.991475409836066,5.663934426229508,0.0,Champions
16377,266,1,676.2,135.24,300.0,0.0,Sleeping Giants
16378,246,3,362.95,15.780434782608696,11.608695652173912,0.0,Low Value Customers
16379,3,4,2157.4,19.975925925925928,13.055555555555555,0.0,Champions
16380,60,1,1743.15,56.23064516129032,46.064516129032256,0.0,Sleeping Giants
16383,74,2,643.76,6.568979591836735,4.76530612244898,0.0,Low Value Customers
16384,89,2,584.5,17.71212121212121,7.878787878787879,0.0,Low Value Customers
16385,59,3,554.86,9.73438596491228,4.526315789473684,0.0,Low Value Customers
16386,28,2,302.57,3.735432098765432,2.5308641975308643,0.0,Low Value Customers
16387,322,1,94.36,23.59,11.0,0.0,Low Value Customers
16389,52,4,1382.07,40.64911764705882,36.52941176470589,0.0,Sleeping Giants
16392,269,1,217.89,5.0672093023255815,4.674418604651163,0.0,Low Value Customers
16393,1,13,3040.96,9.299571865443426,4.81039755351682,0.0,Champions
16394,49,5,1555.34,18.73903614457831,31.373493975903614,0.0,Champions
16395,60,5,1482.06,7.194466019417476,7.145631067961165,0.0,Champions
16398,144,2,1705.8,20.80243902439024,9.24390243902439,0.0,Low Value Customers
16399,18,2,406.22,5.721408450704225,3.4507042253521125,0.0,Low Value Customers
16400,94,1,303.93,10.480344827586206,5.931034482758621,0.0,Low Value Customers
16401,0,12,4098.32,22.033978494623653,20.870967741935484,0.0,Champions
16402,264,2,293.45,5.148245614035088,2.56140350877193,0.0,Low Value Customers
16403,301,1,177.5,17.75,11.4,0.0,Low Value Customers
16404,69,1,443.05,19.26304347826087,6.826086956521739,0.0,Low Value Customers
16405,301,2,167.25,33.45,37.4,0.0,Low Value Customers
16406,18,1,154.35,2.661206896551724,2.0,0.0,Low Value Customers
16407,12,10,2079.68,12.379047619047618,6.505952380952381,0.0,Champions
16409,35,5,2022.98,8.757489177489177,5.645021645021645,0.0,Champions
16411,18,2,211.7,4.8113636363636365,2.977272727272727,0.0,Low Value Customers
16412,53,1,135.99,4.533,2.1,0.0,Low Value Customers
16413,56,1,262.2,8.458064516129031,4.774193548387097,0.0,Low Value Customers
16414,21,2,126.25,18.035714285714285,3.857142857142857,0.0,Low Value Customers
16415,43,1,200.27,4.2610638297872345,3.787234042553192,0.0,Low Value Customers
16416,26,3,1051.4,14.808450704225354,9.464788732394366,0.0,Champions
16418,44,3,631.12,6.643368421052632,2.9473684210526314,0.0,Low Value Customers
16419,112,6,958.71,19.1742,8.56,0.0,Champions
16422,16,54,34684.4,92.98766756032173,88.42091152815013,0.0107238605898123,Sleeping Giants
16423,24,1,346.12,19.22888888888889,12.77777777777778,0.0,Low Value Customers
16424,190,1,133.56,26.712,17.6,0.0,Low Value Customers
16425,301,1,302.7,14.414285714285716,9.476190476190476,0.0,Low Value Customers
16426,1,10,1863.76,5.279773371104816,3.441926345609065,0.0,Champions
16427,262,2,241.06,26.784444444444446,17.333333333333332,0.0,Low Value Customers
16429,105,1,284.55,142.275,4.5,0.0,Low Value Customers
16430,56,1,300.85,50.14166666666667,17.166666666666668,0.0,Low Value Customers
16431,212,3,623.28,8.201052631578946,5.815789473684211,0.0,Low Value Customers
16432,63,1,287.40000000000003,35.925000000000004,34.5,0.0,Sleeping Giants
16433,27,1,184.26,10.838823529411764,6.235294117647059,0.0,Low Value Customers
16434,28,7,1511.8,14.128971962616822,7.102803738317757,0.0,Champions
16438,5,5,798.35,6.04810606060606,3.507575757575758,0.0,Champions
16440,7,5,3640.67,12.91017730496454,7.156028368794326,0.0,Champions
16441,66,2,381.2,15.883333333333333,7.208333333333333,0.0,Low Value Customers
16442,1,3,609.3,3.563157894736842,2.590643274853801,0.0,Champions
16444,45,4,654.67,7.793690476190475,4.845238095238095,0.0,Low Value Customers
16445,33,1,230.51,3.658888888888889,1.761904761904762,0.0,Low Value Customers
16446,0,2,168472.5,56157.5,26999.0,0.0,Sleeping Giants
16447,135,1,255.91,7.526764705882353,6.5,0.0,Low Value Customers
16448,197,1,182.99,9.631052631578948,4.0,0.0,Low Value Customers
16449,190,2,707.69,17.69225,9.175,0.0,Low Value Customers
16450,149,1,311.92,28.35636363636364,18.181818181818183,0.0,Low Value Customers
16451,87,1,266.97,19.069285714285712,8.571428571428571,0.0,Low Value Customers
16454,44,1,5.9,5.9,2.0,0.0,Low Value Customers
16455,63,7,1841.18,18.59777777777778,9.97979797979798,0.0,Champions
16456,98,5,2158.18,19.61981818181818,10.427272727272728,0.0,Champions
16457,217,1,208.36,23.151111111111117,15.555555555555555,0.0,Low Value Customers
16458,2,18,3482.74,17.241287128712873,10.663366336633665,0.0,Champions
16460,27,3,811.23,6.145681818181818,6.636363636363637,0.0,Low Value Customers
16461,177,1,142.92,4.46625,1.5,0.0,Low Value Customers
16462,63,3,136.0,45.333333333333336,5.333333333333333,0.0,Low Value Customers
16463,20,4,1422.4,17.346341463414635,14.182926829268292,0.0,Champions
16464,19,3,1298.66,5.646347826086957,4.139130434782609,0.0,Champions
16466,33,7,1595.96,10.931232876712327,5.376712328767123,0.0,Champions
16468,73,1,74.9,37.45,15.5,0.0,Low Value Customers
16469,23,4,625.42,3.6574269005847952,1.52046783625731,0.0,Low Value Customers
16470,51,4,752.77,4.590060975609756,3.182926829268293,0.0,Low Value Customers
16471,274,1,223.95,17.226923076923075,10.846153846153848,0.0,Low Value Customers
16473,164,3,316.11,17.561666666666667,10.88888888888889,0.0,Low Value Customers
16474,6,7,1810.49,5.388363095238096,2.699404761904762,0.0,Champions
16475,87,4,544.3,19.439285714285717,11.392857142857142,0.0,Low Value Customers
16477,63,7,2494.46,17.085342465753424,9.691780821917808,0.0,Champions
16478,24,3,331.0,19.47058823529412,13.176470588235292,0.0,Low Value Customers
16479,9,2,300.83,8.595142857142857,2.914285714285714,0.0,Low Value Customers
16480,75,1,769.29,14.514905660377355,8.584905660377359,0.0,Low Value Customers
16482,15,1,220.62,12.256666666666668,19.22222222222222,0.0,Low Value Customers
16483,191,1,139.35,7.334210526315789,2.3157894736842106,0.0,Low Value Customers
16484,173,2,404.3,16.172,8.0,0.0,Low Value Customers
16485,76,1,363.65,8.658333333333333,5.595238095238095,0.0,Low Value Customers
16488,32,3,498.8,17.2,25.103448275862068,0.0,Low Value Customers
16491,46,1,731.5,18.756410256410252,12.256410256410255,0.0,Low Value Customers
16493,72,4,1351.63,24.13625,20.785714285714285,0.0,Champions
16494,296,1,826.53,16.5306,13.5,0.0,Low Value Customers
16495,2,3,648.26,7.366590909090909,3.727272727272727,0.0,Champions
16496,8,3,1599.52,16.837052631578945,11.694736842105264,0.0,Champions
16497,49,6,2965.69,21.80654411764706,10.264705882352942,0.0,Champions
16498,160,2,100.97,6.731333333333334,3.0,0.0,Low Value Customers
16499,359,2,365.45,19.23421052631579,6.684210526315789,0.0,Low Value Customers
16500,4,6,400.86,36.441818181818185,11.181818181818182,0.0,Champions
16503,106,4,1431.93,17.046785714285715,6.773809523809524,0.0,Low Value Customers
16504,24,1,465.88,5.613012048192771,6.144578313253012,0.0,Low Value Customers
16505,31,1,777.5999999999999,194.4,144.0,0.0,Sleeping Giants
16506,19,2,90.3,30.1,14.0,0.0,Low Value Customers
16509,296,1,363.7,27.976923076923075,4.923076923076923,0.0,Low Value Customers
16510,371,1,248.1,19.084615384615383,7.076923076923077,0.0,Low Value Customers
16511,21,3,916.33,5.799556962025317,2.537974683544304,0.0,Low Value Customers
16513,4,4,874.59,24.98828571428572,11.628571428571428,0.0,Champions
16515,51,5,1624.14,14.631891891891891,7.441441441441442,0.0,Champions
16516,29,1,101.7,16.95,9.666666666666666,0.0,Low Value Customers
16517,276,1,162.70000000000002,9.57058823529412,5.647058823529412,0.0,Low Value Customers
16518,60,2,484.32,12.108,8.175,0.0,Low Value Customers
16519,24,2,212.98,17.74833333333333,4.416666666666667,0.0,Low Value Customers
16520,185,3,1046.57,6.708782051282051,3.576923076923077,0.0,Low Value Customers
16523,1,21,9418.47,32.47748275862069,14.70689655172414,0.0,Champions
16525,1,26,13027.45,71.18825136612023,40.4207650273224,0.0,Champions
16526,171,1,290.36,19.357333333333333,7.066666666666666,0.0,Low Value Customers
16527,80,1,228.06,16.29,7.571428571428571,0.0,Low Value Customers
16528,3,1,244.41,14.377058823529412,10.058823529411764,0.0,Low Value Customers
16529,189,1,455.25,15.175,6.6,0.0,Low Value Customers
16531,21,7,1244.59,16.163506493506492,11.883116883116884,0.0,Champions
16532,17,3,6748.8,1687.2,504.0,0.0,Sleeping Giants
16533,18,3,1082.81,6.1523295454545455,3.471590909090909,0.0,Champions
16535,4,1,593.75,19.15322580645161,11.483870967741936,0.0,Low Value Customers
16536,106,1,548.12,10.15037037037037,4.62962962962963,0.0,Low Value Customers
16539,2,4,1388.81,30.86244444444444,10.6,0.0,Champions
16542,53,1,119.62,23.924,9.2,0.0,Low Value Customers
16545,164,1,339.3,113.1,26.0,0.0,Sleeping Giants
16546,290,2,787.15,31.486,21.96,0.0,Low Value Customers
16549,9,10,4034.9,4.362054054054054,2.48,0.0,Champions
16550,108,5,2298.97,9.159243027888444,6.135458167330677,0.0,Champions
16551,95,3,922.12,28.81625,30.3125,0.0,Sleeping Giants
16552,242,2,379.73,22.33705882352941,12.882352941176473,0.0,Low Value Customers
16553,162,12,5719.82,68.09309523809523,54.76190476190476,0.0,Sleeping Giants
16554,2,3,837.1,16.098076923076924,7.730769230769231,0.0,Champions
16555,34,2,285.89,16.81705882352941,10.294117647058824,0.0,Low Value Customers
16556,66,7,3313.79,16.008647342995168,9.130434782608695,0.0,Champions
16557,23,2,281.85,25.622727272727275,10.090909090909092,0.0,Low Value Customers
16558,0,20,8338.49,18.127152173913043,11.689130434782609,0.0,Champions
16560,20,2,841.41,15.02517857142857,8.928571428571429,0.0,Low Value Customers
16561,5,2,511.12,16.48774193548387,7.870967741935484,0.0,Champions
16563,53,1,1077.74,56.72315789473684,25.57894736842105,0.0,Sleeping Giants
16565,363,1,173.7,57.9,15.333333333333334,0.0,Low Value Customers
16566,14,5,614.66,34.147777777777776,20.11111111111111,0.0,Champions
16567,193,2,865.6,24.731428571428573,28.457142857142856,0.0,Low Value Customers
16569,2,1,124.2,24.84,18.6,0.0,Low Value Customers
16570,8,10,3738.4,29.66984126984127,16.761904761904763,0.0,Champions
16571,2,3,1421.69,16.34126436781609,14.241379310344827,0.0,Champions
16572,126,3,1009.6,17.712280701754388,9.333333333333334,0.0,Low Value Customers
16573,73,2,663.61,15.800238095238097,8.571428571428571,0.0,Low Value Customers
16574,70,1,451.44,16.122857142857143,14.857142857142858,0.0,Low Value Customers
16581,154,1,105.84,11.76,14.88888888888889,0.0,Low Value Customers
16582,112,1,313.62,52.27,27.33333333333333,0.0,Sleeping Giants
16583,373,1,233.45,16.675,7.928571428571429,0.0,Low Value Customers
16584,79,2,936.08,33.431428571428576,23.071428571428573,0.0,Sleeping Giants
16586,248,1,463.95,57.99375,11.875,0.0,Low Value Customers
16587,231,1,225.15,17.31923076923077,5.461538461538462,0.0,Low Value Customers
16589,70,3,459.24,13.916363636363636,11.151515151515152,0.0,Low Value Customers
16591,68,1,213.5,21.35,4.1,0.0,Low Value Customers
16592,3,16,4113.68,19.044814814814817,13.550925925925926,0.0,Champions
16593,50,3,330.03,12.223333333333333,4.296296296296297,0.0,Low Value Customers
16594,74,1,181.09,3.416792452830189,1.2075471698113207,0.0,Low Value Customers
16595,60,1,360.16,4.237176470588236,3.941176470588236,0.0,Low Value Customers
16596,15,2,250.15,20.84583333333333,8.083333333333334,0.0,Low Value Customers
16597,3,1,90.03999999999999,12.86285714285714,26.285714285714285,0.0,Low Value Customers
16598,276,1,145.05,14.505,7.3,0.0,Low Value Customers
16600,3,6,813.52,13.121290322580643,18.467741935483872,0.0,Champions
16601,40,1,241.53,8.328620689655173,4.482758620689655,0.0,Low Value Customers
16602,30,1,528.08,18.209655172413797,11.586206896551724,0.0,Low Value Customers
16603,74,2,482.47,14.190294117647058,14.117647058823527,0.0,Low Value Customers
16607,17,14,3347.71,19.46343023255814,16.622093023255815,0.0,Champions
16609,14,7,5493.46,19.903840579710145,8.768115942028986,0.0,Champions
16610,218,1,75.66,12.61,11.0,0.0,Low Value Customers
16611,185,1,129.49,12.949000000000002,4.7,0.0,Low Value Customers
16612,32,4,1187.66,17.994848484848486,7.666666666666667,0.0,Champions
16613,69,1,618.59,20.619666666666667,9.766666666666667,0.0,Low Value Customers
16614,182,1,506.19,19.468846153846155,8.576923076923077,0.0,Low Value Customers
16616,14,2,500.42,15.164242424242424,11.212121212121213,0.0,Low Value Customers
16617,235,1,151.85,30.37,18.2,0.0,Low Value Customers
16618,30,5,2647.59,27.579062500000003,14.197916666666666,0.0,Champions
16619,253,1,226.21,16.157857142857143,9.5,0.0,Low Value Customers
16620,3,2,178.96,19.884444444444444,9.77777777777778,0.0,Low Value Customers
16621,51,4,813.48,28.05103448275862,10.413793103448276,0.0,Champions
16623,245,1,129.45,25.89,7.8,0.0,Low Value Customers
16624,80,2,810.57,16.886875,10.166666666666666,0.0,Low Value Customers
16625,274,1,333.08,14.481739130434782,7.130434782608695,0.0,Low Value Customers
16626,0,17,4413.1,24.65418994413408,15.027932960893857,0.0,Champions
16627,78,1,322.8,16.14,8.1,0.0,Low Value Customers
16628,29,5,2188.05,18.701282051282053,10.2991452991453,0.0,Champions
16629,73,2,408.63,6.8105,8.15,0.0,Low Value Customers
16633,16,6,2883.1,18.967763157894737,7.486842105263157,0.0,Champions
16634,222,2,217.9,24.211111111111112,9.11111111111111,0.0,Low Value Customers
16637,31,4,1154.47,16.73144927536232,13.434782608695652,0.0,Champions
16638,22,10,1680.72,17.88,13.351063829787234,0.0,Champions
16639,24,3,1257.51,25.1502,10.2,0.0,Champions
16641,105,1,231.1,19.258333333333333,21.33333333333333,0.0,Low Value Customers
16642,4,2,688.33,20.245,14.088235294117649,0.0,Champions
16643,245,1,487.51,18.055925925925926,9.962962962962964,0.0,Low Value Customers
16644,177,2,833.78,13.448064516129032,13.32258064516129,0.0,Low Value Customers
16647,169,2,214.06,15.29,10.428571428571429,0.0,Low Value Customers
16648,38,1,290.66,15.297894736842109,14.789473684210526,0.0,Low Value Customers
16650,71,1,518.42,21.60083333333333,15.5,0.0,Low Value Customers
16652,53,7,6773.97,57.406525423728816,27.822033898305083,0.0,Sleeping Giants
16653,15,2,1212.66,17.574782608695653,10.623188405797102,0.0,Champions
16654,140,4,601.27,20.733448275862067,9.724137931034482,0.0,Low Value Customers
16655,17,6,3789.52,14.688062015503876,9.15891472868217,0.0,Champions
16656,21,15,8625.8,118.16164383561645,121.83561643835615,0.0,Sleeping Giants
16657,9,4,874.43,4.554322916666666,5.885416666666667,0.0,Champions
16658,367,1,123.24,15.405,5.0,0.0,Low Value Customers
16659,188,1,39.12,19.56,36.0,0.0,Low Value Customers
16660,15,4,1267.65,79.228125,35.6875,0.0,Sleeping Giants
16665,361,1,135.4,15.044444444444444,6.555555555555555,0.0,Low Value Customers
16666,18,1,118.98,3.718125,7.28125,0.0,Low Value Customers
16667,67,2,567.1800000000001,10.907307692307691,4.538461538461538,0.0,Low Value Customers
16668,14,6,306.72,15.336000000000002,15.9,0.0,Champions
16669,23,2,1344.48,8.73038961038961,5.655844155844156,0.0,Low Value Customers
16670,16,11,4095.9,16.25357142857143,10.142857142857142,0.0,Champions
16671,27,3,1692.27,282.045,145.83333333333334,0.0,Sleeping Giants
16672,1,21,8134.94,70.73860869565218,24.469565217391303,0.008695652173913,Champions
16674,54,2,304.24,3.2713978494623657,1.946236559139785,0.0,Low Value Customers
16676,33,4,1592.12,17.888988764044942,7.146067415730337,0.0,Champions
16678,2,12,3109.99,19.07969325153374,14.705521472392638,0.0,Champions
16679,365,1,129.75,43.25,9.666666666666666,0.0,Low Value Customers
16680,42,1,183.7,18.37,9.4,0.0,Low Value Customers
16681,72,6,1770.34,40.235,31.977272727272727,0.0,Sleeping Giants
16682,4,5,1028.0,34.266666666666666,34.666666666666664,0.0,Champions
16684,3,29,66653.56,239.7610071942446,180.76978417266187,0.0035971223021582,Sleeping Giants
16685,60,2,324.24,5.229677419354839,6.387096774193548,0.0,Low Value Customers
16686,46,7,2959.88,5.440955882352942,3.634191176470588,0.0,Champions
16688,0,4,1260.86,20.33645161290323,12.96774193548387,0.0,Champions
16689,75,2,422.6,32.50769230769231,25.384615384615383,0.0,Low Value Customers
16690,43,2,225.58,18.798333333333336,11.5,0.0,Low Value Customers
16692,255,2,1126.0,563.0,75.5,0.0,Sleeping Giants
16693,68,2,477.86,8.099322033898305,3.440677966101695,0.0,Low Value Customers
16696,134,4,657.9,65.78999999999999,14.6,0.0,Sleeping Giants
16697,240,1,112.75,5.369047619047619,1.2857142857142858,0.0,Low Value Customers
16698,226,2,1998.0,399.6,168.0,0.0,Sleeping Giants
16700,8,13,5076.55,16.482305194805196,13.064935064935066,0.0,Champions
16701,8,13,5398.3,37.488194444444446,44.395833333333336,0.0,Champions
16705,0,20,14034.99,51.98144444444444,20.28148148148148,0.0,Champions
16706,36,3,531.35,4.319918699186992,2.024390243902439,0.0,Low Value Customers
16708,45,1,656.63,24.31962962962963,10.555555555555555,0.0,Low Value Customers
16709,84,5,3029.87,38.35278481012658,10.772151898734178,0.0,Champions
16710,18,10,2467.99,6.263934010152283,4.626903553299492,0.0,Champions
16711,2,5,1651.03,75.04681818181818,37.86363636363637,0.0,Sleeping Giants
16712,8,11,3603.66,8.246361556064073,3.951945080091533,0.0,Champions
16713,18,15,6910.78,11.16442649434572,6.89983844911147,0.0,Champions
16714,218,3,1129.06,12.977701149425286,6.770114942528736,0.0,Low Value Customers
16715,77,1,301.72,15.88,33.78947368421053,0.0,Low Value Customers
16716,266,2,901.2,450.6,60.0,0.0,Sleeping Giants
16717,8,6,3843.08,19.40949494949495,9.393939393939394,0.0,Champions
16718,368,1,606.05,13.773863636363636,9.25,0.0,Low Value Customers
16719,14,7,1770.22,9.031734693877551,5.994897959183674,0.0,Champions
16720,25,1,152.95,6.117999999999999,7.2,0.0,Low Value Customers
16721,261,1,292.47,7.904594594594595,4.648648648648648,0.0,Low Value Customers
16722,16,13,4730.81,21.025822222222224,22.226666666666667,0.0,Champions
16723,90,2,576.4,13.723809523809525,9.476190476190476,0.0,Low Value Customers
16725,301,6,756.82,5.255694444444445,1.993055555555556,0.0,Low Value Customers
16726,25,5,1358.74,7.633370786516854,5.308988764044944,0.0,Champions
16727,363,1,256.32,5.825454545454545,3.7954545454545454,0.0,Low Value Customers
16728,45,4,1048.28,3.985855513307985,2.5513307984790874,0.0,Low Value Customers
16729,35,21,7202.01,10.995435114503817,8.729770992366412,0.0,Champions
16730,51,3,743.11,9.062317073170732,12.121951219512194,0.0,Low Value Customers
16732,31,1,603.75,21.5625,11.321428571428571,0.0,Low Value Customers
16734,51,3,646.76,12.437692307692307,6.634615384615385,0.0,Low Value Customers
16735,78,5,2247.41,19.374224137931037,13.20689655172414,0.0,Champions
16737,52,1,417.6,417.6,288.0,0.0,Sleeping Giants
16738,297,1,3.75,3.75,3.0,0.0,Low Value Customers
16739,171,1,323.0,24.846153846153847,13.23076923076923,0.0,Low Value Customers
16743,28,7,2213.13,11.648052631578947,10.710526315789474,0.0,Champions
16744,10,7,1291.91,5.4741949152542375,3.3813559322033897,0.0,Champions
16745,86,17,7180.7,20.22732394366197,18.92676056338028,0.0,Champions
16746,4,18,6680.11,15.045292792792791,10.495495495495495,0.0,Champions
16747,24,2,836.06,19.906190476190478,13.88095238095238,0.0,Low Value Customers
16748,17,5,1515.9,21.969565217391303,12.753623188405795,0.0,Champions
16750,44,5,623.9300000000001,6.567684210526316,2.2526315789473683,0.0,Low Value Customers
16751,30,1,1764.72,70.5888,41.24,0.0,Sleeping Giants
16752,372,1,207.5,23.05555555555556,6.0,0.0,Low Value Customers
16753,57,1,223.92,6.5858823529411765,5.5588235294117645,0.0,Low Value Customers
16754,371,1,2002.4,1001.2,2140.0,0.0,Sleeping Giants
16755,113,3,1475.43,8.942,6.412121212121212,0.0,Low Value Customers
16756,214,1,239.4,18.415384615384617,8.153846153846153,0.0,Low Value Customers
16757,318,1,106.83,15.26142857142857,11.571428571428571,0.0,Low Value Customers
16758,64,1,369.34,16.788181818181815,9.227272727272728,0.0,Low Value Customers
16759,7,3,789.79,18.804523809523808,14.5,0.0,Champions
16761,96,1,316.62,24.35538461538461,26.23076923076923,0.0,Low Value Customers
16762,19,3,1207.24,19.162539682539684,7.619047619047619,0.0,Champions
16763,184,1,611.85,26.60217391304348,13.869565217391305,0.0,Low Value Customers
16764,3,13,2790.95,3.987071428571429,1.79,0.0,Champions
16765,293,1,34.0,34.0,4.0,0.0,Low Value Customers
16766,272,2,1145.6,33.69411764705882,15.764705882352942,0.0,Low Value Customers
16767,30,11,5575.56,25.22877828054299,20.013574660633484,0.0,Champions
16768,47,3,478.09,8.85351851851852,3.6296296296296298,0.0,Low Value Customers
16769,259,1,361.54,9.51421052631579,2.1052631578947367,0.0,Low Value Customers
16770,57,5,757.1,5.407857142857143,3.257142857142857,0.0,Low Value Customers
16771,32,5,2230.61,8.816640316205534,5.830039525691699,0.0,Champions
16773,56,1,171.59,6.599615384615385,6.576923076923077,0.0,Low Value Customers
16774,67,4,661.52,13.781666666666666,6.708333333333333,0.0,Low Value Customers
16775,9,11,1691.51,10.773949044585986,2.7961783439490446,0.0,Champions
16776,59,1,371.54,5.232957746478873,3.5774647887323945,0.0,Low Value Customers
16777,79,2,222.62,4.6379166666666665,1.2916666666666667,0.0,Low Value Customers
16778,73,2,245.94,15.37125,12.125,0.0,Low Value Customers
16779,1,22,10611.72,32.05957703927492,16.01510574018127,0.0,Champions
16780,99,2,422.24,7.156610169491525,4.576271186440678,0.0,Low Value Customers
16781,364,1,311.25,18.308823529411764,6.647058823529412,0.0,Low Value Customers
16782,9,13,2267.95,12.393169398907103,3.8524590163934422,0.0,Champions
16784,19,1,107.6,35.86666666666667,8.0,0.0,Low Value Customers
16788,122,2,592.74,4.032244897959184,2.061224489795918,0.0,Low Value Customers
16789,7,1,80.8,16.16,6.4,0.0,Low Value Customers
16790,3,6,1545.62,16.61956989247312,9.655913978494624,0.0,Champions
16791,28,7,1693.03,5.4090415335463256,2.415335463258786,0.0,Champions
16792,281,2,110.38,9.198333333333332,3.6666666666666665,0.0,Low Value Customers
16793,56,1,243.84,15.24,9.125,0.0,Low Value Customers
16794,0,10,1194.48,4.312202166064982,3.328519855595668,0.0,Champions
16795,364,1,414.88,6.286060606060606,3.621212121212121,0.0,Low Value Customers
16796,88,1,305.62,16.97888888888889,10.333333333333334,0.0,Low Value Customers
16800,10,1,1162.65,7.452884615384616,3.358974358974359,0.0,Low Value Customers
16801,162,4,1594.23,21.2564,6.573333333333333,0.0,Low Value Customers
16803,64,1,332.3,13.845833333333331,10.208333333333334,0.0,Low Value Customers
16804,22,3,536.99,8.949833333333334,4.1,0.0,Low Value Customers
16805,173,2,460.59,4.699897959183673,5.5,0.0,Low Value Customers
16806,102,4,736.21,8.002282608695653,3.858695652173913,0.0,Low Value Customers
16807,142,3,1121.59,16.740149253731342,11.611940298507465,0.0,Low Value Customers
16808,98,2,288.42,12.54,8.521739130434783,0.0,Low Value Customers
16809,22,5,914.69,6.138859060402685,4.375838926174497,0.0,Champions
16810,191,1,309.54,20.636000000000003,7.6,0.0,Low Value Customers
16811,4,2,547.0699999999999,19.53821428571428,17.035714285714285,0.0,Champions
16812,360,1,479.35,31.956666666666667,5.4,0.0,Low Value Customers
16813,7,10,1652.18,3.878356807511737,3.523474178403756,0.0,Champions
16814,13,21,6406.8,20.147169811320754,8.462264150943396,0.0,Champions
16816,102,4,417.06,14.895,9.785714285714286,0.0,Low Value Customers
16817,2,9,1604.75,18.65988372093023,9.55813953488372,0.0,Champions
16818,10,11,3349.57,17.81686170212766,11.51063829787234,0.0,Champions
16820,95,1,497.61,19.138846153846156,11.807692307692308,0.0,Low Value Customers
16823,226,1,358.38,9.431052631578948,3.5789473684210527,0.0,Low Value Customers
16824,15,2,460.64,17.716923076923077,9.076923076923077,0.0,Low Value Customers
16825,38,2,775.18,27.685,20.214285714285715,0.0,Low Value Customers
16826,50,1,341.7,15.53181818181818,7.181818181818182,0.0,Low Value Customers
16828,92,1,113.5,16.214285714285715,8.285714285714286,0.0,Low Value Customers
16829,156,1,197.22,17.92909090909091,9.0,0.0,Low Value Customers
16830,38,1,325.91,14.170000000000002,11.478260869565217,0.0,Low Value Customers
16832,183,3,199.15,16.595833333333335,2.75,0.0,Low Value Customers
16833,0,4,1106.53,23.5431914893617,9.361702127659576,0.0,Champions
16834,227,1,413.46,17.2275,14.916666666666666,0.0,Low Value Customers
16835,127,2,180.85,18.085,6.1,0.0,Low Value Customers
16836,39,2,251.87,22.89727272727273,15.0,0.0,Low Value Customers
16837,30,11,3170.98,19.218060606060607,9.472727272727273,0.0,Champions
16838,196,2,588.85,23.554,7.4,0.0,Low Value Customers
16839,8,34,16594.35,62.38477443609022,33.7406015037594,0.0,Champions
16841,36,6,1869.82,16.119137931034484,19.39655172413793,0.0,Champions
16842,63,3,1264.19,20.066507936507936,11.0,0.0,Low Value Customers
16843,42,16,10196.57,26.97505291005291,26.875661375661377,0.0,Champions
16846,49,1,214.32,19.483636363636364,12.272727272727272,0.0,Low Value Customers
16847,42,1,193.44,16.12,6.5,0.0,Low Value Customers
16848,52,1,281.42,20.10142857142857,13.0,0.0,Low Value Customers
16849,186,1,124.57,15.57125,4.125,0.0,Low Value Customers
16850,333,1,332.41,17.495263157894737,13.105263157894736,0.0,Low Value Customers
16851,3,3,342.45,17.1225,13.55,0.0,Champions
16852,9,2,144.91,16.10111111111111,6.222222222222222,0.0,Low Value Customers
16855,23,2,328.4,17.28421052631579,8.631578947368421,0.0,Low Value Customers
16856,14,1,35.4,17.7,6.0,0.0,Low Value Customers
16858,365,1,375.69,37.569,9.1,0.0,Low Value Customers
16859,105,2,747.81,14.380961538461538,15.903846153846152,0.0,Low Value Customers
16861,59,2,173.76,28.96,23.33333333333333,0.0,Low Value Customers
16863,28,2,502.8,19.338461538461537,15.73076923076923,0.0,Low Value Customers
16866,140,3,207.74,18.885454545454547,5.454545454545454,0.0,Low Value Customers
16869,22,4,817.12,6.434015748031496,4.590551181102362,0.0,Champions
16871,21,6,2812.34,20.528029197080293,9.145985401459852,0.0,Champions
16872,76,3,680.02,97.14571428571428,85.71428571428571,0.0,Sleeping Giants
16873,4,6,7123.62,25.53268817204301,13.763440860215054,0.0,Champions
16875,63,5,2095.53,18.71008928571429,9.544642857142858,0.0,Champions
16877,11,6,846.62,5.427051282051282,2.935897435897436,0.0,Champions
16878,24,1,13.3,4.433333333333334,4.0,0.0,Low Value Customers
16880,30,7,1491.43,8.571436781609195,4.287356321839081,0.0,Champions
16881,66,1,432.0,432.0,600.0,0.0,Sleeping Giants
16882,66,3,705.12,18.08,10.871794871794872,0.0,Low Value Customers
16883,186,2,272.48,7.364324324324325,2.783783783783784,0.0,Low Value Customers
16884,37,2,429.84,16.53230769230769,12.307692307692308,0.0,Low Value Customers
16885,14,3,450.41,4.691770833333334,1.8541666666666667,0.0,Low Value Customers
16887,34,1,192.33,5.3425,4.333333333333333,0.0,Low Value Customers
16889,194,3,1578.67,11.693851851851852,6.851851851851852,0.0,Low Value Customers
16891,1,5,742.43,3.991559139784946,1.424731182795699,0.0,Champions
16892,0,5,518.19,5.3421649484536085,2.4329896907216493,0.0,Champions
16893,366,1,145.93,3.242888888888889,1.3777777777777778,0.0,Low Value Customers
16895,64,1,202.27,3.26241935483871,1.467741935483871,0.0,Low Value Customers
16897,298,2,289.78,7.831891891891891,1.972972972972973,0.0,Low Value Customers
16898,25,3,501.03,3.191273885350318,2.624203821656051,0.0,Low Value Customers
16899,7,6,1271.06,10.333821138211382,4.227642276422764,0.0,Champions
16900,11,3,882.16,11.30974358974359,10.666666666666666,0.0,Champions
16902,115,1,1706.88,38.79272727272728,14.295454545454543,0.0,Low Value Customers
16903,28,1,363.2,6.485714285714286,4.410714285714286,0.0,Low Value Customers
16904,3,16,3649.95,5.496912650602409,2.9728915662650603,0.0,Champions
16905,4,7,3037.6,15.2643216080402,6.939698492462312,0.0,Champions
16906,81,4,559.59,6.506860465116279,3.058139534883721,0.0,Low Value Customers
16907,28,5,928.76,6.634,2.0428571428571427,0.0,Champions
16909,63,1,379.14,21.063333333333333,24.22222222222222,0.0,Low Value Customers
16910,3,8,1508.96,2.7687339449541284,1.6220183486238533,0.0,Champions
16912,22,11,2555.58,25.5558,10.25,0.0,Champions
16913,289,1,113.44,14.18,10.25,0.0,Low Value Customers
16914,35,1,183.76,6.125333333333333,3.733333333333333,0.0,Low Value Customers
16915,8,6,621.68,10.906666666666666,2.3157894736842106,0.0,Champions
16916,23,2,562.41,4.135367647058823,3.169117647058824,0.0,Low Value Customers
16917,276,1,391.52,43.50222222222222,25.77777777777778,0.0,Low Value Customers
16918,49,6,1068.82,8.35015625,5.6328125,0.0,Champions
16919,155,11,2592.25,7.951687116564417,4.303680981595092,0.0,Champions
16921,60,1,154.18,2.803272727272728,2.8,0.0,Low Value Customers
16923,11,19,7069.08,11.292460063897764,5.34185303514377,0.0,Champions
16924,20,3,829.89,10.245555555555557,5.765432098765432,0.0,Champions
16926,370,1,230.25,16.446428571428573,2.5,0.0,Low Value Customers
16927,115,3,543.05,90.50833333333333,165.5,0.0,Sleeping Giants
16928,79,17,2806.75,13.826354679802956,10.300492610837438,0.0,Champions
16929,3,7,1295.39,16.823246753246753,12.064935064935066,0.0,Champions
16930,25,3,378.89,7.148867924528302,6.39622641509434,0.0,Low Value Customers
16931,4,21,4554.87,5.140936794582393,3.5372460496613995,0.0,Champions
16932,52,1,150.23,3.1297916666666663,1.7083333333333333,0.0,Low Value Customers
16933,0,2,563.23,12.800681818181818,6.545454545454546,0.0,Champions
16934,54,2,931.03,15.262786885245902,6.508196721311475,0.0,Low Value Customers
16936,25,1,261.9,4.676785714285714,3.0535714285714284,0.0,Low Value Customers
16938,8,4,2711.6800000000003,11.539063829787237,10.778723404255318,0.0,Champions
16940,51,3,3049.88,9.99960655737705,7.111475409836066,0.0,Champions
16942,12,9,1904.99,6.877220216606498,2.9061371841155235,0.0,Champions
16943,211,3,816.73,24.74939393939394,4.393939393939394,0.0,Low Value Customers
16945,21,19,4345.5,17.451807228915662,10.943775100401606,0.0,Champions
16947,235,1,406.48,19.35619047619048,14.857142857142858,0.0,Low Value Customers
16948,138,3,435.02,22.89578947368421,84.94736842105263,0.0,Sleeping Giants
16949,3,6,1286.27,21.437833333333334,13.183333333333334,0.0,Champions
16950,56,3,1178.56,28.06095238095238,15.333333333333334,0.0,Champions
16951,122,3,1277.75,14.857558139534884,15.325581395348838,0.0,Low Value Customers
16952,108,2,167.61,10.475625,5.75,0.0,Low Value Customers
16953,29,1,20.8,20.8,10.0,0.0,Low Value Customers
16954,0,9,2085.08,38.61259259259259,19.51851851851852,0.0,Champions
16955,184,4,518.67,20.7468,10.64,0.0,Low Value Customers
16956,8,1,308.74,19.29625,7.125,0.0,Low Value Customers
16957,238,2,416.64,26.04,10.75,0.0,Low Value Customers
16959,86,1,117.35,16.764285714285712,7.0,0.0,Low Value Customers
16960,38,3,505.1,5.051,3.01,0.0,Low Value Customers
16961,115,1,234.17,16.726428571428574,8.928571428571429,0.0,Low Value Customers
16963,186,1,110.55,15.792857142857144,5.0,0.0,Low Value Customers
16965,226,1,192.07,7.682799999999999,9.72,0.0,Low Value Customers
16966,7,7,2154.9700000000003,76.9632142857143,70.75,0.0,Sleeping Giants
16967,188,1,319.02,15.19142857142857,15.857142857142858,0.0,Low Value Customers
16968,3,2,439.43,14.17516129032258,10.516129032258064,0.0,Champions
16969,38,3,650.41,15.48595238095238,19.428571428571427,0.0,Low Value Customers
16971,2,1,357.21,8.712439024390243,1.7560975609756098,0.0,Low Value Customers
16976,266,1,251.52,125.76,44.0,0.0,Sleeping Giants
16978,77,1,344.33,8.828974358974358,4.256410256410256,0.0,Low Value Customers
16979,3,6,1852.0,20.808988764044944,9.719101123595506,0.0,Champions
16980,254,2,1028.46,12.697037037037038,9.123456790123456,0.0,Low Value Customers
16982,60,1,384.06,17.457272727272727,8.272727272727273,0.0,Low Value Customers
16983,12,7,1905.87,13.327762237762236,9.335664335664337,0.0,Champions
16984,77,2,4459.52,11.1488,5.95,0.0,Champions
16985,16,10,5464.12,45.53433333333333,15.266666666666667,0.0,Champions
16986,29,2,1873.2,624.4,346.6666666666667,0.0,Sleeping Giants
16987,2,7,1616.8,12.63125,3.1328125,0.0,Champions
16988,4,1,126.12,18.017142857142854,6.142857142857143,0.0,Low Value Customers
16989,6,6,1133.25,94.4375,102.75,0.0,Sleeping Giants
16990,218,1,179.0,179.0,100.0,0.0,Sleeping Giants
16992,10,5,1614.31,17.358172043010754,9.24731182795699,0.0,Champions
16996,29,6,1456.96,39.3772972972973,14.702702702702704,0.0,Champions
16997,287,3,702.0,58.5,30.0,0.0,Sleeping Giants
16998,149,4,295.0,73.75,19.0,0.0,Sleeping Giants
16999,22,2,484.82,21.07913043478261,12.782608695652174,0.0,Low Value Customers
17001,0,11,3989.57,23.60692307692308,12.804733727810651,0.0,Champions
17002,72,3,1493.73,30.484285714285715,13.857142857142858,0.0,Champions
17004,45,2,1312.14,30.51488372093023,17.930232558139537,0.0,Low Value Customers
17006,4,4,781.78,17.76772727272727,6.181818181818182,0.0,Champions
17007,50,6,889.93,17.11403846153846,11.48076923076923,0.0,Champions
17010,16,1,195.36,17.76,10.727272727272728,0.0,Low Value Customers
17011,29,1,270.9,18.06,12.4,0.0,Low Value Customers
17014,7,3,583.43,8.103194444444444,3.375,0.0,Champions
17015,28,3,1838.61,8.59163551401869,9.242990654205608,0.0,Champions
17017,2,20,8694.26,34.50103174603175,26.48015873015873,0.0,Champions
17018,40,2,920.1,57.50625,11.0,0.0,Sleeping Giants
17019,10,4,1258.08,5.517894736842105,3.5964912280701755,0.0,Champions
17022,30,1,71.0,10.142857142857142,15.428571428571429,0.0,Low Value Customers
17024,44,3,95.85,31.95,23.0,0.0,Low Value Customers
17025,60,3,357.77,39.75222222222222,26.11111111111111,0.0,Sleeping Giants
17026,184,2,154.83,38.7075,24.25,0.0,Low Value Customers
17027,78,6,877.5600000000001,5.92945945945946,2.810810810810811,0.0,Champions
17029,110,2,716.0,358.0,200.0,0.0,Sleeping Giants
17030,63,1,146.87,13.351818181818182,13.272727272727272,0.0,Low Value Customers
17031,11,2,380.35,17.288636363636364,10.681818181818182,0.0,Low Value Customers
17033,85,3,1030.14,36.79071428571429,26.785714285714285,0.0,Sleeping Giants
17034,15,3,745.52,24.850666666666665,13.666666666666666,0.0,Champions
17035,245,2,433.53,15.483214285714284,8.178571428571429,0.0,Low Value Customers
17037,77,1,1267.32,16.8976,8.746666666666666,0.0,Low Value Customers
17038,29,1,112.4,5.109090909090909,1.2727272727272727,0.0,Low Value Customers
17040,137,1,449.73,29.982,12.066666666666666,0.0,Low Value Customers
17041,26,3,1071.49,15.528840579710144,13.434782608695652,0.0,Champions
17042,2,5,1036.58,10.686391752577318,10.206185567010309,0.0,Champions
17043,31,4,1735.18,17.01156862745098,9.784313725490197,0.0,Champions
17044,8,1,948.48,158.08,84.0,0.0,Sleeping Giants
17045,112,3,339.44,15.42909090909091,4.818181818181818,0.0,Low Value Customers
17046,156,1,642.02,29.182727272727277,23.181818181818183,0.0,Low Value Customers
17047,84,3,1100.9,16.93692307692308,8.2,0.0,Low Value Customers
17048,114,3,925.35,21.519767441860463,11.27906976744186,0.0,Low Value Customers
17049,2,9,5655.03,17.839211356466876,8.43217665615142,0.0,Champions
17050,95,6,3185.64,10.342987012987011,5.178571428571429,0.0,Champions
17051,193,1,240.89,5.73547619047619,4.261904761904762,0.0,Low Value Customers
17052,27,1,399.09,4.808313253012048,3.0240963855421685,0.0,Low Value Customers
17053,128,1,498.48,38.34461538461539,9.384615384615383,0.0,Low Value Customers
17054,27,5,1356.33,16.34132530120482,9.686746987951809,0.0,Champions
17058,81,3,1179.89,19.030483870967743,9.548387096774194,0.0,Low Value Customers
17059,29,5,3080.39,5.9929766536964975,3.599221789883269,0.0,Champions
17060,265,1,234.24,46.848,43.2,0.0,Sleeping Giants
17061,73,11,5232.23,52.85080808080808,15.414141414141412,0.0,Champions
17062,313,4,528.29,7.768970588235294,5.970588235294118,0.0,Low Value Customers
17063,8,7,1461.14,18.732564102564105,9.871794871794872,0.0,Champions
17064,58,3,855.4499999999999,14.023770491803278,5.180327868852459,0.0,Low Value Customers
17068,11,21,4545.89,15.409796610169492,7.31864406779661,0.0,Champions
17069,27,9,2709.7,18.94895104895105,10.531468531468532,0.0,Champions
17070,113,1,304.24,4.9070967741935485,2.1129032258064515,0.0,Low Value Customers
17071,8,9,2429.03,17.350214285714287,8.55,0.0,Champions
17073,17,4,1444.84,8.351676300578035,4.381502890173411,0.0,Champions
17075,17,4,834.12,10.832727272727272,3.792207792207792,0.0,Champions
17076,35,3,841.08,33.6432,11.8,0.0,Champions
17078,35,2,375.86,13.920740740740742,28.96296296296296,0.0,Low Value Customers
17079,77,1,118.8,59.4,12.0,0.0,Low Value Customers
17080,21,2,287.62,35.9525,20.75,0.0,Low Value Customers
17081,24,2,288.91,4.585873015873016,1.2222222222222223,0.0,Low Value Customers
17082,32,2,2003.85,24.738888888888887,12.950617283950615,0.0,Champions
17083,108,3,1405.78,27.034230769230767,14.846153846153848,0.0,Low Value Customers
17084,34,2,2747.99,18.442885906040267,11.422818791946307,0.0,Champions
17085,122,5,1562.4,8.4,4.220430107526882,0.0,Champions
17086,6,6,2050.08,21.355,19.36458333333333,0.0,Champions
17088,27,4,1991.01,17.313130434782607,7.547826086956522,0.0,Champions
17090,3,7,1974.65,32.37131147540984,14.80327868852459,0.0,Champions
17091,2,9,3827.76,19.629538461538463,8.953846153846154,0.0,Champions
17092,49,4,1774.03,14.306693548387097,9.112903225806452,0.0,Champions
17094,317,1,302.0,21.571428571428573,10.857142857142858,0.0,Low Value Customers
17095,21,3,1324.16,17.894054054054056,8.35135135135135,0.0,Champions
17096,8,4,1022.13,21.294375,7.0625,0.0,Champions
17097,1,8,954.42,4.523317535545024,2.175355450236967,0.0,Champions
17100,17,2,971.74,14.949846153846154,12.307692307692308,0.0,Low Value Customers
17101,9,4,1621.73,38.61261904761905,19.404761904761905,0.0,Champions
17102,261,1,25.5,25.5,2.0,0.0,Low Value Customers
17105,158,2,665.78,7.397555555555555,7.7,0.0,Low Value Customers
17107,32,6,10797.48,25.955480769230768,11.600961538461538,0.0,Champions
17109,28,6,881.29,7.597327586206896,5.068965517241379,0.0,Champions
17110,164,1,163.29999999999998,13.608333333333333,4.166666666666667,0.0,Low Value Customers
17111,46,1,231.61,7.986551724137931,9.724137931034482,0.0,Low Value Customers
17114,5,8,801.12,6.5131707317073175,1.7479674796747968,0.0,Champions
17115,7,3,837.5,21.47435897435897,9.538461538461538,0.0,Champions
17117,287,1,116.2,12.911111111111111,7.555555555555555,0.0,Low Value Customers
17118,317,1,157.02,15.702000000000002,15.4,0.0,Low Value Customers
17119,2,2,606.91,17.340285714285713,9.542857142857144,0.0,Champions
17120,232,1,307.46,17.08111111111111,6.666666666666667,0.0,Low Value Customers
17122,118,1,138.32,19.76,11.428571428571429,0.0,Low Value Customers
17123,161,1,345.3,38.36666666666667,27.33333333333333,0.0,Low Value Customers
17124,184,1,294.24,9.491612903225809,4.161290322580645,0.0,Low Value Customers
17125,49,1,230.5,6.585714285714285,8.028571428571428,0.0,Low Value Customers
17126,151,5,989.45,3.989717741935484,3.1451612903225805,0.0,Low Value Customers
17128,334,1,157.09,11.220714285714283,5.428571428571429,0.0,Low Value Customers
17131,4,5,2463.17,18.38186567164179,7.335820895522388,0.0,Champions
17133,15,7,4892.24,181.19407407407405,101.11111111111111,0.0,Sleeping Giants
17134,106,2,413.2,17.965217391304346,4.260869565217392,0.0,Low Value Customers
17135,15,7,1139.73,21.91788461538461,23.53846153846154,0.0,Champions
17138,275,1,380.5,15.854166666666666,5.25,0.0,Low Value Customers
17139,15,12,10650.77,22.328658280922436,10.851153039832283,0.0,Champions
17140,246,1,454.12,25.22888888888889,16.444444444444443,0.0,Low Value Customers
17142,238,1,579.0,38.6,5.4,0.0,Low Value Customers
17144,0,2,984.57,20.511875,10.0625,0.0,Champions
17146,105,3,749.78,21.422285714285717,6.057142857142857,0.0,Low Value Customers
17147,22,4,1714.59,21.167777777777776,10.88888888888889,0.0,Champions
17148,51,1,124.88,13.875555555555556,9.11111111111111,0.0,Low Value Customers
17152,194,3,1689.5,120.67857142857144,36.92857142857143,0.0,Sleeping Giants
17153,23,1,213.78,15.27,7.428571428571429,0.0,Low Value Customers
17154,74,1,329.34,14.319130434782608,21.30434782608696,0.0,Low Value Customers
17155,17,2,251.7,12.585,12.1,0.0,Low Value Customers
17157,7,2,319.0,24.53846153846154,13.23076923076923,0.0,Low Value Customers
17158,31,3,1266.97,18.91,11.611940298507465,0.0,Champions
17159,21,3,1538.88,15.236435643564358,11.0,0.0,Champions
17160,30,6,3518.03,15.362576419213974,12.471615720524015,0.0,Champions
17162,28,10,1715.46,16.494807692307692,9.625,0.0,Champions
17163,21,2,293.1,58.620000000000005,13.2,0.0,Low Value Customers
17164,32,7,2467.35,17.134375,10.42361111111111,0.0,Champions
17165,283,1,158.68,15.868,10.0,0.0,Low Value Customers
17166,38,2,206.34,17.195,6.5,0.0,Low Value Customers
17169,49,2,835.78,15.477407407407409,9.74074074074074,0.0,Low Value Customers
17171,288,1,224.91,14.056875,11.5625,0.0,Low Value Customers
17172,74,1,317.76,21.184,32.0,0.0,Low Value Customers
17173,4,8,3766.6,43.79767441860465,13.046511627906977,0.0,Champions
17174,217,1,59.9,14.975,10.25,0.0,Low Value Customers
17175,43,4,1443.69,22.915714285714287,13.746031746031743,0.0,Champions
17176,201,1,306.13,20.408666666666665,11.333333333333334,0.0,Low Value Customers
17179,177,3,711.79,8.897375,3.625,0.0,Low Value Customers
17180,55,4,783.97,6.27176,5.36,0.0,Low Value Customers
17181,56,2,239.92,10.431304347826089,10.478260869565217,0.0,Low Value Customers
17183,7,6,3347.31,45.85356164383562,17.753424657534246,0.0,Champions
17186,46,2,144.0,72.0,100.0,0.0,Sleeping Giants
17187,226,1,203.95,20.395,14.4,0.0,Low Value Customers
17188,10,7,2474.23,29.455119047619046,15.80952380952381,0.0,Champions
17189,105,2,383.75,6.395833333333333,3.7666666666666666,0.0,Low Value Customers
17190,58,2,444.74,23.40736842105263,8.473684210526315,0.0,Low Value Customers
17191,27,7,2093.68,8.871525423728812,4.940677966101695,0.0,Champions
17193,35,7,1699.3,53.103125,39.1875,0.0,Sleeping Giants
17194,273,1,226.78,9.0712,4.48,0.0,Low Value Customers
17197,29,1,1013.01,34.93137931034483,6.586206896551724,0.0,Low Value Customers
17198,23,3,692.22,7.210625,3.71875,0.0,Low Value Customers
17201,53,1,289.78000000000003,7.625789473684211,6.078947368421052,0.0,Low Value Customers
17203,35,6,3560.08,24.054594594594597,19.22972972972973,0.0,Champions
17204,168,4,1564.56,27.448421052631577,11.333333333333334,0.0,Low Value Customers
17205,53,1,384.08,29.544615384615383,68.0,0.0,Sleeping Giants
17206,52,1,204.24,29.177142857142854,10.857142857142858,0.0,Low Value Customers
17211,26,8,2317.22,10.98208530805687,6.270142180094787,0.0,Champions
17212,252,1,226.85,56.7125,36.75,0.0,Sleeping Giants
17213,39,7,2781.23,17.71484076433121,7.490445859872612,0.0,Champions
17214,59,6,1059.12,10.486336633663363,2.693069306930693,0.0,Champions
17217,233,1,113.5,12.61111111111111,2.6666666666666665,0.0,Low Value Customers
17218,3,10,1951.97,7.202841328413284,3.5239852398523985,0.0,Champions
17219,31,1,114.23,4.5692,3.56,0.0,Low Value Customers
17220,23,14,3187.55,6.8255888650963605,4.062098501070664,0.0,Champions
17221,6,2,334.48,5.394838709677419,4.629032258064516,0.0,Low Value Customers
17222,64,1,328.65,12.17222222222222,4.518518518518518,0.0,Low Value Customers
17223,309,2,381.89,8.12531914893617,2.3191489361702127,0.0,Low Value Customers
17226,308,1,393.49,18.73761904761905,19.33333333333333,0.0,Low Value Customers
17227,18,6,939.32,19.985531914893617,15.76595744680851,0.0,Champions
17228,15,8,1906.09,9.16389423076923,7.365384615384615,0.0,Champions
17229,95,2,318.76,6.782127659574468,3.9361702127659575,0.0,Low Value Customers
17230,263,8,3638.41,52.73057971014492,23.92753623188406,0.0,Sleeping Giants
17231,11,10,3124.72,5.884595103578154,3.2467043314500943,0.0,Champions
17232,2,2,417.77,11.936285714285711,5.771428571428571,0.0,Champions
17233,34,1,190.88,7.6352,5.24,0.0,Low Value Customers
17234,182,1,149.89,10.706428571428573,3.928571428571429,0.0,Low Value Customers
17235,24,2,550.06,18.96758620689655,7.724137931034483,0.0,Low Value Customers
17236,12,6,916.13,8.725047619047618,4.514285714285714,0.0,Champions
17237,10,2,314.69,16.562631578947368,5.526315789473684,0.0,Low Value Customers
17238,2,17,3719.1,6.701081081081081,3.255855855855856,0.0,Champions
17239,312,1,382.5,25.5,10.0,0.0,Low Value Customers
17242,107,2,1135.04,28.376,15.275,0.0,Low Value Customers
17243,0,26,8531.65,22.102720207253885,8.590673575129534,0.0,Champions
17244,52,1,954.9,30.80322580645161,19.870967741935484,0.0,Low Value Customers
17245,204,1,171.45000000000002,19.05,8.333333333333334,0.0,Low Value Customers
17247,14,1,280.09,5.186851851851851,1.9444444444444444,0.0,Low Value Customers
17248,119,1,318.65,4.618115942028985,3.0869565217391304,0.0,Low Value Customers
17250,3,2,381.97,6.820892857142858,2.982142857142857,0.0,Low Value Customers
17251,362,1,269.83,7.2927027027027025,2.918918918918919,0.0,Low Value Customers
17252,116,2,348.91,4.057093023255813,2.232558139534884,0.0,Low Value Customers
17253,17,1,178.26,9.903333333333332,2.388888888888889,0.0,Low Value Customers
17254,4,2,271.19,2.443153153153153,2.2612612612612613,0.0,Low Value Customers
17255,40,2,291.48,3.9389189189189193,3.0675675675675675,0.0,Low Value Customers
17256,106,2,240.0,15.0,8.8125,0.0,Low Value Customers
17259,147,2,581.23,5.010603448275862,3.3448275862068964,0.0,Low Value Customers
17262,51,5,1253.36,104.44666666666669,30.58333333333333,0.0,Sleeping Giants
17263,207,1,63.440000000000005,2.758260869565217,1.565217391304348,0.0,Low Value Customers
17265,138,2,550.01,4.50827868852459,3.1885245901639343,0.0,Low Value Customers
17266,1,3,296.58,4.062739726027397,2.095890410958904,0.0,Champions
17267,126,2,317.2,8.572972972972973,4.27027027027027,0.0,Low Value Customers
17268,107,4,763.64,127.27333333333333,140.66666666666666,0.0,Sleeping Giants
17272,41,4,2148.63,18.847631578947368,15.596491228070176,0.0,Champions
17274,34,1,107.82,4.312799999999999,3.08,0.0,Low Value Customers
17277,227,2,1065.35,15.439855072463766,6.231884057971015,0.0,Low Value Customers
17278,240,1,246.04,16.402666666666665,11.933333333333334,0.0,Low Value Customers
17279,57,1,187.83,20.87,5.333333333333333,0.0,Low Value Customers
17282,129,3,1685.46,18.937752808988765,20.96629213483146,0.0,Low Value Customers
17284,59,6,1647.48,5.661443298969072,4.680412371134021,0.0,Champions
17286,21,1,151.37,3.440227272727273,2.659090909090909,0.0,Low Value Customers
17287,25,7,1049.06,8.598852459016394,4.557377049180328,0.0,Champions
17288,8,7,1417.63,10.12592857142857,8.57857142857143,0.0,Champions
17289,31,3,931.02,8.952115384615384,4.932692307692308,0.0,Low Value Customers
17290,3,2,513.01,5.343854166666667,4.135416666666667,0.0,Champions
17291,307,1,550.8,550.8,72.0,0.0,Sleeping Giants
17293,7,9,1854.06,14.04590909090909,8.598484848484848,0.0,Champions
17295,28,3,547.0,8.044117647058824,4.3088235294117645,0.0,Low Value Customers
17297,16,1,128.18,2.615918367346939,1.326530612244898,0.0,Low Value Customers
17298,100,2,498.42,16.614,12.9,0.0,Low Value Customers
17299,11,4,656.61,11.938363636363636,12.145454545454545,0.0,Champions
17301,20,1,163.24,2.7667796610169493,2.3220338983050848,0.0,Low Value Customers
17302,14,5,1135.63,14.375063291139242,7.2784810126582276,0.0,Champions
17303,360,1,250.04,4.717735849056604,2.7169811320754715,0.0,Low Value Customers
17306,10,19,8631.31,130.77742424242425,174.1060606060606,0.0,Sleeping Giants
17309,94,1,82.75,6.895833333333333,3.4166666666666665,0.0,Low Value Customers
17311,77,2,1384.85,25.179090909090903,18.272727272727277,0.0,Low Value Customers
17312,138,3,644.3,46.021428571428565,26.571428571428573,0.0,Sleeping Giants
17313,17,1,2328.84,97.035,58.41666666666666,0.0,Sleeping Giants
17314,24,8,2527.92,19.297099236641223,14.473282442748092,0.0,Champions
17315,0,36,6241.15,13.335790598290597,8.198717948717949,0.0,Champions
17317,45,3,2600.34,288.9266666666667,127.33333333333331,0.0,Sleeping Giants
17320,99,3,1200.62,16.44684931506849,8.684931506849315,0.0,Low Value Customers
17321,7,2,657.16,6.637979797979797,3.676767676767677,0.0,Low Value Customers
17323,14,7,903.12,4.655257731958763,3.896907216494845,0.0,Champions
17324,17,4,986.48,20.132244897959183,17.20408163265306,0.0,Champions
17325,279,1,96.8,16.133333333333333,10.0,0.0,Low Value Customers
17329,13,2,523.11,15.851818181818182,4.303030303030303,0.0,Low Value Customers
17330,22,2,363.9,60.65,20.0,0.0,Sleeping Giants
17331,123,1,175.2,175.2,16.0,0.0,Sleeping Giants
17333,85,1,494.25,17.651785714285715,13.392857142857142,0.0,Low Value Customers
17334,300,2,307.02,27.91090909090909,28.63636363636364,0.0,Low Value Customers
17337,150,4,1979.61,3.806942307692308,2.396153846153846,0.0,Low Value Customers
17338,16,8,6484.75,9.019123783031988,4.233657858136301,0.0,Champions
17339,93,2,243.36,27.04,16.88888888888889,0.0,Low Value Customers
17340,8,12,12353.29,30.27767156862745,14.622549019607844,0.0024509803921568,Champions
17341,156,3,682.29,4.3457961783439485,2.821656050955414,0.0,Low Value Customers
17343,354,1,193.64,11.390588235294118,3.294117647058824,0.0,Low Value Customers
17344,45,1,157.62,5.0845161290322585,2.096774193548387,0.0,Low Value Customers
17345,14,4,519.6899999999999,6.261325301204819,4.108433734939759,0.0,Champions
17346,3,15,2622.88,5.430393374741201,3.347826086956522,0.0,Champions
17347,85,1,228.96,228.96,216.0,0.0,Sleeping Giants
17348,14,5,1156.6,5.430046948356807,6.563380281690141,0.0,Champions
17349,178,1,98.25,12.28125,12.75,0.0,Low Value Customers
17350,7,4,1281.32,18.30457142857143,11.0,0.0,Champions
17351,35,3,587.15,21.746296296296297,4.185185185185185,0.0,Low Value Customers
17353,128,2,1740.0,217.5,150.0,0.0,Sleeping Giants
17354,50,1,1393.06,87.06625,62.875,0.0,Sleeping Giants
17356,311,1,178.22,9.38,8.736842105263158,0.0,Low Value Customers
17357,23,2,384.39,8.736136363636364,3.4545454545454546,0.0,Low Value Customers
17358,302,2,360.81,6.220862068965517,3.2758620689655173,0.0,Low Value Customers
17359,10,1,127.86,8.524,10.733333333333333,0.0,Low Value Customers
17360,16,3,568.24,4.54592,2.624,0.0,Low Value Customers
17361,48,3,488.2,16.834482758620688,5.413793103448276,0.0,Low Value Customers
17362,238,2,312.23,8.920857142857143,5.457142857142857,0.0,Low Value Customers
17364,0,11,4462.68,10.991822660098522,6.630541871921182,0.0,Champions
17365,12,8,4762.32,10.263620689655172,10.20905172413793,0.0,Champions
17367,237,1,167.54999999999998,5.077272727272727,4.515151515151516,0.0,Low Value Customers
17368,22,8,1878.87,17.559532710280372,12.869158878504672,0.0,Champions
17370,72,4,446.18,13.52060606060606,16.363636363636363,0.0,Low Value Customers
17371,16,3,418.4,4.865116279069767,1.755813953488372,0.0,Low Value Customers
17372,40,8,1337.18,5.3274103585657375,2.9760956175298805,0.0,Champions
17373,39,4,646.92,11.349473684210526,7.157894736842105,0.0,Low Value Customers
17374,218,2,495.77,17.706071428571427,3.0357142857142856,0.0,Low Value Customers
17375,189,3,400.1,5.798550724637681,5.318840579710145,0.0,Low Value Customers
17376,70,2,203.2,8.466666666666667,3.583333333333333,0.0,Low Value Customers
17377,23,20,4058.32,10.045346534653463,5.044554455445544,0.0,Champions
17379,10,1,389.72,4.996410256410257,7.987179487179487,0.0,Low Value Customers
17381,8,29,20275.61,186.01477064220185,235.3119266055046,0.0,Sleeping Giants
17382,64,1,65.4,32.7,12.5,0.0,Low Value Customers
17383,3,1,193.39,3.946734693877551,3.020408163265306,0.0,Low Value Customers
17384,18,2,336.4,22.426666666666662,5.866666666666666,0.0,Low Value Customers
17385,14,1,256.11,5.691333333333334,4.377777777777778,0.0,Low Value Customers
17386,7,6,2686.42,95.94357142857145,67.92857142857143,0.0,Sleeping Giants
17387,19,2,746.81,9.826447368421052,6.868421052631579,0.0,Low Value Customers
17388,77,4,1259.56,83.97066666666666,71.2,0.0,Sleeping Giants
17389,0,34,31833.68,149.45389671361502,35.737089201877936,0.0,Champions
17391,163,2,508.8,169.6,160.0,0.0,Sleeping Giants
17392,306,2,411.27,7.477636363636363,5.0,0.0,Low Value Customers
17394,218,1,203.87,50.9675,60.25,0.0,Sleeping Giants
17396,38,7,7312.8,281.26153846153846,77.07692307692308,0.0,Sleeping Giants
17397,21,2,681.41,7.65629213483146,2.808988764044944,0.0,Low Value Customers
17398,114,3,653.38,17.19421052631579,8.157894736842104,0.0,Low Value Customers
17400,125,5,2097.84,10.18368932038835,5.281553398058253,0.0,Champions
17402,4,12,2598.85,44.80775862068965,12.06896551724138,0.0,Champions
17403,35,1,263.92,8.2475,3.46875,0.0,Low Value Customers
17404,3,13,31781.82,162.9836923076923,167.91794871794872,0.0,Sleeping Giants
17405,0,3,1031.41,12.57817073170732,8.853658536585366,0.0,Champions
17406,329,3,2184.42,19.67945945945946,7.027027027027027,0.0,Low Value Customers
17408,162,1,32.65,16.325,1.5,0.0,Low Value Customers
17409,184,2,771.85,59.37307692307692,8.076923076923077,0.0,Low Value Customers
17410,15,5,1214.72,18.98,9.625,0.0,Champions
17411,11,3,778.9399999999999,18.99853658536585,7.463414634146342,0.0,Champions
17412,2,7,1258.06,19.061515151515152,11.181818181818182,0.0,Champions
17414,43,2,778.0,129.66666666666666,350.0,0.0,Sleeping Giants
17415,79,1,507.84,36.27428571428571,8.142857142857142,0.0,Low Value Customers
17416,29,7,6893.42,25.62609665427509,15.992565055762082,0.0,Champions
17418,41,2,463.46,15.448666666666666,9.633333333333333,0.0,Low Value Customers
17419,10,12,4226.57,20.517330097087378,9.106796116504857,0.0,Champions
17420,49,3,598.83,19.961,8.833333333333334,0.0,Low Value Customers
17422,15,6,1979.37,16.917692307692306,19.256410256410252,0.0,Champions
17423,44,2,698.41,26.86192307692308,17.653846153846153,0.0,Low Value Customers
17425,18,2,759.1700000000001,17.65511627906977,9.465116279069768,0.0,Low Value Customers
17426,3,6,5037.26,18.58767527675277,11.416974169741698,0.0,Champions
17427,71,1,100.8,50.4,17.0,0.0,Low Value Customers
17428,0,28,17256.85,52.61234756097561,28.884146341463413,0.0,Champions
17429,120,3,524.92,13.459487179487178,16.0,0.0,Low Value Customers
17430,32,2,265.76,18.982857142857146,13.571428571428571,0.0,Low Value Customers
17431,312,1,403.3,9.37906976744186,6.790697674418604,0.0,Low Value Customers
17432,17,2,365.76,7.62,4.3125,0.0,Low Value Customers
17433,87,1,303.16,5.6140740740740736,3.425925925925926,0.0,Low Value Customers
17434,1,7,2373.82,17.715074626865672,12.634328358208956,0.0,Champions
17436,1,2,216.3,24.03333333333333,10.0,0.0,Champions
17438,246,1,388.45,22.85,6.0588235294117645,0.0,Low Value Customers
17440,147,3,186.42,37.284000000000006,49.2,0.0,Sleeping Giants
17442,28,6,2248.56,16.656,11.08148148148148,0.0,Champions
17443,219,1,534.24,534.24,504.0,0.0,Sleeping Giants
17444,147,2,2389.1,17.82910447761194,15.805970149253731,0.0,Low Value Customers
17446,176,2,120.9,13.433333333333332,22.0,0.0,Low Value Customers
17447,39,2,541.53,15.0425,12.305555555555555,0.0,Low Value Customers
17449,1,7,2516.21,9.149854545454543,4.072727272727272,0.0,Champions
17450,7,47,194390.79,576.8272700296736,207.6320474777448,0.0029673590504451,Sleeping Giants
17451,0,7,1721.4,17.214,12.03,0.0,Champions
17453,17,2,486.72,25.61684210526316,11.526315789473683,0.0,Low Value Customers
17454,191,4,517.53,8.484098360655738,3.9836065573770494,0.0,Low Value Customers
17455,203,1,131.7,16.4625,8.25,0.0,Low Value Customers
17456,364,1,249.86,14.697647058823527,13.058823529411764,0.0,Low Value Customers
17457,126,5,1737.7,91.4578947368421,43.47368421052632,0.0,Sleeping Giants
17458,14,1,316.5,5.861111111111111,3.1481481481481484,0.0,Low Value Customers
17459,42,2,657.3,5.921621621621621,4.837837837837838,0.0,Low Value Customers
17460,78,6,622.43,21.46310344827586,8.137931034482758,0.0,Champions
17461,22,3,735.82,6.941698113207548,7.264150943396227,0.0,Low Value Customers
17462,50,2,675.69,25.02555555555556,8.407407407407407,0.0,Low Value Customers
17463,15,5,1875.86,9.018557692307692,5.221153846153846,0.0,Champions
17464,157,1,289.96000000000004,32.21777777777778,24.444444444444443,0.0,Low Value Customers
17466,9,2,763.28,18.61658536585366,7.463414634146342,0.0,Champions
17468,9,2,137.0,27.4,23.2,0.0,Low Value Customers
17469,15,5,1870.97,21.261022727272728,8.943181818181818,0.0,Champions
17470,44,5,1125.07,14.42397435897436,21.47435897435897,0.0,Champions
17472,190,3,697.54,4.008850574712644,2.6149425287356323,0.0,Low Value Customers
17475,78,1,194.37,13.883571428571427,12.714285714285714,0.0,Low Value Customers
17480,73,1,511.82,17.64896551724138,11.655172413793103,0.0,Low Value Customers
17481,3,4,1255.59,15.312073170731706,12.939024390243905,0.0,Champions
17483,64,3,414.04,19.71619047619048,9.095238095238097,0.0,Low Value Customers
17486,260,1,396.87,16.53625,7.958333333333333,0.0,Low Value Customers
17489,58,2,376.64,12.987586206896552,14.758620689655173,0.0,Low Value Customers
17490,0,7,2092.32,27.53052631578948,14.921052631578949,0.0,Champions
17491,0,10,3558.87,32.65018348623853,18.46788990825688,0.0,Champions
17492,247,1,374.57,31.214166666666667,12.916666666666666,0.0,Low Value Customers
17495,7,2,497.56,18.42814814814815,8.481481481481481,0.0,Low Value Customers
17496,358,1,271.05,27.105,7.9,0.0,Low Value Customers
17498,75,1,272.22,16.012941176470587,23.176470588235293,0.0,Low Value Customers
17499,289,1,622.88,15.572,17.775,0.0,Low Value Customers
17500,16,3,1138.0,227.6,3.4,0.0,Sleeping Giants
17501,220,2,288.6,16.033333333333335,8.88888888888889,0.0,Low Value Customers
17502,8,4,689.1,24.610714285714288,13.428571428571429,0.0,Champions
17503,2,2,558.96,14.709473684210527,12.789473684210526,0.0,Champions
17504,205,9,2997.03,23.59866141732284,13.10236220472441,0.0,Champions
17505,161,2,1145.84,22.03538461538461,10.692307692307692,0.0,Low Value Customers
17506,69,1,302.2,21.585714285714285,9.928571428571429,0.0,Low Value Customers
17507,261,2,605.58,6.881590909090909,4.079545454545454,0.0,Low Value Customers
17508,280,1,387.31,17.605,13.136363636363637,0.0,Low Value Customers
17509,57,8,6083.64,16.713296703296706,9.648351648351648,0.0,Champions
17510,24,1,308.48,15.424,10.7,0.0,Low Value Customers
17511,2,31,91062.38,94.5611422637591,67.02907580477674,0.0,Sleeping Giants
17512,28,10,2924.99,27.85704761904762,26.21904761904762,0.0,Champions
17513,71,1,513.2,85.53333333333335,42.333333333333336,0.0,Sleeping Giants
17514,127,1,208.65,5.2162500000000005,3.375,0.0,Low Value Customers
17515,30,4,639.02,7.345057471264368,2.793103448275862,0.0,Low Value Customers
17516,14,5,764.88,5.665777777777778,3.066666666666667,0.0,Champions
17517,308,1,153.94,13.994545454545454,9.272727272727272,0.0,Low Value Customers
17519,16,6,1844.02,22.488048780487805,15.073170731707316,0.0,Champions
17520,53,1,546.81,18.227,12.166666666666666,0.0,Low Value Customers
17521,23,3,723.21,16.071333333333335,11.533333333333331,0.0,Champions
17522,1,5,1066.15,14.80763888888889,14.194444444444445,0.0,Champions
17523,10,4,652.74,19.78,26.424242424242426,0.0,Champions
17524,360,1,145.0,24.166666666666668,15.0,0.0,Low Value Customers
17525,359,1,422.7,46.96666666666667,9.11111111111111,0.0,Low Value Customers
17526,0,4,1195.9,62.9421052631579,16.31578947368421,0.0,Champions
17527,53,4,939.37,19.98659574468085,10.382978723404255,0.0,Champions
17528,0,8,3628.5,14.34189723320158,8.450592885375494,0.0,Champions
17530,0,10,2362.53,6.088994845360825,3.894329896907216,0.0,Champions
17531,120,1,296.7,21.192857142857143,9.714285714285714,0.0,Low Value Customers
17534,53,1,223.36,24.817777777777778,11.444444444444445,0.0,Low Value Customers
17535,279,1,164.4,12.646153846153847,10.461538461538462,0.0,Low Value Customers
17536,176,1,76.5,25.5,2.0,0.0,Low Value Customers
17537,29,2,887.67,11.99554054054054,9.445945945945946,0.0,Low Value Customers
17538,25,1,98.42,10.935555555555556,14.88888888888889,0.0,Low Value Customers
17540,8,2,578.9,23.156,7.76,0.0,Low Value Customers
17542,269,1,170.75,6.83,5.36,0.0,Low Value Customers
17545,42,3,642.32,4.555460992907801,2.3900709219858154,0.0,Low Value Customers
17548,217,1,103.3,20.66,11.6,0.0,Low Value Customers
17549,23,2,148.86,24.81,35.0,0.0,Low Value Customers
17550,196,3,267.16,6.360952380952382,2.0476190476190474,0.0,Low Value Customers
17551,358,1,290.34,7.444615384615384,3.641025641025641,0.0,Low Value Customers
17552,42,4,930.41,18.987959183673468,14.673469387755102,0.0,Champions
17553,129,1,1487.6,743.8,524.0,0.0,Sleeping Giants
17554,0,5,1952.45,22.18693181818182,20.03409090909091,0.0,Champions
17555,19,2,480.31,4.574380952380952,3.3142857142857145,0.0,Low Value Customers
17556,205,1,157.9,26.316666666666663,16.833333333333332,0.0,Low Value Customers
17557,13,3,541.46,15.92529411764706,9.0,0.0,Champions
17560,94,4,854.95,32.88269230769231,24.423076923076923,0.0,Sleeping Giants
17561,18,1,165.12,3.669333333333333,3.2,0.0,Low Value Customers
17562,13,7,1122.38,17.81555555555556,12.968253968253968,0.0,Champions
17564,23,3,454.01,9.265510204081632,2.979591836734694,0.0,Low Value Customers
17566,7,2,869.77,6.125140845070423,3.5,0.0,Champions
17567,6,8,4331.48,26.25139393939393,15.951515151515151,0.0,Champions
17569,331,1,344.14,11.866896551724135,5.482758620689655,0.0,Low Value Customers
17571,49,4,1424.42,5.27562962962963,3.240740740740741,0.0,Champions
17572,70,4,226.75,18.89583333333333,7.916666666666667,0.0,Low Value Customers
17573,28,3,380.6,15.224,12.32,0.0,Low Value Customers
17574,242,1,185.65,23.20625,9.625,0.0,Low Value Customers
17576,7,19,3564.83,8.86773631840796,4.893034825870647,0.0,Champions
17578,190,1,143.45999999999998,28.692,27.6,0.0,Low Value Customers
17579,4,3,448.9,8.978,5.16,0.0,Champions
17580,252,3,212.77,4.835681818181818,1.9772727272727275,0.0,Low Value Customers
17581,0,25,11025.24,25.114441913439634,13.47380410022779,0.0,Champions
17582,235,1,175.27,6.043793103448277,4.241379310344827,0.0,Low Value Customers
17584,6,2,1242.3,35.49428571428572,13.085714285714284,0.0,Champions
17585,108,4,1116.68,5.368653846153847,7.9326923076923075,0.0,Low Value Customers
17588,99,3,1240.2,53.92173913043479,29.39130434782609,0.0,Sleeping Giants
17589,59,4,2402.92,9.535396825396823,6.468253968253968,0.0,Champions
17590,1,3,1466.77,7.5218974358974355,4.21025641025641,0.0,Champions
17591,72,7,2203.67,14.03611464968153,6.369426751592357,0.0,Champions
17593,3,5,3923.86,18.50877358490566,14.570754716981131,0.0,Champions
17594,84,2,993.18,19.8636,11.0,0.0,Low Value Customers
17595,11,2,386.69,4.715731707317073,2.7804878048780486,0.0,Low Value Customers
17596,22,7,2806.69,10.591283018867925,16.513207547169813,0.0,Champions
17597,213,1,2044.37,37.17036363636364,21.381818181818183,0.0,Sleeping Giants
17600,17,1,161.67,12.436153846153845,11.076923076923077,0.0,Low Value Customers
17601,238,1,116.01,12.89,11.444444444444445,0.0,Low Value Customers
17602,1,6,5054.42,9.173176043557168,7.47005444646098,0.0,Champions
17603,49,1,394.72,35.88363636363636,6.727272727272728,0.0,Low Value Customers
17604,216,2,309.36,4.91047619047619,2.6825396825396823,0.0,Low Value Customers
17608,32,2,191.99,3.428392857142857,4.089285714285714,0.0,Low Value Customers
17609,40,5,1098.28,4.754458874458875,2.9956709956709955,0.0,Champions
17611,3,15,3961.12,6.986102292768959,4.497354497354498,0.0,Champions
17612,52,6,2048.45,15.173703703703705,13.392592592592592,0.0,Champions
17613,22,14,4544.55,14.851470588235294,8.137254901960784,0.0,Champions
17614,56,1,386.32,3.9420408163265295,2.397959183673469,0.0,Low Value Customers
17615,129,3,329.6,23.542857142857144,10.0,0.0,Low Value Customers
17616,173,3,571.1999999999999,190.4,74.66666666666667,0.0,Sleeping Giants
17618,5,3,930.28,13.884776119402984,4.7611940298507465,0.0,Champions
17619,311,1,214.37,2.896891891891892,1.6756756756756757,0.0,Low Value Customers
17620,59,1,81.44,20.36,15.0,0.0,Low Value Customers
17621,20,3,1379.9,53.073076923076925,19.76923076923077,0.0,Sleeping Giants
17623,32,1,527.05,15.97121212121212,8.030303030303031,0.0,Low Value Customers
17624,14,2,843.48,16.869600000000002,11.08,0.0,Low Value Customers
17625,17,4,2020.4,6.602614379084968,3.8562091503267975,0.0,Champions
17628,80,1,75.75,15.15,15.8,0.0,Low Value Customers
17629,5,8,1814.12,14.748943089430892,13.24390243902439,0.0,Champions
17630,169,2,503.6,19.36923076923077,6.076923076923077,0.0,Low Value Customers
17631,1,3,528.33,13.546923076923076,8.564102564102564,0.0,Champions
17633,30,4,1324.84,18.92628571428571,9.2,0.0,Champions
17634,35,9,2358.59,7.96820945945946,2.831081081081081,0.0,Champions
17636,8,1,285.56,14.278,9.1,0.0,Low Value Customers
17637,30,2,547.06,15.630285714285712,8.0,0.0,Low Value Customers
17639,275,1,108.5,15.5,7.0,0.0,Low Value Customers
17640,86,1,621.66,124.332,50.0,0.0,Sleeping Giants
17642,119,2,712.29,17.80725,11.85,0.0,Low Value Customers
17643,372,1,101.55,12.69375,8.875,0.0,Low Value Customers
17644,0,11,2895.64,18.44356687898089,11.420382165605096,0.0,Champions
17646,218,3,1008.39,19.77235294117647,6.333333333333333,0.0,Low Value Customers
17647,64,1,133.06,19.00857142857143,4.285714285714286,0.0,Low Value Customers
17648,60,4,1797.5,19.75274725274725,5.351648351648351,0.0,Champions
17649,134,1,868.49,16.70173076923077,7.673076923076923,0.0,Low Value Customers
17650,20,1,166.07999999999998,20.76,18.75,0.0,Low Value Customers
17651,11,10,3945.0,17.004310344827587,13.413793103448276,0.0,Champions
17652,24,12,4867.72,18.794285714285717,9.687258687258687,0.0,Champions
17653,28,4,1207.56,27.44454545454545,32.02272727272727,0.0,Sleeping Giants
17654,276,1,117.55,5.343181818181818,1.8636363636363635,0.0,Low Value Customers
17655,10,7,2638.94,28.99934065934066,12.263736263736265,0.0,Champions
17656,72,5,1674.69,20.423048780487804,17.0609756097561,0.0,Champions
17658,10,2,595.42,31.337894736842102,32.421052631578945,0.0,Sleeping Giants
17659,3,12,2999.46,18.98392405063291,9.651898734177216,0.0,Champions
17660,140,1,178.75,4.703947368421052,3.1842105263157894,0.0,Low Value Customers
17663,25,7,1802.91,20.96406976744186,9.267441860465116,0.0,Champions
17664,18,2,604.64,14.061395348837207,14.046511627906977,0.0,Low Value Customers
17666,3,2,728.1600000000001,40.45333333333334,33.111111111111114,0.0,Sleeping Giants
17667,65,5,2055.51,17.719913793103448,8.905172413793103,0.0,Champions
17668,0,2,347.75,23.183333333333334,6.2,0.0,Champions
17669,42,7,3406.72,50.09882352941176,28.176470588235293,0.0,Sleeping Giants
17670,227,1,205.7,18.7,10.0,0.0,Low Value Customers
17671,15,4,1572.71,29.67377358490566,14.566037735849056,0.0,Champions
17672,43,2,3178.17,28.892454545454545,15.363636363636363,0.0,Champions
17673,0,6,1594.97,7.316376146788991,6.706422018348624,0.0,Champions
17674,73,2,551.04,20.40888888888889,24.88888888888889,0.0,Low Value Customers
17675,0,31,20374.28,28.89968794326241,11.858156028368796,0.0,Champions
17676,3,6,1371.18,17.807532467532468,11.974025974025974,0.0,Champions
17677,1,30,16345.38,53.94514851485148,32.25082508250825,0.0,Champions
17678,263,1,298.11,18.631875,12.9375,0.0,Low Value Customers
17679,52,2,1992.11,66.40366666666667,24.3,0.0,Sleeping Giants
17680,23,1,184.4,16.763636363636365,8.727272727272727,0.0,Low Value Customers
17682,9,6,2474.33,20.968898305084743,11.584745762711863,0.0,Champions
17684,43,1,239.41,15.960666666666668,9.666666666666666,0.0,Low Value Customers
17685,16,7,3155.83,24.84905511811024,15.015748031496065,0.0,Champions
17686,6,7,5739.46,20.06804195804196,8.664335664335665,0.0,Champions
17690,29,15,4726.8,18.757142857142856,7.01984126984127,0.0,Champions
17691,357,2,290.4,15.284210526315787,7.052631578947368,0.0,Low Value Customers
17692,126,4,725.58,16.124000000000002,13.866666666666667,0.0,Low Value Customers
17693,135,1,200.47,12.529375,14.4375,0.0,Low Value Customers
17694,141,1,283.12,18.874666666666663,12.266666666666667,0.0,Low Value Customers
17695,131,2,765.34,21.866857142857143,22.257142857142856,0.0,Low Value Customers
17696,37,8,2285.71,19.875739130434784,15.269565217391303,0.0,Champions
17697,235,1,338.95,17.839473684210525,4.894736842105263,0.0,Low Value Customers
17698,260,1,154.95,19.36875,11.625,0.0,Low Value Customers
17700,16,4,2534.64,17.84957746478873,8.915492957746478,0.0,Champions
17701,252,1,417.95,17.414583333333333,4.541666666666667,0.0,Low Value Customers
17702,29,4,1824.37,24.653648648648648,18.283783783783782,0.0,Champions
17703,34,3,798.74,14.522545454545456,10.727272727272728,0.0,Low Value Customers
17704,168,2,885.1899999999999,28.55451612903225,11.064516129032258,0.0,Low Value Customers
17705,2,9,1823.52,17.70407766990291,9.349514563106796,0.0,Champions
17706,3,17,10504.49,27.498664921465966,10.206806282722512,0.0,Champions
17707,184,2,152.4,30.48,28.8,0.0,Low Value Customers
17708,187,2,263.33,7.744999999999999,2.647058823529412,0.0,Low Value Customers
17709,169,1,137.45,19.635714285714283,2.4285714285714284,0.0,Low Value Customers
17711,10,2,385.1,16.743478260869566,10.695652173913045,0.0,Low Value Customers
17712,44,1,522.91,18.031379310344825,7.413793103448276,0.0,Low Value Customers
17714,320,1,153.0,15.3,9.2,0.0,Low Value Customers
17715,200,1,326.4,326.4,384.0,0.0,Sleeping Giants
17716,22,11,5655.99,23.085673469387757,12.53877551020408,0.0,Champions
17718,231,1,139.35,23.225,13.833333333333334,0.0,Low Value Customers
17719,37,15,5396.04,19.693576642335767,9.0,0.0,Champions
17720,25,4,1195.94,23.9188,11.52,0.0,Champions
17722,95,4,2424.04,21.07860869565217,13.869565217391305,0.0,Champions
17723,126,6,3276.4,327.64,79.2,0.0,Sleeping Giants
17724,57,3,1033.0,25.825,7.5,0.0,Low Value Customers
17725,15,11,3439.08,17.911875,11.260416666666666,0.0,Champions
17727,8,1,1060.25,16.064393939393938,9.772727272727272,0.0,Low Value Customers
17728,3,3,2876.01,17.430363636363634,8.903030303030302,0.0,Champions
17730,2,13,5298.48,24.304954128440365,16.40366972477064,0.0,Champions
17731,78,4,1240.11,18.509104477611935,7.358208955223881,0.0,Champions
17732,372,1,303.97,16.887222222222224,5.166666666666667,0.0,Low Value Customers
17733,38,2,692.19,19.776857142857143,13.228571428571428,0.0,Low Value Customers
17734,53,3,700.63,16.293720930232556,9.813953488372093,0.0,Low Value Customers
17735,1,19,13110.02,19.00002898550725,12.230434782608697,0.0,Champions
17736,8,3,377.44,15.0976,9.52,0.0,Champions
17737,8,2,168.24,16.824,10.8,0.0,Low Value Customers
17738,18,4,1879.05,19.37164948453608,10.608247422680412,0.0,Champions
17739,11,7,2791.35,59.39042553191489,18.31914893617021,0.0,Champions
17742,112,2,355.11,23.674,5.933333333333334,0.0,Low Value Customers
17744,3,6,2322.4,17.076470588235296,25.08823529411765,0.0,Champions
17746,234,1,110.25,18.375,4.833333333333333,0.0,Low Value Customers
17747,99,1,71.4,71.4,12.0,0.0,Low Value Customers
17749,177,2,674.52,19.272,9.142857142857142,0.0,Low Value Customers
17750,4,9,1694.16,9.30857142857143,20.307692307692307,0.0,Champions
17752,358,1,80.64,80.64,192.0,0.0,Sleeping Giants
17754,0,5,1664.65,18.703932584269666,20.40449438202247,0.0,Champions
17757,0,30,5589.44,7.563518267929634,4.488497970230041,0.0,Champions
17758,18,8,3408.2,8.436138613861386,5.084158415841584,0.0,Champions
17759,16,3,818.71,9.198988764044945,7.820224719101123,0.0,Champions
17760,21,2,287.59,11.5036,9.56,0.0,Low Value Customers
17761,32,1,712.78,37.51473684210527,20.94736842105263,0.0,Low Value Customers
17763,262,1,15.0,15.0,12.0,0.0,Low Value Customers
17764,50,2,772.55,10.880985915492955,4.943661971830986,0.0,Low Value Customers
17765,158,3,367.63,6.564821428571428,2.5535714285714284,0.0,Low Value Customers
17767,14,1,271.2,12.914285714285716,6.095238095238095,0.0,Low Value Customers
17768,7,3,2081.9,21.243877551020407,11.448979591836734,0.0,Champions
17769,12,10,3957.43,13.017861842105262,6.0855263157894735,0.0,Champions
17770,198,5,1143.27,30.086052631578948,9.605263157894736,0.0,Low Value Customers
17771,56,2,245.33,4.628867924528302,5.339622641509434,0.0,Low Value Customers
17772,10,2,173.45,3.469,1.1,0.0,Low Value Customers
17774,96,4,1213.73,7.932875816993464,3.320261437908497,0.0,Low Value Customers
17775,254,1,56.4,18.8,24.0,0.0,Low Value Customers
17777,24,3,647.5600000000001,3.4082105263157896,2.636842105263158,0.0,Low Value Customers
17779,20,3,650.32,8.028641975308643,4.888888888888889,0.0,Low Value Customers
17781,158,2,188.02,15.668333333333337,2.833333333333333,0.0,Low Value Customers
17783,71,2,283.47,4.23089552238806,5.283582089552239,0.0,Low Value Customers
17785,52,1,131.94,10.149230769230767,5.153846153846154,0.0,Low Value Customers
17786,84,2,266.85,3.9242647058823534,2.867647058823529,0.0,Low Value Customers
17787,152,4,1817.54,14.19953125,7.0,0.0,Low Value Customers
17788,73,2,1112.95,278.2375,52.5,0.0,Sleeping Giants
17789,280,1,225.9,16.135714285714286,5.285714285714286,0.0,Low Value Customers
17790,26,14,1964.3,10.393121693121692,4.417989417989418,0.0,Champions
17791,29,1,106.1,10.61,4.6,0.0,Low Value Customers
17793,24,1,300.34,5.77576923076923,4.346153846153846,0.0,Low Value Customers
17795,179,2,342.83,7.618444444444444,6.777777777777778,0.0,Low Value Customers
17796,39,4,690.0,8.518518518518519,2.1728395061728394,0.0,Low Value Customers
17797,21,3,780.43,7.0309009009009005,4.486486486486487,0.0,Low Value Customers
17799,21,10,3039.17,7.522698019801981,4.339108910891089,0.0,Champions
17800,36,9,1186.21,11.62950980392157,7.166666666666667,0.0,Champions
17802,81,3,1285.04,9.178857142857142,5.371428571428571,0.0,Low Value Customers
17805,73,1,512.31,51.231,47.8,0.0,Sleeping Giants
17806,10,1,546.04,12.698604651162787,16.906976744186046,0.0,Low Value Customers
17809,15,12,5411.91,88.71983606557377,33.721311475409834,0.0,Sleeping Giants
17811,3,39,7755.12,9.377412333736396,5.012091898428054,0.0,Champions
17812,12,4,699.81,5.261729323308271,2.473684210526316,0.0,Champions
17813,13,5,1698.07,4.879511494252873,2.160919540229885,0.0,Champions
17816,36,4,36.56,2.150588235294118,1.7647058823529411,0.0,Low Value Customers
17817,3,3,387.68,11.747878787878788,2.0303030303030303,0.0,Champions
17819,71,7,3704.87,77.18479166666667,21.479166666666668,0.0,Sleeping Giants
17824,50,1,298.4,22.95384615384615,31.384615384615383,0.0,Low Value Customers
17827,4,5,1987.33,9.24339534883721,5.767441860465116,0.0,Champions
17828,8,4,1165.09,18.20453125,10.234375,0.0,Champions
17829,298,1,889.24,29.64133333333333,16.533333333333335,0.0,Low Value Customers
17830,1,3,398.7,17.33478260869565,4.0,0.0,Champions
17831,32,1,35.4,17.7,6.0,0.0,Low Value Customers
17832,49,1,155.37,2.547049180327869,3.4098360655737703,0.0,Low Value Customers
17835,2,3,342.24,5.800677966101695,5.830508474576271,0.0,Champions
17836,46,1,109.83,4.775217391304348,3.782608695652174,0.0,Low Value Customers
17837,41,8,1535.33,9.536211180124225,3.1552795031055902,0.0,Champions
17838,26,5,2720.8,23.25470085470085,15.649572649572647,0.0,Champions
17839,41,1,318.15,6.11826923076923,4.9423076923076925,0.0,Low Value Customers
17841,1,124,40495.99,5.281856006260597,2.9758706143211167,0.0,Champions
17843,302,1,197.73,5.649428571428572,2.5142857142857142,0.0,Low Value Customers
17844,106,1,51.56,10.312,10.4,0.0,Low Value Customers
17848,80,9,901.2,17.67058823529412,7.803921568627451,0.0,Champions
17849,217,4,605.8000000000001,23.300000000000004,4.384615384615385,0.0,Low Value Customers
17850,301,34,5391.21,18.15222222222222,5.835016835016835,0.0,Champions
17852,11,2,114.34,4.764166666666667,2.208333333333333,0.0,Low Value Customers
17854,184,2,311.26,20.750666666666667,5.6,0.0,Low Value Customers
17855,372,1,208.97,12.292352941176471,11.588235294117649,0.0,Low Value Customers
17856,1,4,1418.03,94.53533333333333,56.13333333333333,0.0,Sleeping Giants
17857,2,22,25301.54,527.1154166666666,308.7916666666667,0.0,Sleeping Giants
17858,5,12,5140.66,26.09472081218274,13.6751269035533,0.0,Champions
17859,304,1,141.92,6.170434782608695,4.434782608695652,0.0,Low Value Customers
17860,368,1,226.45,4.354807692307692,1.7884615384615383,0.0,Low Value Customers
17861,2,8,2097.88,9.579360730593608,9.06392694063927,0.0,Champions
17862,323,1,330.9,30.08181818181818,9.090909090909092,0.0,Low Value Customers
17863,58,6,3160.0,21.35135135135135,17.824324324324323,0.0,Champions
17864,12,3,554.85,6.165,7.844444444444444,0.0,Low Value Customers
17865,30,20,10524.22,28.52092140921409,15.598915989159892,0.0,Champions
17866,142,1,329.65,36.62777777777777,19.33333333333333,0.0,Low Value Customers
17867,29,6,1157.87,17.027500000000003,7.470588235294118,0.0,Champions
17869,106,5,428.18,10.7045,2.775,0.0,Low Value Customers
17870,1,12,1865.89,6.910703703703703,5.003703703703704,0.0,Champions
17871,204,1,155.9,15.59,18.2,0.0,Low Value Customers
17873,79,5,1719.58,40.94238095238095,24.61904761904762,0.0,Sleeping Giants
17874,184,6,683.46,14.857826086956525,4.804347826086956,0.0,Low Value Customers
17877,169,1,237.61,19.800833333333333,8.166666666666666,0.0,Low Value Customers
17878,43,1,379.45,14.59423076923077,15.423076923076923,0.0,Low Value Customers
17879,173,1,178.52,29.75333333333333,7.5,0.0,Low Value Customers
17880,364,1,458.92,17.65076923076923,12.076923076923077,0.0,Low Value Customers
17881,303,1,133.35,16.66875,4.0,0.0,Low Value Customers
17883,2,4,664.34,4.6784507042253525,2.6338028169014085,0.0,Champions
17884,3,4,695.07,6.151061946902655,7.230088495575221,0.0,Champions
17885,11,1,156.34,2.949811320754717,2.0754716981132075,0.0,Low Value Customers
17886,31,3,869.28,8.52235294117647,4.598039215686274,0.0,Low Value Customers
17887,128,1,111.35,11.135,3.0,0.0,Low Value Customers
17888,18,8,716.0,11.015384615384615,14.96923076923077,0.0,Champions
17889,211,2,201.37,10.0685,3.85,0.0,Low Value Customers
17890,322,2,586.89,6.449340659340659,4.417582417582418,0.0,Low Value Customers
17891,161,1,203.86,5.995882352941176,11.558823529411764,0.0,Low Value Customers
17892,55,3,244.1,8.717857142857143,3.892857142857143,0.0,Low Value Customers
17893,224,1,107.21,7.147333333333333,9.933333333333334,0.0,Low Value Customers
17894,71,8,1118.54,5.856230366492146,2.1047120418848166,0.0,Champions
17895,43,1,95.45,6.363333333333333,8.466666666666667,0.0,Low Value Customers
17896,22,1,256.32,128.16,144.0,0.0,Sleeping Giants
17897,172,3,541.8100000000001,5.01675925925926,2.055555555555556,0.0,Low Value Customers
17898,84,2,152.06,5.430714285714286,6.785714285714286,0.0,Low Value Customers
17899,158,1,154.55,4.985483870967743,5.483870967741935,0.0,Low Value Customers
17900,164,2,112.2,18.7,12.166666666666666,0.0,Low Value Customers
17901,28,1,110.38,5.809473684210526,1.263157894736842,0.0,Low Value Customers
17904,20,1,181.07,5.325588235294117,1.7352941176470589,0.0,Low Value Customers
17905,70,4,798.99,24.21181818181818,12.303030303030305,0.0,Low Value Customers
17906,246,1,72.9,6.075,2.1666666666666665,0.0,Low Value Customers
17908,373,1,232.03,4.296851851851852,3.1296296296296298,0.0,Low Value Customers
17911,8,1,366.23,9.39051282051282,5.717948717948718,0.0,Low Value Customers
17912,309,5,310.06,8.38,4.972972972972973,0.0,Low Value Customers
17913,58,2,408.65,7.0456896551724135,4.965517241379311,0.0,Low Value Customers
17914,3,1,329.36,4.391466666666667,6.093333333333334,0.0,Low Value Customers
17917,44,3,335.03,3.641630434782608,2.0,0.0,Low Value Customers
17919,87,1,1304.04,56.69739130434783,32.869565217391305,0.0,Sleeping Giants
17920,3,17,4107.6,6.186144578313254,3.7213855421686746,0.0,Champions
17921,63,4,820.23,5.776267605633803,2.992957746478873,0.0,Low Value Customers
17923,281,1,207.5,207.5,50.0,0.0,Sleeping Giants
17924,0,7,2962.5,95.56451612903226,37.41935483870968,0.0,Sleeping Giants
17925,372,1,244.08,244.08,72.0,0.0,Sleeping Giants
17926,132,2,397.29,18.91857142857143,14.571428571428571,0.0,Low Value Customers
17928,44,2,184.46,8.384545454545455,3.090909090909091,0.0,Low Value Customers
17929,10,4,843.0,168.6,21.6,0.0,Sleeping Giants
17930,35,5,1740.48,44.62769230769231,40.87179487179487,0.0,Sleeping Giants
17931,133,2,408.36,6.282461538461539,3.830769230769231,0.0,Low Value Customers
17932,28,3,1331.57,14.795222222222222,8.766666666666667,0.0,Champions
17934,51,2,704.25,33.535714285714285,22.761904761904763,0.0,Sleeping Giants
17935,137,2,142.89,5.103214285714286,2.892857142857143,0.0,Low Value Customers
17936,4,1,380.13,5.279583333333333,3.5694444444444446,0.0,Low Value Customers
17937,8,7,4301.22,100.02837209302326,40.7906976744186,0.0,Sleeping Giants
17939,159,1,99.14,8.261666666666667,3.333333333333333,0.0,Low Value Customers
17940,48,11,2152.1800000000003,113.27263157894738,490.5263157894737,0.1052631578947368,Sleeping Giants
17941,130,1,304.56,152.28,126.0,0.0,Sleeping Giants
17942,7,1,77.5,38.75,19.0,0.0,Low Value Customers
17946,232,2,149.57999999999998,7.478999999999999,3.75,0.0,Low Value Customers
17947,36,1,176.68,19.63111111111111,18.666666666666668,0.0,Low Value Customers
17948,146,1,358.56,358.56,144.0,0.0,Sleeping Giants
17949,0,44,58030.48,841.0214492753623,441.3043478260869,0.0,Sleeping Giants
17950,71,3,482.2,6.791549295774648,5.154929577464789,0.0,Low Value Customers
17951,39,3,1008.54,50.427,30.8,0.0,Sleeping Giants
17954,4,12,2314.13,4.851425576519916,4.656184486373165,0.0,Champions
17955,198,4,557.3,29.331578947368417,14.36842105263158,0.0,Low Value Customers
17956,248,1,12.75,12.75,1.0,0.0,Low Value Customers
17957,65,1,110.72,3.6906666666666665,9.166666666666666,0.0,Low Value Customers
17958,116,1,508.46,72.63714285714286,12.0,0.0,Low Value Customers
17960,170,1,73.78,2.837692307692308,1.5769230769230769,0.0,Low Value Customers
17961,20,39,1296.44,5.206586345381527,2.248995983935743,0.0,Champions
17962,141,1,102.41,3.0120588235294115,3.735294117647059,0.0,Low Value Customers
17964,31,2,463.21,4.726632653061224,3.0,0.0,Low Value Customers
17965,37,14,2599.19,7.997507692307693,4.713846153846154,0.0,Champions
17966,37,5,1098.43,16.15338235294118,37.80882352941177,0.0,Champions
17967,371,1,112.27,2.673095238095238,1.738095238095238,0.0,Low Value Customers
17968,373,1,265.1,3.27283950617284,1.8641975308641976,0.0,Low Value Customers
17969,165,2,228.2,16.3,10.857142857142858,0.0,Low Value Customers
17970,210,1,562.79,19.40655172413793,17.689655172413794,0.0,Low Value Customers
17972,241,1,135.19,4.506333333333333,1.2,0.0,Low Value Customers
17973,51,1,337.04,22.46933333333333,11.733333333333333,0.0,Low Value Customers
17974,24,3,703.99,4.266606060606061,3.0303030303030303,0.0,Low Value Customers
17975,14,13,4479.96,15.342328767123288,5.352739726027397,0.0,Champions
17976,371,1,321.79,5.645438596491228,1.631578947368421,0.0,Low Value Customers
17977,28,1,288.14,13.72095238095238,16.285714285714285,0.0,Low Value Customers
17978,364,1,300.92,25.076666666666668,41.583333333333336,0.0,Low Value Customers
17979,35,4,729.01,5.321240875912409,2.7664233576642334,0.0,Low Value Customers
17980,165,3,811.45,27.048333333333336,22.73333333333333,0.0,Low Value Customers
17984,144,1,152.68,3.1808333333333336,2.0416666666666665,0.0,Low Value Customers
17985,21,1,631.35,30.06428571428572,8.142857142857142,0.0,Low Value Customers
17986,55,1,20.8,20.8,10.0,0.0,Low Value Customers
17987,184,1,198.57,15.274615384615384,20.07692307692308,0.0,Low Value Customers
17988,11,7,201.12,5.292631578947368,1.131578947368421,0.0,Champions
17990,236,3,630.84,21.753103448275866,14.275862068965518,0.0,Low Value Customers
17991,224,2,93.35,18.67,5.0,0.0,Low Value Customers
17994,121,4,674.89,8.542911392405063,6.265822784810126,0.0,Low Value Customers
17995,281,1,76.1,38.05,66.5,0.0,Sleeping Giants
17997,73,8,1962.46,11.966219512195122,13.859756097560975,0.0,Champions
17999,36,2,380.39,4.18010989010989,2.4065934065934065,0.0,Low Value Customers
18001,11,2,415.13,7.282982456140351,6.350877192982456,0.0,Low Value Customers
18004,361,1,157.92,4.268108108108108,2.027027027027027,0.0,Low Value Customers
18005,3,2,226.47,4.273018867924528,1.6226415094339623,0.0,Low Value Customers
18006,22,1,444.68,20.212727272727275,10.0,0.0,Low Value Customers
18008,69,9,2116.19,70.53966666666666,52.7,0.0,Sleeping Giants
18009,234,1,247.39,7.98032258064516,4.032258064516129,0.0,Low Value Customers
18010,256,1,174.8,12.485714285714286,4.285714285714286,0.0,Low Value Customers
18011,372,1,102.79,3.671071428571428,2.5357142857142856,0.0,Low Value Customers
18013,154,2,187.29,6.041612903225806,9.193548387096774,0.0,Low Value Customers
18014,27,1,154.27,5.3196551724137935,2.2413793103448274,0.0,Low Value Customers
18015,3,1,120.03,2.6093478260869567,3.4130434782608696,0.0,Low Value Customers
18016,31,5,1477.66,12.111967213114754,8.418032786885245,0.0,Champions
18017,80,3,523.0,174.33333333333334,100.0,0.0,Sleeping Giants
18018,107,2,122.14,4.211724137931035,1.896551724137931,0.0,Low Value Customers
18019,51,1,38.45,7.69,1.4,0.0,Low Value Customers
18022,35,1,612.72,3.73609756097561,4.286585365853658,0.0,Low Value Customers
18024,152,2,389.78,18.56095238095238,8.761904761904763,0.0,Low Value Customers
18027,98,1,115.31,5.490952380952381,3.7142857142857135,0.0,Low Value Customers
18030,3,2,230.65,25.627777777777776,7.444444444444445,0.0,Low Value Customers
18032,333,1,73.5,14.7,8.4,0.0,Low Value Customers
18033,64,1,93.82,2.8430303030303032,7.636363636363637,0.0,Low Value Customers
18034,21,2,418.68,3.8061818181818174,5.081818181818182,0.0,Low Value Customers
18035,35,3,713.89,14.569183673469388,11.918367346938776,0.0,Low Value Customers
18036,31,3,403.12,4.288510638297873,2.4680851063829787,0.0,Low Value Customers
18037,153,6,70.02,3.685263157894737,1.0526315789473684,0.0,Low Value Customers
18040,18,2,357.2,18.8,7.7894736842105265,0.0,Low Value Customers
18041,11,21,4097.37,8.94622270742358,8.20524017467249,0.0,Champions
18042,53,1,165.05,23.57857142857143,4.714285714285714,0.0,Low Value Customers
18043,24,3,529.29,4.6025217391304345,2.3043478260869565,0.0,Low Value Customers
18044,3,10,2088.6,16.445669291338582,8.133858267716535,0.0,Champions
18045,44,1,178.34,4.147441860465117,3.2093023255813957,0.0,Low Value Customers
18048,202,2,172.29,24.61285714285714,18.142857142857142,0.0,Low Value Customers
18050,358,1,74.4,14.88,8.0,0.0,Low Value Customers
18053,65,1,300.02,15.001,15.1,0.0,Low Value Customers
18055,6,10,6761.34,18.88642458100559,6.849162011173185,0.0,Champions
18056,287,1,363.65,19.139473684210525,11.105263157894736,0.0,Low Value Customers
18058,9,1,170.16,56.72,29.33333333333333,0.0,Sleeping Giants
18059,8,3,306.46,17.025555555555556,14.333333333333334,0.0,Low Value Customers
18061,21,10,2119.41,46.0741304347826,20.76086956521739,0.0,Champions
18062,172,3,720.52,26.685925925925925,14.666666666666666,0.0,Low Value Customers
18064,132,2,814.0,116.28571428571428,54.85714285714285,0.0,Sleeping Giants
18065,5,14,2392.83,17.465912408759124,7.496350364963503,0.0,Champions
18066,74,1,318.0,31.8,10.8,0.0,Low Value Customers
18067,39,1,396.33,10.71162162162162,5.108108108108108,0.0,Low Value Customers
18068,288,1,101.7,101.7,6.0,0.0,Low Value Customers
18069,25,5,2009.24,4.396586433260394,2.835886214442013,0.0,Champions
18071,257,2,453.0,18.12,10.4,0.0,Low Value Customers
18072,154,1,247.44,13.746666666666666,16.0,0.0,Low Value Customers
18073,113,12,3859.82,53.60861111111111,43.083333333333336,0.0,Sleeping Giants
18074,373,1,489.6,37.66153846153846,14.615384615384617,0.0,Low Value Customers
18075,22,10,2611.75,18.392605633802816,10.309859154929578,0.0,Champions
18077,7,11,2584.41,11.589282511210762,8.246636771300448,0.0,Champions
18078,216,2,336.13,11.590689655172412,5.0,0.0,Low Value Customers
18079,44,4,3613.15,29.37520325203252,59.73170731707317,0.0,Sleeping Giants
18080,18,2,1231.5,615.75,321.0,0.0,Sleeping Giants
18081,35,3,343.45,20.20294117647059,11.470588235294118,0.0,Low Value Customers
18082,25,1,680.84,9.726285714285714,8.685714285714285,0.0,Low Value Customers
18084,15,1,90.48,90.48,312.0,0.0,Sleeping Giants
18085,329,2,689.95,23.79137931034483,9.137931034482758,0.0,Low Value Customers
18086,273,1,101.34,14.477142857142857,15.142857142857142,0.0,Low Value Customers
18087,97,1,3202.92,3202.92,3906.0,0.0,Sleeping Giants
18088,60,1,166.03,4.487297297297298,2.891891891891892,0.0,Low Value Customers
18092,1,11,9068.26,101.8905617977528,47.7752808988764,0.0,Sleeping Giants
18093,92,4,2106.52,58.51444444444444,38.66666666666666,0.0,Sleeping Giants
18094,81,7,3017.3,43.10428571428572,35.97142857142857,0.0,Sleeping Giants
18095,312,2,580.05,27.62142857142857,19.952380952380956,0.0,Low Value Customers
18096,11,3,849.06,4.331938775510204,4.020408163265306,0.0,Champions
18097,7,6,2662.4,25.116981132075477,15.679245283018869,0.0,Champions
18099,126,1,168.31,8.858421052631579,7.842105263157895,0.0,Low Value Customers
18101,10,2,222.4,5.5600000000000005,2.175,0.0,Low Value Customers
18102,0,60,259657.3,602.45313225058,148.77958236658932,0.0,Sleeping Giants
18104,36,1,754.64,19.85894736842105,9.526315789473683,0.0,Low Value Customers
18105,37,1,113.48,6.304444444444444,2.555555555555556,0.0,Low Value Customers
18106,329,1,421.9,11.402702702702705,3.4054054054054053,0.0,Low Value Customers
18108,248,1,271.0,15.941176470588236,4.941176470588236,0.0,Low Value Customers
18109,1,26,8004.92,18.151746031746036,9.591836734693878,0.0,Champions
18110,18,1,198.8,5.372972972972973,1.945945945945946,0.0,Low Value Customers
18112,11,2,352.69,13.565,9.807692307692308,0.0,Low Value Customers
18113,368,1,76.32,76.32,72.0,0.0,Sleeping Giants
18114,289,1,220.1,7.860714285714286,1.9642857142857144,0.0,Low Value Customers
18116,67,8,1399.51,3.78245945945946,2.2135135135135133,0.0,Champions
18117,25,1,314.4,4.4281690140845065,8.507042253521126,0.0,Low Value Customers
18118,10,26,5622.68,4.455372424722663,2.2606973058637085,0.0,Champions
18119,367,1,180.7,6.23103448275862,4.275862068965517,0.0,Low Value Customers
18120,213,1,111.15,6.538235294117648,1.8235294117647056,0.0,Low Value Customers
18121,148,2,653.3,21.074193548387097,14.129032258064516,0.0,Low Value Customers
18122,7,6,1791.84,5.04743661971831,3.422535211267605,0.0,Champions
18123,23,2,574.4399999999999,16.895294117647058,17.11764705882353,0.0,Low Value Customers
18125,29,4,1131.75,5.89453125,4.166666666666667,0.0,Champions
18126,60,1,198.58,3.893725490196079,2.5294117647058822,0.0,Low Value Customers
18127,18,3,347.08,7.545217391304347,4.065217391304348,0.0,Low Value Customers
18129,242,1,112.55,8.039285714285715,3.4285714285714284,0.0,Low Value Customers
18130,8,3,1059.39,15.13414285714286,11.771428571428572,0.0,Champions
18133,210,1,931.5,931.5,1350.0,0.0,Sleeping Giants
18135,28,5,681.91,34.0955,17.45,0.0,Champions
18136,62,3,784.3299999999999,20.640263157894736,9.973684210526317,0.0,Low Value Customers
18138,294,1,152.65,19.08125,4.75,0.0,Low Value Customers
18139,16,6,8438.34,53.07132075471698,34.9496855345912,0.0,Sleeping Giants
18142,150,2,1019.52,67.968,85.06666666666666,0.0,Sleeping Giants
18143,116,2,1000.16,16.396065573770493,9.344262295081966,0.0,Low Value Customers
18144,7,12,2888.75,67.18023255813954,31.232558139534884,0.0,Champions
18145,12,4,2861.55,12.94819004524887,11.877828054298645,0.0,Champions
18146,140,2,160.35,16.035,15.3,0.0,Low Value Customers
18147,45,2,179.34,25.62,29.0,0.0,Low Value Customers
18149,50,3,612.08,38.255,19.375,0.0,Sleeping Giants
18150,31,3,566.5799999999999,15.312972972972972,8.972972972972974,0.0,Low Value Customers
18151,134,2,653.35,17.193421052631578,9.342105263157896,0.0,Low Value Customers
18154,2,2,399.19,19.009047619047617,12.142857142857142,0.0,Champions
18155,74,3,371.62,14.8648,10.64,0.0,Low Value Customers
18156,12,2,675.64,5.538032786885246,2.319672131147541,0.0,Low Value Customers
18158,8,2,453.4,13.335294117647058,10.411764705882351,0.0,Low Value Customers
18159,300,1,530.15,23.05,6.043478260869565,0.0,Low Value Customers
18160,56,2,638.06,16.36051282051282,7.538461538461538,0.0,Low Value Customers
18161,9,5,1618.69,20.233625,10.15,0.0,Champions
18164,30,1,399.65,16.652083333333334,7.666666666666667,0.0,Low Value Customers
18165,176,1,302.46,30.246,25.4,0.0,Low Value Customers
18167,3,4,1384.86,36.44368421052632,10.026315789473683,0.0263157894736842,Champions
18168,175,6,1160.04,8.923384615384615,4.553846153846154,0.0,Low Value Customers
18169,60,1,202.65,22.516666666666666,6.777777777777778,0.0,Low Value Customers
18170,32,3,980.31,25.797631578947367,10.763157894736842,0.0,Champions
18171,58,5,1231.31,22.802037037037035,8.907407407407407,0.0,Champions
18172,14,20,7561.68,40.00888888888889,16.84656084656085,0.0,Champions
18173,86,4,2106.84,67.9625806451613,39.354838709677416,0.0,Sleeping Giants
18174,6,1,104.0,104.0,50.0,0.0,Sleeping Giants
18176,353,1,476.35,15.878333333333332,9.433333333333334,0.0,Low Value Customers
18177,30,6,1340.87,18.368082191780825,9.712328767123289,0.0,Champions
18178,113,4,1590.81,16.400103092783503,10.1340206185567,0.0,Champions
18179,8,6,1793.17,19.924111111111117,15.11111111111111,0.0,Champions
18180,4,6,1843.75,15.493697478991596,14.46218487394958,0.0,Champions
18181,23,1,366.85,8.947560975609756,3.2439024390243905,0.0,Low Value Customers
18183,217,2,632.07,17.082972972972975,10.027027027027026,0.0,Low Value Customers
18184,14,1,49.8,49.8,60.0,0.0,Sleeping Giants
18185,248,1,304.25,17.897058823529413,10.764705882352942,0.0,Low Value Customers
18188,14,3,2001.04,28.183661971830983,16.450704225352112,0.0,Champions
18189,77,2,1090.24,16.032941176470587,8.323529411764707,0.0,Low Value Customers
18190,191,2,284.46,18.964,9.333333333333334,0.0,Low Value Customers
18191,261,1,207.8,29.685714285714287,20.0,0.0,Low Value Customers
18192,71,1,957.97,21.288222222222224,7.533333333333333,0.0,Low Value Customers
18193,150,1,243.76,15.235,7.75,0.0,Low Value Customers
18194,63,1,973.84,139.12,90.28571428571428,0.0,Sleeping Giants
18196,94,2,686.63,4.93978417266187,3.1007194244604315,0.0,Low Value Customers
18198,3,17,5425.56,34.12301886792453,25.62264150943396,0.0,Champions
18200,105,1,150.35,5.011666666666667,3.466666666666667,0.0,Low Value Customers
18202,199,3,1396.99,20.543970588235293,8.544117647058824,0.0,Low Value Customers
18203,156,1,160.42000000000002,8.443157894736842,2.263157894736842,0.0,Low Value Customers
18204,70,3,1975.35,10.28828125,6.197916666666667,0.0,Champions
18205,35,2,517.36,16.1675,6.0,0.0,Low Value Customers
18209,28,1,139.1,17.3875,7.25,0.0,Low Value Customers
18210,1,6,2621.38,19.56253731343284,10.432835820895525,0.0,Champions
18211,25,5,600.07,14.287380952380952,8.547619047619047,0.0,Champions
18212,325,1,216.07,6.355,2.7058823529411766,0.0,Low Value Customers
18213,236,1,232.48,15.498666666666669,15.466666666666669,0.0,Low Value Customers
18215,88,1,299.34000000000003,23.02615384615385,9.076923076923077,0.0,Low Value Customers
18216,30,1,481.75,18.528846153846157,7.6923076923076925,0.0,Low Value Customers
18217,28,2,621.75,20.056451612903224,15.838709677419354,0.0,Low Value Customers
18218,205,2,641.92,32.096,26.8,0.0,Sleeping Giants
18219,2,10,2069.77,18.15587719298245,7.763157894736842,0.0,Champions
18220,219,1,305.28,152.64,144.0,0.0,Sleeping Giants
18221,21,5,1041.61,16.27515625,12.359375,0.0,Champions
18222,92,1,443.0,23.31578947368421,17.63157894736842,0.0,Low Value Customers
18223,1,14,6484.54,23.840220588235294,10.838235294117649,0.0,Champions
18224,263,1,158.95,15.895,6.9,0.0,Low Value Customers
18225,2,12,5504.96,20.46453531598513,12.052044609665428,0.0,Champions
18226,38,11,5228.05,21.603512396694217,14.322314049586776,0.0,Champions
18227,217,1,93.75,18.75,4.2,0.0,Low Value Customers
18228,49,2,779.9,25.996666666666663,7.933333333333334,0.0,Low Value Customers
18229,11,20,7276.9,44.37134146341463,15.170731707317072,0.0,Champions
18230,8,7,2810.2,32.67674418604651,15.30232558139535,0.0,Champions
18231,191,5,2071.77,16.843658536585366,6.658536585365853,0.0,Champions
18232,81,4,592.97,16.026216216216216,8.162162162162161,0.0,Low Value Customers
18233,325,1,440.0,440.0,4.0,0.0,Sleeping Giants
18235,71,3,1796.48,17.273846153846154,15.173076923076923,0.0,Champions
18236,29,6,882.24,18.004897959183673,8.224489795918368,0.0,Champions
18237,2,5,987.1,16.181967213114753,10.19672131147541,0.0,Champions
18239,218,5,1561.61,17.745568181818182,9.034090909090908,0.0,Low Value Customers
18240,45,1,422.58,70.42999999999999,21.0,0.0,Sleeping Giants
18241,9,17,2073.09,19.93355769230769,10.10576923076923,0.0,Champions
18242,71,4,2232.49,28.621666666666663,13.038461538461538,0.0,Champions
18245,6,7,2567.06,14.668914285714283,10.217142857142855,0.0,Champions
18246,23,2,596.1,149.025,41.5,0.0,Sleeping Giants
18248,113,2,804.02,17.1068085106383,10.872340425531917,0.0,Low Value Customers
18249,16,1,95.34,11.9175,16.0,0.0,Low Value Customers
18250,300,1,349.27,16.63190476190476,9.476190476190476,0.0,Low Value Customers
18251,86,1,4314.72,269.67,489.0,0.0,Sleeping Giants
18252,50,2,518.27,5.5135106382978725,2.48936170212766,0.0,Low Value Customers
18255,88,1,103.3,17.216666666666665,12.333333333333334,0.0,Low Value Customers
18257,38,8,2337.63,19.81042372881356,8.822033898305085,0.0,Champions
18259,24,3,2338.6,55.68095238095238,17.0,0.0,Sleeping Giants
18260,172,6,2628.35,19.76203007518797,11.090225563909774,0.0,Champions
18261,42,2,324.24,15.44,6.9523809523809526,0.0,Low Value Customers
18262,139,1,149.48,11.498461538461536,14.0,0.0,Low Value Customers
18263,22,3,1213.16,19.887868852459015,24.0655737704918,0.0,Champions
18265,71,2,801.51,17.424130434782608,6.760869565217392,0.0,Low Value Customers
18268,133,1,25.5,25.5,2.0,0.0,Low Value Customers
18269,357,1,168.6,24.085714285714285,10.857142857142858,0.0,Low Value Customers
18270,37,2,283.15000000000003,25.740909090909096,9.181818181818182,0.0,Low Value Customers
18272,2,6,3078.58,18.54566265060241,12.349397590361448,0.0,Champions
18273,1,3,204.0,68.0,26.666666666666668,0.0,Sleeping Giants
18274,17,1,175.92,15.992727272727272,8.0,0.0,Low Value Customers
18276,20,1,335.86,23.99,13.285714285714286,0.0,Low Value Customers
18277,57,1,110.38,13.7975,8.5,0.0,Low Value Customers
18278,73,1,173.9,19.322222222222223,7.333333333333333,0.0,Low Value Customers
18280,277,1,180.6,18.06,4.5,0.0,Low Value Customers
18281,180,1,80.82,11.545714285714284,7.714285714285714,0.0,Low Value Customers
18282,7,2,178.05,14.8375,8.583333333333334,0.0,Low Value Customers
18283,3,16,2039.58,2.8366898470097355,1.8845618915159943,0.0,Champions
18287,42,3,1837.28,26.24685714285714,22.65714285714286,0.0,Champions
