customer_id,recency,frequency,monetary,avg_order_value,avg_quantity,discount_rate
12346,325,2,77183.6,38591.8,0.0,0.0
12347,1,7,4310.0,23.681318681318682,13.505494505494505,0.0
12348,74,4,1797.24,57.97548387096774,75.51612903225806,0.0
12349,18,1,1757.55,24.076027397260273,8.643835616438356,0.0
12350,309,1,334.4,19.670588235294115,11.588235294117647,0.0
12352,35,11,2506.04,26.379368421052632,4.947368421052632,0.0
12353,203,1,89.0,22.25,5.0,0.0
12354,231,1,1079.4,18.610344827586207,9.137931034482758,0.0
12355,213,1,459.4,35.33846153846154,18.46153846153846,0.0
12356,22,3,2811.43,47.65135593220339,26.966101694915253,0.0
12357,32,1,6207.67,47.38679389312977,20.671755725190838,0.0
12358,1,2,1168.06,61.47684210526315,13.052631578947368,0.0
12359,7,6,6310.03,25.139561752988048,6.370517928286852,0.0
12360,51,3,2662.06,20.63612403100775,9.031007751937985,0.0
12361,286,1,189.9,18.990000000000002,9.1,0.0
12362,2,13,5226.23,19.07383211678832,8.072992700729927,0.0
12363,109,2,552.0,24.0,17.73913043478261,0.0
12364,7,4,1313.1,15.448235294117646,17.71764705882353,0.0
12365,290,3,641.38,27.88608695652174,7.521739130434782,0.0
12367,3,1,168.9,15.354545454545455,15.727272727272727,0.0
12370,50,4,3541.94,21.33698795180723,14.168674698795181,0.0
12371,44,2,1887.96,29.96761904761905,9.380952380952381,0.0
12372,71,3,1298.04,24.962307692307693,15.26923076923077,0.0
12373,310,1,364.6,26.042857142857144,14.071428571428571,0.0
12374,24,1,742.93,22.513030303030302,10.363636363636363,0.0
12375,2,3,457.5,25.416666666666668,9.833333333333334,0.0
12377,314,2,1628.12,21.144415584415583,12.25974025974026,0.0
12378,129,1,4008.62,18.30420091324201,11.547945205479452,0.0
12379,81,3,852.24,20.786341463414633,9.902439024390244,0.0
12380,21,5,2724.81,25.95057142857143,10.723809523809523,0.0
12381,4,6,1845.31,20.27813186813187,8.604395604395604,0.0
12383,184,6,1850.56,18.5056,15.29,0.0
12384,28,3,585.27,19.509,4.033333333333333,0.0
12386,337,2,401.9,40.19,35.4,0.0
12388,15,6,2780.66,27.8066,14.62,0.0
12390,79,1,549.84,17.1825,11.03125,0.0
12391,21,1,439.66,4.72752688172043,3.150537634408602,0.0
12393,71,4,1582.6,24.728125,12.75,0.0
12394,63,2,1272.48,47.12888888888889,30.333333333333332,0.0
12395,15,15,3018.63,18.98509433962264,13.28930817610063,0.0
12397,35,2,2409.9,19.126190476190477,10.023809523809524,0.0
12398,45,1,1635.6599999999999,19.24305882352941,16.4,0.0
12399,118,4,1108.65,18.790677966101697,19.966101694915253,0.0
12401,302,1,84.3,16.86,2.2,0.0
12402,322,1,225.6,20.509090909090908,8.545454545454545,0.0
12403,49,2,427.7,71.28333333333333,15.833333333333334,0.0
12405,148,1,1710.3899999999999,31.673888888888886,15.87037037037037,0.0
12406,21,3,3415.2999999999997,31.623148148148147,16.75,0.0
12407,49,5,1708.12,22.18337662337662,18.38961038961039,0.0
12408,32,9,2888.55,25.562389380530973,12.380530973451327,0.0
12409,78,7,11072.67,97.12868421052632,48.62280701754386,0.0
12410,300,3,693.33,24.761785714285715,7.464285714285714,0.0
12412,74,3,1226.8799999999999,20.1127868852459,13.59016393442623,0.0
12413,66,5,758.1,18.9525,7.05,0.0
12414,216,3,562.41,31.244999999999997,16.666666666666668,0.0
12415,23,26,124914.53,160.9723324742268,99.15721649484536,0.0
12417,2,12,3649.1,18.42979797979798,7.7727272727272725,0.0
12418,112,1,668.58,19.664117647058823,11.970588235294118,0.0
12420,63,1,600.39,20.70310344827586,11.89655172413793,0.0
12421,15,5,807.04,17.544347826086955,10.5,0.0
12422,95,3,803.56,20.60410256410256,9.487179487179487,0.0
12423,0,9,1859.31,14.756428571428572,10.531746031746032,0.0
12424,162,2,1760.96,58.69866666666667,24.666666666666668,0.0
12425,77,1,777.2,21.58888888888889,13.777777777777779,0.0
12426,194,1,582.73,19.424333333333333,8.6,0.0
12427,11,5,825.8000000000001,23.594285714285718,6.742857142857143,0.0
12428,25,12,7956.46,26.521533333333334,11.676666666666666,0.0
12429,8,4,3750.4,38.66391752577319,16.051546391752577,0.0
12430,42,1,256.4,23.30909090909091,10.636363636363637,0.0
12431,35,18,6419.95,26.974579831932772,11.957983193277311,0.0
12432,42,5,5059.32,46.845555555555556,16.675925925925927,0.0
12433,0,7,13375.87,31.847309523809525,26.35952380952381,0.0
12434,84,4,806.14,14.928518518518517,6.907407407407407,0.0
12435,79,2,7829.889999999999,217.49694444444444,57.083333333333336,0.0
12436,99,1,509.01,31.813125,13.1875,0.0
12437,1,19,4951.41,24.75705,14.585,0.0
12438,13,2,2906.85,29.66173469387755,12.040816326530612,0.0
12441,366,1,173.55,15.77727272727273,11.0,0.0
12442,2,1,172.06,14.338333333333333,15.166666666666666,0.0
12444,20,5,5005.46,28.440113636363638,6.551136363636363,0.0
12445,21,1,133.4,33.35,15.5,0.0
12446,57,1,1002.31,17.58438596491228,6.157894736842105,0.0
12447,242,1,476.49,18.326538461538462,7.3076923076923075,0.0
12448,43,1,449.45,20.429545454545455,11.045454545454545,0.0
12449,21,4,4067.29,21.294712041884818,8.13089005235602,0.0
12450,155,2,197.88,24.735,16.0,0.0
12451,10,6,9035.52,25.452169014084507,18.183098591549296,0.0
12452,16,3,430.57,18.720434782608695,7.956521739130435,0.0
12453,133,1,707.09,16.443953488372095,11.0,0.0
12454,52,2,3528.34,117.61133333333333,0.0,0.0
12455,72,6,2466.86,27.409555555555556,23.211111111111112,0.0
12456,43,4,3181.04,24.65922480620155,12.527131782945736,0.0
12457,57,12,2363.23,35.2720895522388,10.35820895522388,0.0
12458,70,2,947.4,24.931578947368422,13.31578947368421,0.0
12461,93,2,826.88,23.62514285714286,8.2,0.0
12462,1,4,1189.59,16.52208333333333,7.138888888888889,0.0
12463,45,7,1344.78,15.281590909090909,8.602272727272727,0.0
12464,9,8,1212.05,41.79482758620689,3.8620689655172415,0.0
12465,7,3,742.1899999999999,14.552745098039214,9.313725490196079,0.0
12468,142,3,729.54,18.2385,9.1,0.0
12471,1,49,19788.649999999998,37.33707547169811,15.00566037735849,0.0
12472,30,13,6572.11,16.80846547314578,10.281329923273658,0.0
12473,28,9,3928.05,22.067696629213483,13.134831460674157,0.0
12474,16,30,7324.09,16.0969010989011,10.43956043956044,0.0
12475,53,1,723.38,20.093888888888888,14.86111111111111,0.0
12476,0,20,6816.42,25.819772727272728,8.852272727272727,0.0
12477,22,9,13219.74,42.92123376623377,11.753246753246753,0.0
12478,3,1,680.99,18.91638888888889,6.555555555555555,0.0
12479,3,3,527.2,15.062857142857144,10.028571428571428,0.0
12480,27,4,3281.63,21.309285714285714,11.084415584415584,0.0
12481,22,11,5579.82,25.713456221198154,15.11520737327189,0.0
12483,16,13,2484.98,30.678765432098764,13.54320987654321,0.0
12484,32,8,4527.32,13.047031700288183,6.285302593659942,0.0
12488,9,3,1298.66,23.612000000000002,9.618181818181819,0.0
12489,335,1,334.93,22.328666666666667,7.0,0.0
12490,4,10,5417.93,22.114,12.506122448979593,0.0
12491,38,1,460.4,17.707692307692305,10.0,0.0
12492,62,2,263.21,13.160499999999999,9.6,0.0
12493,165,3,433.74,18.858260869565218,8.956521739130435,0.0
12494,9,13,1246.1,14.834523809523809,8.214285714285714,0.0
12497,81,1,1043.1,74.50714285714285,88.28571428571429,0.0
12498,20,3,403.7,17.55217391304348,6.913043478260869,0.0
12500,22,13,4257.82,65.50492307692308,41.09230769230769,0.0
12501,314,2,2169.39,13.5586875,10.7625,0.0
12502,95,5,3723.87,25.332448979591835,5.578231292517007,0.0
12503,337,1,0.0,0.0,-1.0,0.0
12504,17,4,482.05,32.13666666666667,3.4,0.0
12505,300,1,0.0,0.0,-1.0,0.0
12506,232,1,73.5,3.1956521739130435,1.0,0.0
12507,133,4,1304.81,59.30954545454545,40.13636363636363,0.0
12508,25,2,397.88,5.851176470588236,3.985294117647059,0.0
12509,283,1,176.5,25.214285714285715,7.857142857142857,0.0
12510,142,2,982.57,29.774848484848487,10.696969696969697,0.0
12512,65,2,132.18,4.263870967741935,3.096774193548387,0.0
12513,84,2,612.29,17.008055555555554,12.666666666666666,0.0
12514,266,1,1017.6800000000001,19.95450980392157,8.627450980392156,0.0
12515,352,1,383.7,23.98125,8.1875,0.0
12516,77,2,1312.06,50.46384615384615,33.65384615384615,0.0
12517,27,6,2481.6,8.831316725978647,4.761565836298932,0.0
12518,0,5,2056.89,16.58782258064516,10.629032258064516,0.0
12519,63,1,330.84,19.461176470588235,10.294117647058824,0.0
12520,78,6,2634.2599999999998,16.99522580645161,9.225806451612904,0.0
12521,142,1,599.68,15.781052631578946,8.131578947368421,0.0
12522,38,2,192.72,16.06,16.166666666666668,0.0
12523,1,13,1789.77,16.270636363636363,7.827272727272727,0.0
12524,8,8,4485.72,31.150833333333335,25.6875,0.0
12526,0,3,1316.66,18.54450704225352,8.901408450704226,0.0
12527,81,3,348.71,19.372777777777777,13.0,0.0
12528,8,8,1933.48,20.35242105263158,7.894736842105263,0.0
12530,59,5,1662.28,24.44529411764706,13.235294117647058,0.0
12531,14,1,125.22,7.365882352941177,2.6470588235294117,0.0
12532,29,1,349.83,21.864375,9.5625,0.0
12534,130,1,1089.18,17.28857142857143,10.333333333333334,0.0
12535,91,2,716.35,21.069117647058825,6.4411764705882355,0.0
12536,7,5,12601.830000000002,46.16054945054946,9.714285714285714,0.0
12538,28,1,363.95,17.33095238095238,9.095238095238095,0.0
12539,21,5,5568.35,20.322445255474452,7.54014598540146,0.0
12540,19,19,13400.24,27.859126819126818,13.881496881496881,0.0
12541,29,3,981.18,18.868846153846153,13.076923076923077,0.0
12544,29,2,372.7,18.634999999999998,6.6,0.0
12545,74,2,1000.39,20.0078,10.46,0.0
12546,46,3,1161.5,16.59285714285714,8.814285714285715,0.0
12547,197,2,207.8,25.975,16.75,0.0
12548,165,1,95.19999999999999,19.04,9.8,0.0
12550,78,1,964.83,16.92684210526316,9.982456140350877,0.0
12551,357,1,168.0,16.8,10.0,0.0
12552,38,2,437.82,21.891,4.4,0.0
12553,7,14,3692.28,18.83816326530612,9.816326530612244,0.0
12556,49,2,599.56,5.038319327731092,2.9831932773109244,0.0
12557,15,5,11990.960000000001,363.36242424242425,132.84848484848484,0.0
12558,1,2,269.96,12.27090909090909,0.0,0.0
12559,310,3,561.71,25.53227272727273,12.772727272727273,0.0
12560,4,4,2134.0099999999998,19.225315315315314,9.711711711711711,0.0
12561,302,1,238.85,14.928125,11.0625,0.0
12562,7,7,3781.7400000000002,22.510357142857146,10.589285714285714,0.0
12564,260,1,456.9,21.757142857142856,6.333333333333333,0.0
12565,281,2,145.92,14.591999999999999,7.5,0.0
12566,72,2,351.65,17.5825,13.2,0.0
12567,22,11,9401.28,20.3051403887689,8.831533477321814,0.0
12569,1,35,4124.69,21.595235602094238,9.387434554973822,0.0
12571,39,2,519.61,15.28264705882353,15.382352941176471,0.0
12572,8,3,1020.42,16.458387096774192,7.258064516129032,0.0
12573,226,1,160.54,5.7335714285714285,3.0,0.0
12574,315,1,218.45,19.85909090909091,5.545454545454546,0.0
12576,35,6,1315.83,14.784606741573032,10.831460674157304,0.0
12577,34,4,626.6,4.262585034013606,3.1496598639455784,0.0
12578,20,4,2794.51,23.287583333333334,9.758333333333333,0.0
12579,72,3,440.42,14.207096774193548,8.96774193548387,0.0
12580,246,1,415.7,17.320833333333333,9.916666666666666,0.0
12581,39,1,197.71,13.180666666666667,10.733333333333333,0.0
12582,238,2,511.36,23.243636363636366,13.636363636363637,0.0
12583,2,18,7281.38,29.009482071713148,19.95617529880478,0.0
12584,3,18,2338.15,18.556746031746034,2.8095238095238093,0.0
12585,233,4,2040.1,21.031958762886596,12.969072164948454,0.0
12586,16,2,196.94,16.411666666666665,6.416666666666667,0.0
12587,7,1,144.0,36.0,12.75,0.0
12588,38,1,214.9,21.490000000000002,5.3,0.0
12589,28,2,646.68,18.47657142857143,8.742857142857142,0.0
12590,189,3,9864.26,140.918,61.128571428571426,0.0
12591,316,1,452.84999999999997,17.41730769230769,8.76923076923077,0.0
12592,91,2,437.6,24.311111111111114,16.11111111111111,0.0
12593,108,3,418.1,19.90952380952381,9.80952380952381,0.0
12594,37,11,3338.22,28.052268907563022,14.92436974789916,0.0
12596,50,2,618.27,22.898888888888887,17.555555555555557,0.0
12597,18,5,3811.22,17.809439252336446,10.219626168224298,0.0
12598,9,9,3023.08,22.729924812030074,14.586466165413533,0.0
12599,28,7,1032.58,16.654516129032256,15.419354838709678,0.0
12600,28,11,2599.04,39.98523076923077,11.892307692307693,0.0
12601,189,6,577.06,19.89862068965517,8.413793103448276,0.0
12602,58,1,153.12,12.76,13.5,0.0
12603,21,1,739.2,369.6,31.5,0.0
12604,78,2,254.17999999999998,15.886249999999999,12.5625,0.0
12605,364,1,0.0,0.0,-1.3333333333333333,0.0
12607,57,2,1579.51,7.819356435643565,0.0,0.0
12609,77,3,1126.85,18.78083333333333,10.8,0.0
12610,22,7,2099.54,18.914774774774774,9.26126126126126,0.0
12611,51,1,1193.32,18.35876923076923,13.015384615384615,0.0
12612,57,2,704.04,33.52571428571429,11.952380952380953,0.0
12613,30,6,3344.38,20.51766871165644,9.791411042944786,0.0
12614,277,1,315.6,15.780000000000001,3.8,0.0
12615,1,4,2291.19,21.820857142857143,13.104761904761904,0.0
12616,84,5,713.3,19.813888888888886,7.583333333333333,0.0
12617,28,1,352.98,8.609268292682927,5.121951219512195,0.0
12618,21,1,177.31,16.11909090909091,8.727272727272727,0.0
12619,15,13,3641.24,38.328842105263156,35.305263157894736,0.0
12620,14,3,1339.41,14.558804347826088,12.83695652173913,0.0
12621,1,23,13689.67,28.881160337552743,15.620253164556962,0.0
12622,231,1,180.1,16.37272727272727,6.2727272727272725,0.0
12623,275,1,305.1,16.950000000000003,10.61111111111111,0.0
12624,105,2,641.13,16.87184210526316,9.342105263157896,0.0
12625,211,3,2683.82,29.492527472527474,17.32967032967033,0.0
12626,22,13,6620.48,21.565081433224755,10.912052117263844,0.0
12627,10,7,4478.53,19.47186956521739,11.965217391304348,0.0
12628,3,4,786.46,18.289767441860466,10.348837209302326,0.0
12630,9,2,1270.88,19.8575,8.5625,0.0
12631,56,1,640.5,20.661290322580644,7.612903225806452,0.0
12633,58,5,2163.98,21.009514563106798,11.155339805825243,0.0
12635,89,2,1689.18,16.724554455445546,11.603960396039604,0.0
12637,66,10,6002.9,15.551554404145076,7.725388601036269,0.0
12638,32,1,671.69,17.222820512820515,14.794871794871796,0.0
12639,238,1,486.1,22.095454545454547,9.136363636363637,0.0
12640,23,3,1174.58,22.16188679245283,5.867924528301887,0.0
12641,114,1,185.9,18.59,7.2,0.0
12642,24,3,1013.26,21.558723404255318,11.74468085106383,0.0
12643,127,6,3344.64,139.35999999999999,75.33333333333333,0.0
12644,129,1,477.90999999999997,15.416451612903225,10.483870967741936,0.0
12645,33,5,1775.18,23.98891891891892,14.486486486486486,0.0
12646,4,2,1346.97,29.932666666666666,19.933333333333334,0.0
12647,21,13,3722.82,29.313543307086615,11.173228346456693,0.0
12648,154,1,318.05,15.145238095238096,7.619047619047619,0.0
12649,106,4,623.51,18.894242424242425,17.393939393939394,0.0
12650,2,1,314.44,15.722,12.7,0.0
12651,334,1,114.0,12.666666666666666,8.666666666666666,0.0
12652,321,2,919.98,18.038823529411765,9.843137254901961,0.0
12653,148,2,2209.85,51.391860465116274,21.372093023255815,0.0
12654,10,5,601.98,15.841578947368422,6.947368421052632,0.0
12656,16,8,4051.17,31.162846153846154,13.138461538461538,0.0
12657,10,5,1643.18,29.3425,11.678571428571429,0.0
12658,18,1,686.05,19.056944444444444,8.88888888888889,0.0
12659,29,1,91.68,18.336000000000002,21.0,0.0
12660,10,1,245.1,18.853846153846153,9.76923076923077,0.0
12662,0,12,3849.7799999999997,16.593879310344825,8.793103448275861,0.0
12664,7,10,4881.88,128.47052631578947,31.63157894736842,0.0
12665,324,2,63.0,15.75,9.0,0.0
12666,358,1,0.0,0.0,-28.0,0.0
12667,57,1,620.13,18.791818181818183,11.969696969696969,0.0
12668,6,6,3807.15,22.661607142857143,9.494047619047619,0.0
12669,150,4,2744.0299999999997,26.90225490196078,10.92156862745098,0.0
12670,9,6,2996.05,31.872872340425534,14.797872340425531,0.0
12672,329,1,225.9,22.59,7.8,0.0
12673,4,2,610.52,14.536190476190475,8.357142857142858,0.0
12674,11,7,1970.6,21.895555555555553,12.255555555555556,0.0
12676,24,6,1331.3899999999999,29.586444444444442,14.88888888888889,0.0
12678,41,13,17628.46,105.55964071856287,65.26347305389221,0.0
12679,51,9,1113.02,19.875357142857144,9.464285714285714,0.0
12680,0,4,880.81,16.619056603773583,8.377358490566039,0.0
12681,14,27,13787.54,21.34294117647059,11.637770897832818,0.0
12682,3,31,12279.82,23.434770992366413,10.601145038167939,0.0
12683,3,20,8476.57,23.415939226519335,13.544198895027625,0.0
12684,7,7,2283.63,21.748857142857144,18.904761904761905,0.0
12685,27,6,2863.08,18.236178343949042,9.700636942675159,0.0
12686,371,1,89.14,12.734285714285715,15.285714285714286,0.0
12688,113,1,4873.81,28.50181286549708,17.707602339181285,0.0
12689,25,2,1247.61,17.327916666666667,8.722222222222221,0.0
12690,205,1,389.01,24.313125,6.625,0.0
12691,27,6,1035.8,32.36875,12.3125,0.0
12693,120,6,855.91,20.875853658536585,6.097560975609756,0.0
12694,69,2,869.67,23.504594594594593,13.756756756756756,0.0
12695,6,4,582.1,21.55925925925926,8.148148148148149,0.0
12697,20,5,957.59,22.26953488372093,11.604651162790697,0.0
12700,7,6,4939.99,18.29625925925926,10.974074074074075,0.0
12701,79,2,797.71,15.051132075471699,12.79245283018868,0.0
12702,19,1,219.0,18.25,4.416666666666667,0.0
12703,63,2,283.55,12.888636363636364,7.318181818181818,0.0
12704,6,10,2340.84,26.009333333333334,11.144444444444444,0.0
12705,14,14,6868.29,19.736465517241378,11.416666666666666,0.0
12707,291,1,603.42,18.285454545454545,7.757575757575758,0.0
12708,29,16,2712.91,15.591436781609195,7.2988505747126435,0.0
12709,2,26,9706.52,37.91609375,14.875,0.0
12710,96,4,1149.02,14.544556962025316,10.746835443037975,0.0
12712,22,17,4396.13,30.95866197183099,7.352112676056338,0.0
12713,0,1,848.55,22.330263157894734,13.368421052631579,0.0
12714,8,5,4708.86,18.18092664092664,11.849420849420849,0.0
12715,105,1,343.36,17.168,9.6,0.0
12716,3,2,1053.49,15.267971014492753,10.26086956521739,0.0
12717,150,3,1030.98,18.410357142857144,9.017857142857142,0.0
12718,70,1,238.25,12.539473684210526,10.68421052631579,0.0
12719,4,3,644.95,15.355952380952383,8.595238095238095,0.0
12720,2,29,5781.73,16.10509749303621,12.963788300835654,0.0
12721,31,7,2656.13,16.19591463414634,11.914634146341463,0.0
12722,84,6,997.63,17.502280701754387,9.824561403508772,0.0
12723,3,5,725.07,10.508260869565218,6.2898550724637685,0.0
12724,4,4,1031.41,19.460566037735852,8.39622641509434,0.0
12725,370,1,427.8,17.825,6.833333333333333,0.0
12726,27,7,2609.1,21.041129032258063,25.346774193548388,0.0
12727,10,9,3980.7,28.23191489361702,14.787234042553191,0.0
12728,70,4,836.33,18.18108695652174,9.108695652173912,0.0
12729,113,1,453.01,17.423461538461538,8.961538461538462,0.0
12731,23,14,18895.91,68.21628158844766,30.20216606498195,0.0
12732,179,1,236.26,19.688333333333333,9.25,0.0
12733,233,1,383.95,17.452272727272728,6.2272727272727275,0.0
12734,352,1,110.39999999999999,27.599999999999998,22.0,0.0
12735,314,2,779.5699999999999,18.12953488372093,8.55813953488372,0.0
12736,332,1,234.0,58.5,43.25,0.0
12738,371,1,155.35,14.122727272727273,13.454545454545455,0.0
12739,77,2,1013.04,26.658947368421053,12.789473684210526,0.0
12740,63,1,427.6,15.837037037037037,12.666666666666666,0.0
12743,133,2,540.13,4.123129770992366,2.404580152671756,0.0
12744,51,10,21279.29,92.92266375545852,22.85589519650655,0.0
12747,1,11,4196.01,40.737961165048546,12.37864077669903,0.0
12748,0,223,33053.19,7.4143539703903105,5.3272768057424855,0.0
12749,3,8,4090.88,17.70943722943723,6.1558441558441555,0.0
12750,128,1,275.88,18.392,9.133333333333333,0.0
12752,80,1,4366.78,82.3920754716981,42.679245283018865,0.0
12753,3,11,21429.39,93.17126086956522,48.91304347826087,0.0
12754,235,5,3010.7400000000002,46.31907692307693,99.67692307692307,0.0
12755,249,4,3811.9500000000003,635.325,144.33333333333334,0.0
12756,86,1,112.08,28.02,36.0,0.0
12757,15,19,7834.650000000001,21.17472972972973,6.427027027027027,0.0
12758,116,2,2791.59,28.779278350515465,22.010309278350515,0.0
12759,51,3,1531.44,16.12042105263158,9.494736842105263,0.0
12762,7,2,1898.52,27.51478260869565,17.782608695652176,0.0
12763,137,2,494.08,27.448888888888888,17.555555555555557,0.0
12764,316,1,1693.88,37.64177777777778,8.577777777777778,0.0
12766,3,7,6989.63,22.547193548387096,11.761290322580646,0.0
12769,238,1,1143.6,35.7375,11.125,0.0
12770,210,1,1351.45,112.62083333333334,61.916666666666664,0.0
12772,59,1,892.47,16.226727272727274,10.10909090909091,0.0
12775,16,6,1386.04,20.687164179104478,12.73134328358209,0.0
12778,19,7,822.23,16.122156862745097,16.15686274509804,0.0
12779,20,12,3981.36,25.04,12.553459119496855,0.0
12781,20,5,826.74,27.558,19.733333333333334,0.0
12782,4,6,2330.92,21.784299065420562,10.0,0.0
12783,1,8,2225.91,25.88267441860465,7.232558139534884,0.0
12784,8,2,532.82,9.347719298245615,4.912280701754386,0.0
12785,2,2,311.95,20.796666666666667,8.533333333333333,0.0
12787,9,3,463.65999999999997,23.183,13.05,0.0
12789,64,1,91.85,22.9625,1.0,0.0
12790,191,1,324.91999999999996,15.47238095238095,7.904761904761905,0.0
12791,373,1,192.6,96.3,48.5,0.0
12792,256,1,400.53999999999996,16.0216,8.68,0.0
12793,334,2,545.48,22.728333333333335,12.291666666666666,0.0
12794,52,2,860.41,19.12022222222222,13.155555555555555,0.0
12795,18,1,430.48,30.74857142857143,4.857142857142857,0.0
12797,359,3,254.03,14.942941176470589,4.647058823529412,0.0
12798,9,3,6977.04,872.13,657.0,0.0
12802,183,2,427.58,16.445384615384615,11.615384615384615,0.0
12808,36,3,483.65000000000003,17.273214285714285,6.714285714285714,0.0
12809,167,2,489.31,18.819615384615386,8.423076923076923,0.0
12811,260,3,514.85,16.608064516129033,7.419354838709677,0.0
12812,44,1,229.64,15.309333333333333,10.933333333333334,0.0
12814,101,1,125.92,62.96,24.5,0.0
12815,147,2,1063.46,22.6268085106383,8.063829787234043,0.0
12816,95,2,572.2,19.731034482758623,4.413793103448276,0.0
12817,280,1,166.04,41.51,13.25,0.0
12818,177,2,1542.08,96.38,57.6875,0.0
12820,2,4,942.34,15.97186440677966,12.23728813559322,0.0
12821,213,1,92.72,15.453333333333333,11.666666666666666,0.0
12822,70,3,948.88,20.188936170212767,11.659574468085106,0.0
12823,74,5,1759.5,351.9,46.0,0.0
12824,59,1,397.12,15.8848,9.28,0.0
12826,2,8,1474.72,15.688510638297872,11.212765957446809,0.0
12827,5,3,430.15,17.206,7.88,0.0
12828,2,6,1018.7099999999999,18.19125,8.821428571428571,0.0
12829,321,3,293.0,24.416666666666668,31.25,0.0
12830,37,7,6814.64,174.73435897435897,252.48717948717947,0.02564102564102564
12831,261,1,215.05,23.894444444444446,15.0,0.0
12832,31,2,383.03000000000003,14.186296296296298,7.222222222222222,0.0
12833,144,1,417.38,17.390833333333333,6.5,0.0
12834,282,1,312.38,17.354444444444443,6.111111111111111,0.0
12836,58,4,2610.36,15.002068965517243,6.103448275862069,0.0
12837,172,1,134.1,11.174999999999999,2.0,0.0
12838,33,2,671.95,5.599583333333333,2.9583333333333335,0.0
12839,2,16,5591.42,17.694367088607596,12.037974683544304,0.0
12840,143,6,2726.77,23.506637931034483,12.974137931034482,0.0
12841,4,26,3991.58,9.218429561200924,6.1108545034642034,0.0
12842,69,2,1118.99,32.9114705882353,16.08823529411765,0.0
12843,65,9,1702.26,15.761666666666667,6.972222222222222,0.0
12844,28,2,325.96,6.268461538461538,2.4038461538461537,0.0
12845,266,4,354.09000000000003,13.114444444444446,7.555555555555555,0.0
12847,21,1,843.64,10.043333333333333,10.392857142857142,0.0
12849,30,2,1010.29,21.047708333333333,12.4375,0.0
12851,96,1,131.81,2.8044680851063832,2.25531914893617,0.0
12852,289,2,311.55,15.5775,7.25,0.0
12853,107,9,1957.1,23.298809523809524,9.30952380952381,0.0
12854,78,5,1316.25,11.546052631578947,5.447368421052632,0.0
12855,372,1,38.099999999999994,12.699999999999998,10.0,0.0
12856,7,8,2170.78,6.913312101910829,3.417197452229299,0.0
12857,210,2,1106.4,24.05217391304348,7.456521739130435,0.0
12863,51,2,521.2,86.86666666666667,31.0,0.0
12864,137,1,147.12,49.04,72.0,0.0
12865,25,3,1568.23,16.335729166666667,9.135416666666666,0.0
12866,282,1,559.12,21.504615384615384,6.576923076923077,0.0
12867,25,10,4009.34,7.3296892138939675,7.787934186471664,0.0
12868,185,6,1607.06,15.019252336448597,8.672897196261681,0.0
12870,365,1,0.0,0.0,-1.0,0.0
12871,83,2,380.64,34.60363636363636,18.181818181818183,0.0
12872,326,2,599.97,9.090454545454547,4.833333333333333,0.0
12873,281,1,374.0,93.5,32.0,0.0
12875,142,2,343.23,171.615,1009.5,0.0
12876,57,2,2218.02,26.09435294117647,22.83529411764706,0.0
12877,3,12,1535.77,9.972532467532467,7.64935064935065,0.0
12878,17,3,854.99,17.448775510204083,10.938775510204081,0.0
12879,44,4,573.22,47.76833333333334,30.25,0.0
12881,275,1,298.0,42.57142857142857,3.0,0.0
12882,8,2,1463.04,112.54153846153847,18.923076923076923,0.0
12883,24,4,703.47,16.749285714285715,4.666666666666667,0.0
12884,87,1,309.05,44.15,6.142857142857143,0.0
12885,62,4,1175.22,16.3225,9.083333333333334,0.0
12886,67,3,1378.4,16.027906976744188,8.848837209302326,0.0
12888,213,4,354.12,50.58857142857143,9.714285714285714,0.0
12890,23,1,376.71999999999997,4.768607594936708,3.240506329113924,0.0
12891,185,3,331.0,110.33333333333333,316.6666666666667,0.0
12893,30,1,176.55,5.695161290322581,2.903225806451613,0.0
12895,41,3,372.8,15.533333333333333,8.5,0.0
12897,204,2,216.5,54.125,27.5,0.0
12901,8,36,17654.54,141.23632,167.32,0.008
12902,264,1,138.68,13.868,6.6,0.0
12904,17,2,496.06,6.986760563380281,4.140845070422535,0.0
12906,11,5,2919.81,46.34619047619047,27.761904761904763,0.0
12908,58,4,750.0,187.5,0.0,0.0
12909,39,8,2178.67,22.694479166666667,13.229166666666666,0.0
12910,22,8,3075.04,41.00053333333333,22.56,0.0
12912,2,5,1662.3,69.2625,27.916666666666668,0.0
12913,4,5,2483.63,49.6726,28.38,0.0
12915,148,2,363.65,16.529545454545453,4.2272727272727275,0.0
12916,138,5,2944.95,28.047142857142855,10.238095238095237,0.0
12917,127,1,594.0,297.0,60.0,0.0
12919,7,8,1335.19,25.67673076923077,12.846153846153847,0.0
12920,16,1,162.78,6.028888888888889,4.7407407407407405,0.0
12921,3,50,16587.09,22.384736842105262,12.758434547908232,0.0
12922,160,1,405.38,14.477857142857143,13.214285714285714,0.0
12923,63,1,172.82,6.172142857142857,2.4285714285714284,0.0
12924,87,5,933.7,30.11935483870968,15.483870967741936,0.0
12925,4,2,694.05,15.423333333333332,12.022222222222222,0.0
12928,34,5,2062.7,24.55595238095238,17.523809523809526,0.0
12929,121,2,117.85,13.094444444444443,4.0,0.0
12930,77,4,415.8,15.4,9.25925925925926,0.0
12931,21,20,42055.96,412.31333333333333,229.18627450980392,0.0
12933,23,4,607.53,5.677850467289719,4.654205607476635,0.0
12935,1,8,2160.7,16.62076923076923,14.246153846153845,0.0
12936,16,5,1063.9,16.88730158730159,8.555555555555555,0.0
12937,14,4,1504.27,12.535583333333333,8.391666666666667,0.0
12938,25,1,114.14,12.682222222222222,15.555555555555555,0.0
12939,63,8,11581.8,246.42127659574467,103.74468085106383,0.0
12940,45,4,899.69,8.9969,3.99,0.0
12942,130,3,675.6,9.651428571428571,2.8285714285714287,0.0
12943,300,1,0.0,0.0,-1.0,0.0
12944,35,2,604.51,20.150333333333332,9.633333333333333,0.0
12945,287,1,462.95,20.128260869565217,7.173913043478261,0.0
12947,143,11,1603.99,15.572718446601941,11.233009708737864,0.0
12948,15,8,2064.95,17.499576271186438,9.127118644067796,0.0
12949,30,10,4167.22,19.028401826484018,10.789954337899543,0.0
12950,1,3,1843.0,80.1304347826087,60.0,0.0
12951,8,8,1064.07,16.37030769230769,7.6923076923076925,0.0
12952,5,5,1387.79,17.347375,8.15,0.0
12953,9,1,329.85,19.40294117647059,4.9411764705882355,0.0
12955,0,14,4757.16,25.995409836065573,19.901639344262296,0.0
12956,305,1,108.07,5.687894736842105,1.7894736842105263,0.0
12957,3,12,4017.54,16.46532786885246,10.37295081967213,0.0
12962,6,2,266.39,16.649375,8.0625,0.0
12963,7,9,1856.6299999999999,19.339895833333333,9.09375,0.0
12965,88,1,769.8100000000001,7.1278703703703705,2.611111111111111,0.0
12966,9,1,160.18,16.018,7.5,0.0
12967,2,4,1660.9,50.330303030303035,7.363636363636363,0.0
12968,111,1,135.95,27.189999999999998,14.6,0.0
12970,6,4,405.47,3.1431782945736435,2.0775193798449614,0.0
12971,3,89,11189.91,36.330876623376625,29.87987012987013,0.0
12974,197,1,144.8,18.1,3.0,0.0
12976,211,1,738.6,33.57272727272727,25.5,0.0
12977,155,1,39.239999999999995,4.359999999999999,1.3333333333333333,0.0
12980,155,12,7374.9,307.28749999999997,36.0,0.0
12981,29,2,372.21999999999997,18.610999999999997,12.1,0.0
12982,239,2,390.54,11.486470588235294,8.176470588235293,0.0
12984,18,1,97.5,24.375,6.5,0.0
12985,0,3,1239.38,15.889487179487181,18.115384615384617,0.0
12987,73,3,558.7,18.623333333333335,7.233333333333333,0.0
12988,291,1,505.82,6.094216867469879,1.5180722891566265,0.0
12989,2,19,6924.11,101.82514705882352,42.86764705882353,0.0
12990,30,3,409.5,31.5,15.384615384615385,0.0
12991,22,2,503.76,16.25032258064516,13.064516129032258,0.0
12993,22,4,414.76,15.361481481481482,8.88888888888889,0.0
12994,3,5,974.42,13.348219178082191,6.027397260273973,0.0
12995,77,2,211.32,42.263999999999996,19.6,0.0
12997,21,7,1226.8899999999999,18.31179104477612,9.671641791044776,0.0
12999,195,3,455.88,16.28142857142857,12.214285714285714,0.0
13000,106,3,534.85,17.253225806451614,12.225806451612904,0.0
13001,3,15,9785.97,28.78226470588235,16.123529411764707,0.0
13002,317,1,120.95,17.27857142857143,10.428571428571429,0.0
13003,105,3,149.05,24.84166666666667,17.166666666666668,0.0
13004,11,22,5655.91,13.828630806845965,11.726161369193154,0.0
13005,173,3,513.7,17.71379310344828,5.758620689655173,0.0
13006,55,1,81.57,20.3925,13.75,0.0
13008,322,2,229.47,15.298,7.666666666666667,0.0
13011,371,1,50.55,16.849999999999998,4.333333333333333,0.0
13012,8,11,1646.84,15.536226415094339,6.2924528301886795,0.0
13013,0,15,4810.94,21.6709009009009,9.986486486486486,0.0
13014,2,16,3466.28,28.181138211382116,7.186991869918699,0.0
13015,52,5,3339.64,19.08365714285714,9.194285714285714,0.0
13016,72,3,789.89,16.806170212765956,11.212765957446809,0.0
13017,6,1,204.0,204.0,48.0,0.0
13018,15,29,7277.7,15.855555555555554,11.838779956427015,0.0
13021,3,12,2616.38,19.525223880597014,9.970149253731343,0.0
13023,63,2,689.9,17.2475,7.15,0.0
13026,0,8,975.36,22.68279069767442,36.883720930232556,0.0
13027,113,6,6912.0,265.84615384615387,664.6153846153846,0.0
13028,22,3,661.3199999999999,14.070638297872339,16.93617021276596,0.0
13029,30,3,1247.5,124.75,13.4,0.0
13030,10,2,752.4399999999999,8.178695652173912,3.782608695652174,0.0
13032,38,3,1010.18,13.469066666666667,4.8933333333333335,0.0
13033,356,1,190.55,17.322727272727274,7.545454545454546,0.0
13034,54,2,642.77,17.372162162162162,9.972972972972974,0.0
13035,57,3,921.88,30.729333333333333,20.9,0.0
13037,137,3,881.0699999999999,18.355625,8.979166666666666,0.0
13038,79,3,908.46,32.445,12.857142857142858,0.0
13040,8,2,676.99,15.743953488372092,8.255813953488373,0.0
13043,253,2,516.42,36.887142857142855,17.928571428571427,0.0
13044,290,1,560.47,16.983939393939394,13.0,0.0
13045,98,1,305.28000000000003,16.96,12.277777777777779,0.0
13046,30,2,629.31,17.980285714285714,7.542857142857143,0.0
13047,31,18,3237.54,16.518061224489795,6.913265306122449,0.0
13048,13,5,1819.41,13.378014705882354,8.970588235294118,0.0
13049,63,2,656.6800000000001,46.90571428571429,19.142857142857142,0.0
13050,8,28,5836.86,13.831421800947867,8.78436018957346,0.0
13052,211,1,348.15,19.341666666666665,12.333333333333334,0.0
13055,63,4,1214.41,15.569358974358975,11.423076923076923,0.0
13058,24,3,271.40000000000003,33.925000000000004,6.5,0.0
13059,249,1,183.4,22.925,4.375,0.0
13060,253,1,307.53,20.502,8.2,0.0
13061,71,1,248.60999999999999,24.860999999999997,10.7,0.0
13062,190,1,346.98,31.543636363636367,31.181818181818183,0.0
13064,12,4,1105.59,16.258676470588235,7.5588235294117645,0.0
13065,372,1,205.85999999999999,14.704285714285714,5.285714285714286,0.0
13066,23,3,470.8,9.608163265306123,6.530612244897959,0.0
13067,81,1,115.46000000000001,7.697333333333334,2.1333333333333333,0.0
13068,9,2,344.0,172.0,100.0,0.0
13069,0,27,4431.44,9.44869936034115,11.628997867803838,0.0
13070,191,1,228.8,25.422222222222224,12.222222222222221,0.0
13072,266,1,177.15,25.307142857142857,9.857142857142858,0.0
13075,129,1,919.61,41.80045454545455,22.045454545454547,0.0
13077,0,4,728.02,6.558738738738739,7.7657657657657655,0.0
13078,0,43,12627.94,33.23142105263158,14.623684210526315,0.0
13079,3,5,220.1,36.68333333333333,10.333333333333334,0.0
13080,178,1,58.08,9.68,20.0,0.0
13081,0,21,28337.38,26.809252601702934,17.908230842005675,0.0
13082,125,10,3613.63,48.181733333333334,57.50666666666667,0.0
13083,3,2,303.75,16.875,10.38888888888889,0.0
13085,157,3,416.08,14.347586206896551,3.7241379310344827,0.0
13089,2,118,58762.08,31.711861845655694,16.590393955747437,0.0
13090,8,18,8910.82,55.346708074534156,13.627329192546584,0.0
13091,20,2,345.82,14.409166666666666,18.75,0.0
13092,70,6,477.83,18.37807692307692,10.423076923076923,0.0
13093,266,13,7832.47,46.07335294117647,23.194117647058825,0.0
13094,20,16,1927.32,64.244,51.4,0.0
13095,70,1,74.4,12.4,24.0,0.0
13097,32,14,6003.22,13.800505747126437,5.374712643678161,0.0
13098,0,41,28882.44,47.739570247933884,26.299173553719008,0.0
13099,98,1,207.36,207.36,288.0,0.0
13101,233,1,101.19,12.64875,14.125,0.0
13102,0,27,6424.09,20.722870967741937,13.419354838709678,0.0
13103,39,1,243.94,30.4925,10.25,0.0
13104,2,6,1098.48,54.924,25.2,0.0
13106,128,2,76.5,38.25,7.0,0.0
13107,43,5,1531.6200000000001,25.527,21.466666666666665,0.0
13108,372,1,350.06,35.006,29.8,0.0
13109,2,5,786.54,15.730799999999999,10.28,0.0
13110,30,8,1488.67,10.196369863013699,2.6301369863013697,0.0
13113,0,40,12245.96,43.892329749103936,9.279569892473118,0.0
13115,8,14,2294.78,17.38469696969697,11.621212121212121,0.0
13116,116,2,501.14,16.1658064516129,9.35483870967742,0.0
13117,21,8,984.91,12.959342105263158,12.43421052631579,0.0
13118,19,7,1197.81,14.607439024390244,4.7439024390243905,0.0
13120,238,1,30.6,30.6,12.0,0.0
13121,268,2,283.73,5.353396226415095,4.283018867924528,0.0
13122,93,2,922.39,16.77072727272727,10.636363636363637,0.0
13124,89,3,3756.33,16.920405405405404,9.545045045045045,0.0
13126,4,10,2099.64,14.78619718309859,15.0,0.0
13127,77,1,259.17,17.278000000000002,8.466666666666667,0.0
13130,93,1,64.0,32.0,16.0,0.0
13131,22,4,1073.3,23.332608695652173,9.630434782608695,0.0
13132,261,1,77.3,25.766666666666666,6.666666666666667,0.0
13133,273,2,109.8,15.685714285714285,4.571428571428571,0.0
13134,72,7,1793.58,17.081714285714284,9.942857142857143,0.0
13135,196,1,3096.0,3096.0,4300.0,0.0
13136,49,11,2607.61,18.75978417266187,9.43884892086331,0.0
13137,10,9,3603.29,5.23734011627907,3.20203488372093,0.0014534883720930232
13138,21,6,962.39,15.276031746031746,7.507936507936508,0.0
13139,15,8,5064.9400000000005,29.108850574712648,13.89655172413793,0.0
13140,107,3,422.47,9.388222222222224,4.111111111111111,0.0
13141,84,6,2388.75,17.564338235294116,11.375,0.0
13142,18,1,307.09000000000003,13.351739130434783,11.217391304347826,0.0
13144,332,1,110.95,36.983333333333334,7.0,0.0
13145,39,5,618.52,88.36,20.285714285714285,0.0
13146,25,1,228.91,13.465294117647058,9.058823529411764,0.0
13147,9,4,712.8,178.2,36.0,0.0
13148,28,17,3683.2599999999998,10.833117647058822,5.347058823529411,0.0
13149,13,4,1676.06,19.48906976744186,14.883720930232558,0.0
13151,202,2,1257.87,16.7716,4.8133333333333335,0.0
13153,5,1,486.22,32.41466666666667,27.866666666666667,0.0
13154,143,1,0.0,0.0,-1.0,0.0
13155,32,4,971.76,11.432470588235294,5.847058823529411,0.0
13157,48,5,1741.22,19.564269662921348,16.06741573033708,0.0
13158,94,4,1201.06,15.203291139240505,9.924050632911392,0.0
13159,8,5,1429.35,11.812809917355372,8.62809917355372,0.0
13160,21,1,91.8,22.95,14.0,0.0
13161,312,1,112.75,14.09375,3.625,0.0
13162,121,5,1688.29,20.58890243902439,20.28048780487805,0.0
13165,45,2,1021.48,24.32095238095238,32.76190476190476,0.0
13166,281,2,417.2,9.933333333333334,5.095238095238095,0.0
13167,18,4,791.33,12.174307692307693,12.076923076923077,0.0
13168,35,5,1299.59,10.153046875,5.21875,0.0
13169,63,2,712.88,54.83692307692308,20.923076923076923,0.0
13170,26,1,108.81,3.6270000000000002,4.7,0.0
13171,7,5,468.41,9.758541666666668,4.729166666666667,0.0
13173,3,2,353.65000000000003,8.224418604651163,6.441860465116279,0.0
13174,15,3,2742.82,9.361160409556314,4.614334470989761,0.0
13176,45,1,481.49,7.186417910447761,6.686567164179104,0.0
13177,64,1,282.45,16.61470588235294,5.352941176470588,0.0
13178,25,11,5725.47,21.60554716981132,13.471698113207546,0.0
13182,44,1,121.18,11.016363636363637,18.272727272727273,0.0
13183,7,9,3957.7799999999997,42.10404255319148,23.48936170212766,0.0
13184,14,12,1668.95,9.220718232044199,9.01657458563536,0.0
13185,267,1,71.4,71.4,12.0,0.0
13186,39,5,1575.89,18.760595238095238,9.571428571428571,0.0
13187,336,1,236.02,6.378918918918919,2.5675675675675675,0.0
13188,10,1,114.6,57.3,12.5,0.0
13189,18,2,260.68,8.988965517241379,29.03448275862069,0.0
13192,94,2,911.94,14.475238095238096,9.444444444444445,0.0
13193,60,1,112.08,4.4832,1.84,0.0
13194,135,1,60.7,20.233333333333334,8.666666666666666,0.0
13196,10,4,1797.78,16.343454545454545,11.127272727272727,0.0
13198,9,8,3401.24,14.852576419213973,11.550218340611353,0.0
13199,3,39,9817.12,81.80933333333334,51.43333333333333,0.0
13200,18,4,870.09,18.915,11.217391304347826,0.0
13203,9,4,869.46,15.253684210526316,14.035087719298245,0.0
13207,14,2,250.26000000000002,31.282500000000002,16.25,0.0
13208,58,7,1217.65,8.172147651006712,5.268456375838926,0.0
13209,29,11,5891.61,17.907629179331305,12.863221884498481,0.0
13210,93,1,353.48,16.067272727272726,14.363636363636363,0.0
13211,9,3,1095.42,19.916727272727275,15.163636363636364,0.0
13212,8,4,786.83,5.541056338028169,2.1690140845070425,0.0
13213,56,6,1520.58,16.52804347826087,14.75,0.0
13216,267,1,333.74,66.748,59.4,0.0
13217,121,5,533.98,76.28285714285714,16.285714285714285,0.0
13218,126,1,62.64,12.528,17.6,0.0
13220,77,4,819.2900000000001,39.01380952380953,9.333333333333334,0.0
13221,239,2,847.41,12.839545454545455,3.696969696969697,0.0
13223,199,2,163.2,32.64,17.6,0.0
13224,59,3,2155.95,19.779357798165137,13.871559633027523,0.0
13225,2,8,6463.84,190.1129411764706,98.58823529411765,0.0
13226,272,1,108.21000000000001,6.7631250000000005,5.0,0.0
13227,201,1,257.7,28.633333333333333,11.0,0.0
13228,80,1,358.0,179.0,100.0,0.0
13229,225,1,160.95,16.095,6.3,0.0
13230,3,15,2755.63,4.686445578231293,2.5799319727891157,0.0
13232,12,7,1328.35,6.575990099009901,3.8267326732673266,0.0
13233,73,2,605.12,14.072558139534884,23.348837209302324,0.0
13235,211,2,1031.07,17.475762711864405,7.4576271186440675,0.0
13236,24,3,744.85,19.09871794871795,10.538461538461538,0.0
13238,10,5,700.73,21.8978125,9.25,0.0
13239,261,1,329.56,15.693333333333333,15.571428571428571,0.0
13240,95,4,663.65,9.905223880597015,4.447761194029851,0.0
13242,111,3,270.40000000000003,20.800000000000004,10.0,0.0
13243,202,1,585.12,10.265263157894736,4.0701754385964914,0.0
13244,92,1,121.74000000000001,4.508888888888889,1.4074074074074074,0.0
13245,50,1,430.5,26.90625,7.8125,0.0
13246,17,7,1961.52,14.21391304347826,11.13768115942029,0.0
13247,17,4,501.12,20.0448,13.12,0.0
13248,124,2,465.68,17.91076923076923,11.73076923076923,0.0
13249,91,3,711.41,30.93086956521739,23.73913043478261,0.0
13253,156,2,1030.4,28.622222222222224,43.666666666666664,0.0
13255,3,3,399.51,28.53642857142857,12.428571428571429,0.0
13258,11,3,672.83,18.689722222222223,7.833333333333333,0.0
13259,61,1,283.18,3.4960493827160493,1.5555555555555556,0.0
13260,60,1,557.62,69.7025,17.75,0.0
13261,268,2,944.1,104.9,23.333333333333332,0.0
13262,262,1,200.29,18.208181818181817,11.363636363636363,0.0
13263,0,35,7436.93,4.46126574685063,2.860227954409118,0.0
13265,52,5,2092.66,23.251777777777775,19.333333333333332,0.0
13266,10,19,3834.2599999999998,18.98148514851485,21.282178217821784,0.0
13267,2,27,4521.49,20.185223214285713,8.65625,0.0
13268,17,15,3174.75,7.2153409090909095,8.184090909090909,0.0
13269,0,17,5343.28,16.750094043887145,10.996865203761756,0.0
13270,365,1,590.0,590.0,200.0,0.0
13271,36,2,211.49,2.298804347826087,1.826086956521739,0.0
13272,30,2,276.56,18.437333333333335,6.4,0.0
13273,112,1,138.98,8.68625,9.5625,0.0
13276,63,2,590.93,19.697666666666667,5.366666666666666,0.0
13277,15,4,258.4,32.3,22.0,0.0
13278,40,1,542.73,11.798478260869565,11.673913043478262,0.0
13279,63,2,137.75,12.522727272727273,6.363636363636363,0.0
13280,121,3,798.46,9.737317073170733,6.317073170731708,0.0
13282,17,6,1132.1399999999999,28.303499999999996,7.225,0.0
13283,59,2,93.66,13.379999999999999,12.857142857142858,0.0
13284,322,2,201.19,14.370714285714286,5.642857142857143,0.0
13285,22,4,2709.12,14.487272727272726,10.967914438502675,0.0
13291,155,1,361.11,8.597857142857142,5.5476190476190474,0.0
13292,38,2,578.94,18.675483870967742,11.193548387096774,0.0
13294,189,2,873.74,16.18037037037037,8.38888888888889,0.0
13295,359,2,201.2,18.29090909090909,7.363636363636363,0.0
13296,136,1,87.4,17.48,15.6,0.0
13297,7,4,2089.85,35.421186440677964,16.322033898305083,0.0
13298,0,1,360.0,180.0,48.0,0.0
13299,267,1,142.5,28.5,6.0,0.0
13300,164,2,371.89,16.904090909090908,9.136363636363637,0.0
13301,103,4,618.09,7.630740740740741,4.2592592592592595,0.0
13302,154,1,63.75,63.75,5.0,0.0
13304,350,1,300.42,14.305714285714286,11.333333333333334,0.0
13305,3,10,2000.86,24.701975308641973,15.209876543209877,0.0
13307,119,1,15.0,15.0,4.0,0.0
13308,22,4,1385.51,24.30719298245614,14.736842105263158,0.0
13309,6,5,1456.79,13.614859813084111,14.429906542056075,0.0
13310,8,6,1132.03,14.701688311688311,7.467532467532467,0.0
13311,3,2,598.5699999999999,23.021923076923073,11.73076923076923,0.0
13313,21,5,1555.32,19.939999999999998,10.91025641025641,0.0
13314,1,4,775.9399999999999,10.485675675675674,6.581081081081081,0.0
13316,36,5,5732.93,65.89574712643679,63.298850574712645,0.011494252873563218
13317,63,9,2273.68,16.842074074074073,7.42962962962963,0.0
13318,0,3,640.76,32.038,15.2,0.0
13319,4,36,10845.55,21.6911,9.372,0.0
13320,69,6,1532.2,14.056880733944954,9.688073394495413,0.0
13321,71,2,567.36,51.57818181818182,33.81818181818182,0.0
13322,16,1,199.48000000000002,7.9792000000000005,4.68,0.0
13323,2,5,787.85,37.516666666666666,8.333333333333334,0.0
13324,31,12,7121.95,92.49285714285715,67.53246753246754,0.0
13325,81,1,675.3,56.275,20.0,0.0
13327,38,9,3627.77,33.282293577981655,14.568807339449542,0.0
13328,315,1,1308.48,76.96941176470588,40.0,0.0
13329,31,4,789.0,41.526315789473685,22.473684210526315,0.0
13330,92,3,1140.93,21.526981132075473,14.169811320754716,0.0
13332,13,1,350.9,16.70952380952381,8.523809523809524,0.0
13334,81,3,3502.32,13.216301886792454,6.656603773584906,0.0
13336,76,1,795.12,15.590588235294117,10.96078431372549,0.0
13338,153,3,487.02,20.2925,10.291666666666666,0.0
13339,200,1,860.12,15.928148148148148,6.037037037037037,0.0
13340,44,7,10736.48,80.12298507462687,43.059701492537314,0.0
13341,260,1,775.85,18.472619047619048,7.166666666666667,0.0
13343,172,2,353.43,16.065,5.7272727272727275,0.0
13344,67,3,2511.69,21.6525,8.206896551724139,0.0
13345,276,2,389.5,17.704545454545453,6.318181818181818,0.0
13347,69,1,341.36,42.67,25.625,0.0
13348,63,1,233.76,16.697142857142858,9.714285714285714,0.0
13349,10,1,247.32,15.4575,14.0625,0.0
13350,15,3,979.12,22.770232558139536,6.604651162790698,0.0
13351,65,1,373.94,23.37125,7.3125,0.0
13352,7,2,397.98,14.74,11.666666666666666,0.0
13354,70,1,743.53,14.579019607843136,11.843137254901961,0.0
13355,121,1,674.7,21.084375,9.8125,0.0
13356,79,1,768.24,18.291428571428572,7.738095238095238,0.0
13357,256,1,609.4,6.847191011235955,3.606741573033708,0.0
13358,268,1,439.03,15.138965517241378,9.827586206896552,0.0
13359,58,2,439.56,18.315,6.625,0.0
13362,2,5,3090.74,18.288402366863902,8.159763313609467,0.0
13363,17,2,992.5,16.541666666666668,11.833333333333334,0.0
13364,66,2,134.96,6.748,0.0,0.0
13365,8,3,2225.37,16.858863636363637,9.378787878787879,0.0
13366,49,1,56.16,56.16,144.0,0.0
13368,256,2,623.4,21.49655172413793,11.275862068965518,0.0
13369,353,2,308.28,16.225263157894734,6.684210526315789,0.0
13370,365,2,754.87,17.156136363636364,7.636363636363637,0.0
13372,89,1,378.64,16.46260869565217,6.913043478260869,0.0
13373,60,3,3312.25,20.963607594936708,10.449367088607595,0.0
13375,80,2,778.65,20.49078947368421,11.605263157894736,0.0
13376,98,3,1019.76,19.240754716981133,9.30188679245283,0.0
13379,25,3,572.56,5.902680412371134,6.195876288659794,0.0
13381,20,7,3639.31,21.036473988439305,11.716763005780347,0.0
13382,280,1,222.99,14.866000000000001,8.733333333333333,0.0
13384,30,9,4151.93,26.786645161290323,15.580645161290322,0.0
13385,329,1,534.57,15.273428571428573,8.028571428571428,0.0
13388,120,3,677.1,18.808333333333334,7.805555555555555,0.0
13389,10,3,797.96,15.646274509803922,8.411764705882353,0.0
13390,74,1,544.08,41.8523076923077,17.23076923076923,0.0
13391,203,1,59.8,59.8,4.0,0.0
13394,1,10,2520.02,15.365975609756097,13.50609756097561,0.0
13395,184,1,307.72,14.653333333333334,16.0,0.0
13396,21,4,1360.99,28.957234042553193,12.595744680851064,0.0
13397,72,6,1544.13,39.59307692307693,11.0,0.0
13398,191,1,457.34000000000003,17.59,10.807692307692308,0.0
13402,126,2,621.23,15.92897435897436,12.282051282051283,0.0
13403,17,1,75.0,25.0,14.666666666666666,0.0
13404,0,2,252.49,22.953636363636363,10.090909090909092,0.0
13405,73,3,572.45,21.201851851851853,6.111111111111111,0.0
13408,1,81,28117.04,56.121836327345314,32.17365269461078,0.013972055888223553
13410,8,7,1003.06,33.43533333333333,17.1,0.0
13411,106,1,213.55,11.863888888888889,4.0,0.0
13414,133,3,1390.5,57.9375,65.58333333333333,0.0
13416,43,2,712.5,37.5,7.473684210526316,0.0
13417,4,2,640.83,22.886785714285715,5.785714285714286,0.0
13418,11,23,6127.43,19.514108280254778,12.226114649681529,0.0
13419,63,1,221.06,13.81625,17.1875,0.0
13420,134,4,159.85,15.985,8.8,0.0
13421,39,3,1833.71,17.803009708737864,10.941747572815533,0.0
13422,50,2,2626.3,20.51796875,10.3203125,0.0
13425,107,3,1624.21,20.823205128205128,14.397435897435898,0.0
13426,0,12,3641.32,22.901383647798742,13.9874213836478,0.0
13427,18,3,582.6,20.089655172413792,18.79310344827586,0.0
13428,9,1,201.78,2.8419718309859157,2.1267605633802815,0.0
13429,10,4,1006.8,15.02686567164179,20.746268656716417,0.0
13430,18,4,679.45,12.582407407407409,13.666666666666666,0.0
13431,66,2,1269.1,27.589130434782607,14.608695652173912,0.0
13434,73,2,534.24,53.424,30.0,0.0
13435,4,9,3809.89,36.98922330097087,20.631067961165048,0.0
13436,1,1,196.89,16.4075,6.333333333333333,0.0
13437,13,7,3408.06,20.40754491017964,7.682634730538922,0.0
13439,254,1,283.71,5.253888888888889,4.481481481481482,0.0
13441,91,1,296.64,22.818461538461538,15.692307692307692,0.0
13447,22,4,1129.1399999999999,18.211935483870967,9.306451612903226,0.0
13448,16,10,3534.69,17.851969696969697,8.212121212121213,0.0
13449,23,1,291.88,15.362105263157895,11.68421052631579,0.0
13450,26,6,2043.72,28.784788732394368,27.91549295774648,0.0
13451,25,6,2898.26,6.678018433179724,4.889400921658986,0.0
13452,258,2,590.0,295.0,1.0,0.0
13453,165,2,356.98,20.998823529411766,7.882352941176471,0.0
13455,24,4,1058.34,19.968679245283017,6.509433962264151,0.0
13456,17,7,1766.72,27.180307692307693,11.63076923076923,0.0
13458,6,22,9646.57,24.483680203045683,13.857868020304569,0.0
13460,28,2,183.44,10.790588235294118,16.823529411764707,0.0
13461,38,3,1445.0,53.51851851851852,43.333333333333336,0.0
13462,182,2,151.5,15.15,6.1,0.0
13464,57,1,674.68,16.45560975609756,9.829268292682928,0.0
13466,99,2,307.9,17.105555555555554,14.333333333333334,0.0
13467,10,2,1071.91,10.937857142857144,5.918367346938775,0.0
13468,1,41,5704.97,18.643692810457516,8.434640522875817,0.0
13470,98,2,165.0,16.5,10.0,0.0
13471,0,4,2501.84,9.84976377952756,6.232283464566929,0.0
13473,60,3,422.64,19.21090909090909,11.818181818181818,0.0
13474,235,1,226.84,3.658709677419355,2.0806451612903225,0.0
13475,190,4,1431.78,16.648604651162792,11.767441860465116,0.0
13476,178,4,1238.47,20.3027868852459,6.786885245901639,0.0
13477,37,8,1454.58,17.95777777777778,12.567901234567902,0.0
13479,197,3,300.95,18.809375,8.3125,0.0
13481,45,8,1804.56,16.112142857142857,10.0625,0.0
13482,231,1,184.64,16.785454545454545,10.545454545454545,0.0
13483,65,1,140.34,14.034,16.0,0.0
13484,240,1,313.8,39.225,5.5,0.0
13485,232,1,454.24,19.749565217391304,12.043478260869565,0.0
13486,77,3,1122.41,16.2668115942029,9.695652173913043,0.0
13487,57,3,575.4,16.923529411764704,7.794117647058823,0.0
13488,16,17,8968.31,21.003067915690867,10.566744730679156,0.0
13489,104,4,449.52,32.10857142857143,40.0,0.0
13491,51,10,1215.82,14.137441860465115,10.5,0.0
13492,135,3,1269.84,25.3968,8.16,0.0
13493,274,2,618.63,77.32875,47.5,0.0
13494,311,1,316.26,17.57,9.0,0.0
13495,7,6,2044.87,39.324423076923075,15.653846153846153,0.0
13496,10,3,653.33,18.14805555555556,9.13888888888889,0.0
13497,282,3,348.05,17.4025,7.95,0.0
13499,17,7,1159.11,25.758,30.177777777777777,0.0
13500,22,4,1166.77,17.4144776119403,8.73134328358209,0.0
13501,242,2,1340.32,25.289056603773584,10.50943396226415,0.0
13502,16,3,292.0,16.22222222222222,14.666666666666666,0.0
13503,70,1,216.85,12.755882352941176,14.588235294117647,0.0
13504,63,1,295.93,13.451363636363636,8.090909090909092,0.0
13505,67,8,4393.63,19.355198237885464,10.841409691629956,0.0
13506,311,3,458.52,15.81103448275862,11.068965517241379,0.0
13507,2,4,2479.16,15.303456790123455,9.858024691358025,0.0
13508,243,1,110.97,9.2475,2.0,0.0
13509,8,7,979.72,22.266363636363636,25.136363636363637,0.0
13510,0,5,1791.56,15.312478632478632,11.811965811965813,0.0
13512,260,1,251.21,16.747333333333334,9.533333333333333,0.0
13513,126,1,205.1,20.509999999999998,10.9,0.0
13514,73,1,152.2,38.05,10.0,0.0
13515,72,4,891.12,15.103728813559322,11.542372881355933,0.0
13516,20,3,1389.41,31.5775,22.386363636363637,0.0
13517,59,5,2128.42,14.884055944055945,9.51048951048951,0.0
13518,85,1,627.16,17.42111111111111,10.61111111111111,0.0
13519,49,2,122.75,13.63888888888889,2.4444444444444446,0.0
13520,58,8,3624.35,38.15105263157895,17.28421052631579,0.0
13521,0,3,1071.73,2.5639473684210525,1.7177033492822966,0.0
13522,29,1,125.8,25.16,8.8,0.0
13523,32,6,3964.88,22.40045197740113,9.858757062146893,0.0
13524,40,5,680.18,25.19185185185185,12.0,0.0
13525,14,2,628.78,104.79666666666667,65.66666666666667,0.0
13527,33,8,2242.36,10.28605504587156,7.63302752293578,0.0
13529,78,2,307.76,20.517333333333333,4.933333333333334,0.0
13531,204,2,483.8,21.990909090909092,7.909090909090909,0.0
13532,33,1,210.31,3.1865151515151515,1.9545454545454546,0.0
13533,182,3,269.09,3.5878666666666663,2.6933333333333334,0.0
13534,1,43,5870.08,17.163976608187134,8.409356725146198,0.0
13536,0,7,3444.39,19.35050561797753,11.9438202247191,0.0
13538,42,7,1280.85,51.233999999999995,7.0,0.0
13539,85,4,631.34,16.61421052631579,8.263157894736842,0.0
13544,39,2,276.06,3.539230769230769,1.435897435897436,0.0
13546,11,3,621.09,6.4029896907216495,3.6804123711340204,0.0
13548,95,2,678.16,5.51349593495935,3.5447154471544717,0.0
13549,25,8,918.2,17.657692307692308,8.788461538461538,0.0
13551,318,1,91.80000000000001,22.950000000000003,3.0,0.0
13552,65,16,3740.07,30.909669421487603,11.454545454545455,0.0
13555,73,4,4098.88,30.362074074074076,19.525925925925925,0.0
13557,27,2,584.06,17.178235294117645,16.058823529411764,0.0
13558,5,4,594.52,3.517869822485207,2.0,0.0
13560,6,1,171.42000000000002,5.3568750000000005,1.96875,0.0
13561,215,1,141.85999999999999,10.132857142857143,5.928571428571429,0.0
13562,81,3,1799.3300000000002,21.943048780487807,9.231707317073171,0.0
13563,83,2,777.53,15.867959183673468,4.26530612244898,0.0
13564,143,5,1724.67,20.779156626506026,7.63855421686747,0.0
13565,18,2,240.22,6.321578947368421,4.526315789473684,0.0
13566,40,2,856.84,5.0700591715976335,3.3550295857988166,0.0
13568,172,1,187.05,4.3500000000000005,1.5348837209302326,0.0
13569,16,2,338.62,4.286329113924051,1.9746835443037976,0.0
13570,242,1,239.49,8.870000000000001,5.962962962962963,0.0
13571,12,12,2088.94,6.143941176470588,5.16764705882353,0.0
13572,205,1,1384.25,41.946969696969695,16.181818181818183,0.0
13573,49,2,290.25,11.61,12.08,0.0
13575,22,5,732.07,15.914565217391305,9.76086956521739,0.0
13576,9,20,6717.34,51.671846153846154,20.307692307692307,0.0
13577,24,5,1687.6000000000001,19.854117647058825,9.070588235294117,0.0
13579,14,2,467.04,20.30608695652174,7.6521739130434785,0.0
13581,308,1,118.0,11.8,3.0,0.0
13583,155,1,781.03,14.736415094339621,13.679245283018869,0.0
13584,306,1,142.4,5.933333333333334,1.5416666666666667,0.0
13587,31,3,712.4,64.76363636363637,14.545454545454545,0.0
13588,15,13,2478.95,13.771944444444443,14.294444444444444,0.0
13589,14,2,379.65,18.07857142857143,5.428571428571429,0.0
13590,10,7,1981.92,22.268764044943822,20.741573033707866,0.0
13591,64,3,1117.13,19.26086206896552,8.362068965517242,0.0
13592,35,4,247.96,15.4975,5.25,0.0
13593,107,6,2011.88,15.7178125,5.4296875,0.0
13594,52,1,396.97,15.268076923076924,13.807692307692308,0.0
13596,5,2,664.11,4.548698630136986,2.6301369863013697,0.0
13598,46,2,160.04,4.445555555555555,1.4166666666666667,0.0
13599,0,33,5149.92,19.58144486692015,12.045627376425855,0.0
13600,311,1,219.52,11.553684210526317,17.05263157894737,0.0
13601,44,2,693.32,7.003232323232324,5.5353535353535355,0.0
13602,64,1,428.89,18.647391304347824,11.608695652173912,0.0
13603,25,1,164.34,6.086666666666667,6.074074074074074,0.0
13606,28,3,276.75,6.91875,6.9,0.0
13607,39,1,675.51,6.964020618556701,2.9690721649484537,0.0
13610,11,9,1082.33,4.987695852534562,2.23963133640553,0.0
13611,88,4,1154.4,15.600000000000001,10.135135135135135,0.0
13614,23,4,1585.46,8.130564102564103,2.8923076923076922,0.0
13615,312,2,417.69,17.40375,7.625,0.0
13617,39,3,544.18,12.367727272727272,6.818181818181818,0.0
13618,173,1,177.34,13.641538461538461,18.923076923076923,0.0
13621,116,1,213.85,11.255263157894737,18.05263157894737,0.0
13623,30,7,727.74,8.767951807228917,3.3493975903614457,0.0
13626,252,1,257.23,13.53842105263158,11.0,0.0
13627,58,7,1638.47,17.430531914893617,13.46808510638298,0.0
13629,22,11,7792.36,132.07389830508475,74.10169491525424,0.0
13630,4,11,2031.78,25.39725,17.2125,0.0
13631,99,12,3070.42,255.86833333333334,38.333333333333336,0.0
13632,24,6,2118.93,14.51321917808219,7.054794520547945,0.0
13634,32,5,1547.36,8.319139784946236,3.763440860215054,0.0
13635,67,1,1071.03,17.274677419354838,10.919354838709678,0.0
13636,36,6,949.12,14.83,9.15625,0.0
13637,51,3,804.3,8.124242424242423,4.090909090909091,0.0
13638,15,1,122.64,15.33,11.625,0.0
13639,73,1,1033.34,25.833499999999997,20.0,0.0
13642,215,1,312.28,5.478596491228069,2.6491228070175437,0.0
13643,30,3,519.44,18.551428571428573,9.75,0.0
13644,8,5,2624.26,17.73148648648649,13.91891891891892,0.0
13645,119,1,252.1,50.42,31.6,0.0
13647,9,5,1648.1200000000001,20.86227848101266,11.215189873417721,0.0
13649,256,2,346.6,15.069565217391306,6.043478260869565,0.0
13650,16,7,1836.34,18.73816326530612,9.36734693877551,0.0
13651,34,2,94.2,15.700000000000001,5.5,0.0
13652,45,3,1095.08,17.38222222222222,9.174603174603174,0.0
13654,42,6,2707.33,16.30921686746988,13.144578313253012,0.0
13655,113,2,932.97,16.66017857142857,10.803571428571429,0.0
13656,164,2,379.65,7.747959183673469,10.0,0.0
13657,10,2,382.14,23.88375,13.0625,0.0
13658,9,7,2639.17,23.564017857142858,9.008928571428571,0.0
13659,196,3,1563.0,14.607476635514018,8.102803738317757,0.0
13662,85,7,881.26,15.460701754385966,9.263157894736842,0.0
13663,178,1,189.47,14.574615384615385,7.0,0.0
13666,59,3,84.65,7.054166666666667,3.4166666666666665,0.0
13667,148,1,299.05,3.603012048192771,1.7951807228915662,0.0
13668,2,29,6309.83,12.772935222672064,7.321862348178137,0.0
13669,50,2,218.55,24.283333333333335,26.333333333333332,0.0
13670,74,1,349.7,13.988,11.28,0.0
13672,300,6,186.39,11.649375,-0.0625,0.0
13673,18,2,387.44,6.457333333333334,1.9,0.0
13675,150,2,486.82,19.4728,13.2,0.0
13678,151,1,232.6,14.5375,57.75,0.0
13680,0,5,3719.12,17.298232558139535,5.883720930232558,0.0
13681,17,4,827.83,14.523333333333333,6.315789473684211,0.0
13682,186,1,59.5,19.833333333333332,3.3333333333333335,0.0
13684,285,2,65.13,2.171,1.2333333333333334,0.0
13685,2,7,3119.44,79.98564102564103,129.64102564102564,0.0
13686,182,1,72.0,9.0,8.75,0.0
13689,62,1,910.0,151.66666666666666,85.33333333333333,0.0
13690,58,1,172.25,19.13888888888889,7.444444444444445,0.0
13692,24,5,1488.32,27.060363636363636,22.254545454545454,0.0
13693,324,2,0.0,0.0,-1.5,0.0
13694,3,60,65039.62,111.36921232876713,105.99143835616438,0.003424657534246575
13695,30,15,2504.13,27.823666666666668,17.81111111111111,0.0
13697,38,1,151.3,12.608333333333334,14.75,0.0
13699,154,1,308.58,22.041428571428572,4.714285714285714,0.0
13700,25,10,2248.63,11.590876288659794,11.757731958762887,0.0
13703,317,1,99.5,99.5,10.0,0.0
13704,4,10,2308.06,17.09674074074074,11.318518518518518,0.0
13705,7,3,711.86,25.423571428571428,12.964285714285714,0.0
13706,302,1,330.79,16.5395,9.45,0.0
13707,266,2,806.41,16.800208333333334,7.3125,0.0
13708,270,1,285.33,5.823061224489796,6.142857142857143,0.0
13709,3,17,6307.65,18.28304347826087,10.12463768115942,0.0
13710,31,1,180.48,22.56,22.0,0.0
13711,218,2,252.06,19.38923076923077,10.76923076923077,0.0
13712,246,1,228.84,22.884,35.2,0.0
13715,280,8,1077.39,10.069065420560749,5.177570093457944,0.0
13716,268,1,138.28,6.584761904761905,6.571428571428571,0.0
13717,31,7,1445.01,14.029223300970873,19.009708737864077,0.0
13718,245,2,306.55,25.545833333333334,14.416666666666666,0.0
13719,14,5,1041.68,17.361333333333334,10.15,0.0
13720,116,4,799.9,18.60232558139535,11.651162790697674,0.0
13721,35,1,524.14,18.719285714285714,11.285714285714286,0.0
13722,119,4,2375.41,27.621046511627906,16.27906976744186,0.0
13723,216,1,199.85,33.30833333333333,7.166666666666667,0.0
13725,49,11,1980.56,16.784406779661015,5.584745762711864,0.0
13726,38,2,1079.66,25.70619047619048,25.095238095238095,0.0
13727,28,2,333.48,16.674,8.1,0.0
13728,36,6,1016.14,16.12920634920635,7.26984126984127,0.0
13730,135,2,752.6,17.50232558139535,11.348837209302326,0.0
13731,218,2,610.59,16.068157894736842,7.315789473684211,0.0
13732,27,1,491.86,14.904848484848486,15.090909090909092,0.0
13735,24,8,2883.54,13.930144927536231,5.222222222222222,0.0
13736,4,3,729.8,3.781347150259067,2.5492227979274613,0.0
13737,199,1,339.6,11.32,4.166666666666667,0.0
13739,17,1,216.9,72.3,18.0,0.0
13740,240,1,350.75,15.25,18.47826086956522,0.0
13741,71,4,668.43,19.098,6.2,0.0
13742,16,14,3107.87,9.866253968253968,3.5142857142857142,0.0
13743,2,8,1341.6,31.94285714285714,42.26190476190476,0.0
13744,94,2,1080.52,17.15111111111111,18.3015873015873,0.0
13745,150,2,300.04,11.540000000000001,18.692307692307693,0.0
13747,373,1,79.6,79.6,8.0,0.0
13748,95,5,948.25,33.86607142857143,15.678571428571429,0.0
13750,53,5,1647.26,68.63583333333334,21.5,0.0
13751,287,1,296.25,32.916666666666664,16.88888888888889,0.0
13752,123,6,1175.38,15.671733333333334,11.653333333333334,0.0
13753,287,1,741.26,21.178857142857144,14.628571428571428,0.0
13754,151,2,282.6,23.55,17.833333333333332,0.0
13755,3,10,2108.06,6.5467701863354035,3.7857142857142856,0.0
13756,1,15,5189.52,36.290349650349654,22.125874125874127,0.0
13758,11,7,3190.55,27.26965811965812,15.760683760683762,0.0
13759,32,2,659.41,26.3764,11.48,0.0
13760,53,2,286.79,5.03140350877193,3.456140350877193,0.0
13761,49,2,1070.65,15.295000000000002,9.17142857142857,0.0
13762,203,2,306.72,21.90857142857143,0.0,0.0
13763,62,3,1714.96,100.88,42.64705882352941,0.0
13764,70,3,1519.42,7.340193236714976,4.473429951690822,0.0
13767,1,52,17220.36,43.15879699248121,18.19047619047619,0.0
13769,1,16,2796.5099999999998,19.556013986013983,8.055944055944057,0.0
13771,63,5,2634.45,21.95375,12.3,0.0
13772,33,3,1122.63,6.489190751445087,3.121387283236994,0.0
13774,81,1,345.0,15.681818181818182,8.727272727272727,0.0
13777,0,41,25977.16,118.6171689497717,58.465753424657535,0.0
13778,102,1,178.7,19.855555555555554,7.777777777777778,0.0
13780,6,2,360.01,6.315964912280702,5.578947368421052,0.0
13781,250,1,127.84,7.5200000000000005,1.7647058823529411,0.0
13782,12,6,908.86,8.043008849557522,3.265486725663717,0.0
13784,9,11,2462.79,79.44483870967741,80.41935483870968,0.0
13786,366,1,230.4,32.91428571428572,19.428571428571427,0.0
13787,75,2,309.04,9.969032258064518,10.870967741935484,0.0
13790,3,1,348.8,7.751111111111111,16.622222222222224,0.0
13791,42,3,1516.0,89.17647058823529,48.705882352941174,0.0
13792,65,2,195.55,15.042307692307693,7.076923076923077,0.0
13798,0,63,37153.85,84.82614155251142,53.68721461187214,0.0
13799,116,2,688.86,17.663076923076922,10.307692307692308,0.0
13800,309,1,558.3199999999999,16.918787878787878,10.030303030303031,0.0
13801,66,1,324.8,14.121739130434783,7.304347826086956,0.0
13802,137,6,4599.42,69.68818181818182,34.56060606060606,0.0
13803,254,1,277.07,16.298235294117646,7.117647058823529,0.0
13804,30,7,2588.39,19.173259259259257,10.829629629629629,0.0
13805,51,2,924.5999999999999,71.12307692307692,146.15384615384616,0.0
13806,63,1,256.38,25.637999999999998,5.6,0.0
13807,366,1,112.6,16.085714285714285,5.142857142857143,0.0
13808,5,5,1747.66,22.995526315789476,10.289473684210526,0.0
13809,304,1,155.05,12.920833333333334,2.4166666666666665,0.0
13810,28,4,1499.01,41.63916666666667,8.63888888888889,0.0
13811,183,4,814.5,58.17857142857143,4.785714285714286,0.0
13812,41,3,539.0,14.972222222222221,9.25,0.0
13813,39,5,1366.86,19.251549295774648,7.746478873239437,0.0
13814,55,3,1579.12,27.226206896551723,14.862068965517242,0.0
13815,21,5,4027.36,22.753446327683616,14.44632768361582,0.0
13816,23,4,571.67,17.32333333333333,7.878787878787879,0.0
13817,28,2,382.98,15.957500000000001,8.791666666666666,0.0
13819,301,3,1140.35,31.676388888888887,30.805555555555557,0.0
13821,144,2,385.64,6.536271186440678,2.593220338983051,0.0
13822,5,2,632.0,6.583333333333333,6.364583333333333,0.0
13823,18,2,957.66,23.941499999999998,10.975,0.0
13824,32,5,1698.94,36.93347826086956,16.695652173913043,0.0
13826,157,2,189.5,15.791666666666666,6.666666666666667,0.0
13827,57,3,409.8,4.4543478260869565,1.5,0.0
13828,21,1,209.49,13.966000000000001,20.733333333333334,0.0
13829,358,1,0.0,0.0,-12.0,0.0
13831,15,6,2198.45,30.534027777777776,10.319444444444445,0.0
13832,17,2,52.2,13.05,6.25,0.0
13833,158,1,383.85,13.708928571428572,4.178571428571429,0.0
13835,24,4,834.57,15.174000000000001,8.036363636363637,0.0
13837,211,2,266.59,14.810555555555554,10.11111111111111,0.0
13838,5,4,674.82,4.089818181818182,1.5393939393939393,0.0
13841,252,1,85.0,85.0,100.0,0.0
13842,58,9,3385.62,16.43504854368932,8.58252427184466,0.0
13844,10,1,361.62,18.081,9.8,0.0
13845,64,1,312.98,34.775555555555556,20.22222222222222,0.0
13846,24,4,865.06,14.914827586206895,6.603448275862069,0.0
13848,91,3,1255.0,251.0,740.0,0.0
13849,51,2,1537.95,15.227227722772279,10.05940594059406,0.0
13850,87,2,1595.48,16.973191489361703,10.01063829787234,0.0
13851,95,3,2651.46,32.73407407407407,21.049382716049383,0.0
13853,8,2,1090.1399999999999,45.42249999999999,12.666666666666666,0.0
13854,8,29,8109.5199999999995,71.13614035087718,19.982456140350877,0.0
13856,168,5,388.5,22.852941176470587,28.470588235294116,0.0
13858,56,1,216.17000000000002,19.651818181818182,6.818181818181818,0.0
13859,325,1,201.16,7.184285714285714,4.607142857142857,0.0
13860,0,6,1245.9,16.180519480519482,7.64935064935065,0.0
13862,17,10,2209.36,15.55887323943662,11.845070422535212,0.0
13863,244,2,305.78,13.899090909090908,9.954545454545455,0.0
13865,57,4,501.56,16.718666666666667,6.8,0.0
13866,73,1,145.67,20.81,8.142857142857142,0.0
13867,30,3,1005.09,16.7515,8.35,0.0
13868,6,2,3192.54,96.74363636363637,59.515151515151516,0.0
13869,122,4,3083.65,10.143585526315789,5.621710526315789,0.0
13870,1,10,2770.94,23.482542372881355,11.186440677966102,0.0
13871,22,14,6403.25,18.944526627218934,8.28698224852071,0.0
13873,119,4,389.6,16.233333333333334,5.75,0.0
13874,357,1,540.45,30.025000000000002,10.0,0.0
13875,53,5,1786.79,17.180673076923078,12.653846153846153,0.0
13876,63,1,122.7,17.52857142857143,5.142857142857143,0.0
13877,85,1,117.24,39.08,36.0,0.0
13878,54,1,1271.57,36.330571428571425,13.228571428571428,0.0
13880,20,13,3219.77,19.513757575757577,11.163636363636364,0.0
13881,3,22,17159.52,95.33066666666667,55.9,0.0
13882,2,6,1191.13,18.047424242424245,14.393939393939394,0.0
13883,0,9,2674.48,17.254709677419356,8.825806451612904,0.0
13884,6,6,787.6,13.126666666666667,4.95,0.0
13885,188,2,506.8,18.1,6.5,0.0
13886,70,1,243.56,15.2225,7.875,0.0
13887,203,1,349.55,18.397368421052633,7.7368421052631575,0.0
13888,119,2,595.67,15.273589743589742,6.512820512820513,0.0
13889,92,1,416.9,27.793333333333333,9.733333333333333,0.0
13890,0,14,1883.81,16.524649122807016,7.245614035087719,0.0
13892,26,4,632.97,23.443333333333335,36.407407407407405,0.0
13893,297,1,821.1,39.1,9.047619047619047,0.0
13894,21,5,564.62,18.820666666666668,11.3,0.0
13895,20,5,2593.07,21.790504201680672,11.46218487394958,0.0
13897,49,1,311.16,18.303529411764707,11.764705882352942,0.0
13898,325,1,155.93,12.994166666666667,11.083333333333334,0.0
13899,15,2,388.52,20.448421052631577,8.210526315789474,0.0
13900,182,3,740.95,17.23139534883721,10.0,0.0
13901,71,5,2867.2,19.242953020134227,11.671140939597315,0.0
13904,36,2,332.64,12.793846153846154,12.76923076923077,0.0
13908,79,5,2369.55,18.805952380952384,11.666666666666666,0.0
13911,56,9,2580.91,17.43858108108108,18.4527027027027,0.0
13914,3,3,626.45,18.425,11.147058823529411,0.0
13917,49,2,272.04,15.113333333333335,12.666666666666666,0.0
13918,49,2,1212.84,40.428,38.0,0.0
13919,52,3,384.81,11.66090909090909,13.242424242424242,0.0
13922,351,1,172.25,24.607142857142858,13.285714285714286,0.0
13923,53,1,351.13,17.5565,9.25,0.0
13924,1,11,1838.85,13.422262773722627,11.182481751824817,0.0
13925,35,6,678.25,15.072222222222223,7.266666666666667,0.0
13926,22,1,223.85,20.349999999999998,9.454545454545455,0.0
13927,74,1,348.99,16.61857142857143,10.19047619047619,0.0
13928,10,4,464.57,17.206296296296298,4.777777777777778,0.0
13929,168,3,842.65,84.265,13.9,0.0
13930,57,2,337.34,19.843529411764706,16.11764705882353,0.0
13931,85,3,1237.53,20.97508474576271,12.220338983050848,0.0
13932,294,1,307.4,19.2125,4.5,0.0
13933,108,2,608.79,26.469130434782606,8.91304347826087,0.0
13934,263,1,922.1,29.74516129032258,12.580645161290322,0.0
13936,170,2,376.58,13.947407407407407,12.0,0.0
13937,168,1,158.85,17.65,13.666666666666666,0.0
13938,34,1,71.66,10.237142857142857,10.0,0.0
13939,22,4,568.55,12.359782608695651,18.32608695652174,0.0
13940,16,4,839.14,17.12530612244898,10.53061224489796,0.0
13941,21,7,5112.96,108.78638297872341,49.08510638297872,0.0
13946,78,3,561.57,51.051818181818184,40.27272727272727,0.0
13947,64,1,90.6,18.119999999999997,8.8,0.0
13948,360,1,102.0,34.0,13.333333333333334,0.0
13949,2,6,2427.3199999999997,15.170749999999998,15.4625,0.0
13950,10,5,745.06,20.696111111111108,8.916666666666666,0.0
13951,175,3,674.45,17.293589743589745,11.76923076923077,0.0
13952,210,3,3251.07,23.558478260869567,10.326086956521738,0.0
13953,6,7,3515.68,175.784,136.2,0.0
13954,1,3,439.92,14.664,4.7,0.0
13955,153,2,322.96,9.786666666666665,4.666666666666667,0.0
13956,4,5,1019.27,6.933809523809524,3.306122448979592,0.0
13958,371,1,0.0,0.0,-4.6,0.0
13959,78,3,594.04,6.600444444444444,3.9444444444444446,0.0
13960,20,2,230.22,19.185,11.833333333333334,0.0
13962,21,2,169.54999999999998,15.413636363636362,7.909090909090909,0.0
13963,307,4,664.54,18.986857142857144,13.142857142857142,0.0
13967,145,1,80.7,40.35,21.0,0.0
13969,6,20,9024.17,14.415607028753994,7.138977635782748,0.0
13971,8,11,2758.2599999999998,17.457341772151896,11.50632911392405,0.0
13972,70,2,190.25,12.683333333333334,12.466666666666667,0.0
13973,286,1,264.7,24.063636363636363,9.909090909090908,0.0
13974,48,1,413.59,14.771071428571428,8.892857142857142,0.0
13975,30,7,2461.24,7.4357703927492445,5.1057401812688825,0.0
13976,206,1,357.98,35.798,15.4,0.0
13978,14,2,196.79,13.119333333333334,21.0,0.0
13979,72,1,869.87,16.108703703703704,11.833333333333334,0.0
13980,59,1,200.14,18.19454545454545,15.636363636363637,0.0
13982,38,5,1871.81,16.276608695652172,9.843478260869565,0.0
13983,29,13,2603.43,23.244910714285712,10.446428571428571,0.0
13984,26,6,920.51,54.14764705882353,15.941176470588236,0.0
13985,3,16,7060.13,20.114330484330484,9.792022792022792,0.0
13986,16,1,320.46,24.650769230769228,33.07692307692308,0.0
13988,19,9,4147.96,17.355481171548117,12.656903765690377,0.0
13989,65,2,1266.08,30.88,32.02439024390244,0.0
13990,212,1,311.3,19.45625,11.875,0.0
13991,11,7,852.88,10.153333333333332,11.821428571428571,0.0
13992,29,1,76.8,15.36,12.8,0.0
13993,31,12,3466.36,27.730880000000003,7.136,0.0
13994,3,6,2274.14,15.36581081081081,6.297297297297297,0.0
13995,14,6,1393.69,16.019425287356324,9.96551724137931,0.0
13999,9,15,3901.81,18.404764150943397,10.523584905660377,0.0
14000,205,2,635.66,39.72875,44.1875,0.0
14001,45,4,2043.08,51.077,23.975,0.0
14002,133,2,529.73,11.270851063829788,18.659574468085108,0.0
14004,42,7,4582.64,26.799064327485382,15.602339181286549,0.0
14005,9,5,2874.72,34.22285714285714,29.5,0.0
14006,115,3,962.19,32.073,21.366666666666667,0.0
14009,197,3,695.61,15.809318181818183,8.204545454545455,0.0
14012,277,1,328.8,29.89090909090909,14.545454545454545,0.0
14013,109,3,473.02,13.91235294117647,13.588235294117647,0.0
14014,76,1,505.18,12.953333333333333,27.58974358974359,0.0
14015,52,1,917.34,45.867000000000004,18.9,0.0
14016,153,5,4341.21,26.797592592592594,13.11111111111111,0.0
14019,46,4,1421.61,20.906029411764706,15.205882352941176,0.0
14020,16,2,642.8,16.48205128205128,11.307692307692308,0.0
14021,154,3,631.9,28.722727272727273,8.727272727272727,0.0
14022,224,1,440.0,15.714285714285714,17.392857142857142,0.0
14023,6,2,584.0699999999999,18.840967741935483,11.129032258064516,0.0
14024,121,2,327.7,20.48125,9.375,0.0
14027,60,1,104.82,17.47,10.333333333333334,0.0
14029,62,2,467.66,31.177333333333333,13.2,0.0
14030,17,8,2358.84,9.747272727272728,6.107438016528926,0.0
14031,6,23,17286.86,67.00333333333333,20.813953488372093,0.003875968992248062
14032,1,18,2975.59,19.57625,13.210526315789474,0.0
14034,21,4,648.89,7.290898876404494,3.50561797752809,0.0
14035,28,5,1428.02,21.636666666666667,11.196969696969697,0.0
14036,284,1,626.65,16.49078947368421,7.052631578947368,0.0
14037,175,2,147.2,5.257142857142857,1.6428571428571428,0.0
14038,77,4,1560.38,16.778279569892476,10.35483870967742,0.0
14039,32,1,152.2,25.366666666666664,15.333333333333334,0.0
14040,40,15,3560.32,15.150297872340426,6.4425531914893615,0.0
14041,265,1,141.41,6.733809523809524,4.476190476190476,0.0
14044,26,4,646.42,3.1379611650485435,1.4757281553398058,0.0
14045,108,4,1659.75,276.625,89.16666666666667,0.0
14046,283,1,154.99,11.070714285714287,32.857142857142854,0.0
14047,8,7,1308.61,38.4885294117647,11.088235294117647,0.0
14048,276,2,409.93,4.6582954545454545,3.1136363636363638,0.0
14049,16,6,5578.72,11.270141414141415,7.644444444444445,0.0
14050,31,2,746.36,13.821481481481483,12.75925925925926,0.0
14051,0,26,15610.39,72.60646511627907,17.4,0.0
14052,19,1,225.36,4.024285714285715,1.5892857142857142,0.0
14053,123,2,260.25,65.0625,53.75,0.0
14054,64,1,92.46000000000001,15.410000000000002,10.333333333333334,0.0
14055,105,1,725.64,72.564,21.6,0.0
14056,0,29,8152.71,7.344783783783784,3.793693693693694,0.0
14057,23,18,6211.66,21.41951724137931,16.224137931034484,0.0
14059,266,1,183.6,22.95,16.0,0.0
14060,4,20,6140.42,30.248374384236453,26.472906403940886,0.0
14062,9,12,10464.85,94.27792792792793,50.387387387387385,0.0
14064,28,7,1334.34,16.890379746835443,16.88607594936709,0.0
14066,266,1,152.55,21.792857142857144,6.428571428571429,0.0
14067,63,2,374.7,7.2057692307692305,6.9423076923076925,0.0
14068,319,1,265.85,11.077083333333334,3.0416666666666665,0.0
14071,3,9,1437.57,4.330030120481927,2.7078313253012047,0.0
14073,20,2,151.04,10.788571428571428,9.142857142857142,0.0
14075,4,3,942.26,21.913023255813954,17.53488372093023,0.0
14076,128,1,118.67,2.6970454545454547,1.7954545454545454,0.0
14077,40,5,499.42,11.890952380952381,6.380952380952381,0.0
14078,101,6,1049.3700000000001,16.14415384615385,4.769230769230769,0.0
14079,124,1,375.1,31.258333333333336,25.083333333333332,0.0
14080,32,1,45.599999999999994,11.399999999999999,12.0,0.0
14081,266,4,921.62,6.023660130718954,3.849673202614379,0.0
14082,364,1,182.25,6.2844827586206895,3.793103448275862,0.0
14083,3,9,1002.9,5.6661016949152545,3.983050847457627,0.0
14085,1,19,4421.29,9.846971046770602,7.073496659242761,0.0
14087,2,2,191.47,2.774927536231884,3.608695652173913,0.0
14088,9,14,50491.81,85.57933898305085,21.34406779661017,0.0
14089,56,1,158.75,12.211538461538462,10.23076923076923,0.0
14090,324,1,76.32,76.32,72.0,0.0
14092,7,17,4076.91,18.787603686635943,9.497695852534562,0.0
14093,11,1,433.86,4.3386000000000005,3.91,0.0
14096,3,34,65164.79,12.707642355694228,3.185452418096724,0.0
14098,36,1,147.35,7.016666666666667,4.9523809523809526,0.0
14099,15,12,3104.17,12.318134920634922,8.63888888888889,0.0
14100,137,1,191.95,7.678,2.52,0.0
14101,73,6,5976.79,170.76542857142857,198.34285714285716,0.0
14102,4,8,1105.8799999999999,17.553650793650792,11.841269841269842,0.0
14104,154,2,216.21,10.295714285714286,3.4285714285714284,0.0
14105,84,2,1266.23,16.66092105263158,10.5,0.0
14107,51,8,2703.23,21.80024193548387,14.419354838709678,0.0
14108,30,3,597.91,17.083142857142857,10.857142857142858,0.0
14109,22,2,144.2,10.299999999999999,4.0,0.0
14110,3,13,5683.15,36.430448717948714,15.66025641025641,0.0
14111,13,5,692.85,62.98636363636364,41.54545454545455,0.0
14112,22,12,2915.15,16.85057803468208,9.294797687861271,0.0
14113,3,8,1840.42,46.0105,15.875,0.0
14114,273,2,386.53,25.768666666666665,6.733333333333333,0.0
14116,19,5,1382.74,19.204722222222223,9.819444444444445,0.0
14117,143,1,90.0,30.0,24.0,0.0
14119,353,1,0.0,0.0,-2.0,0.0
14121,3,6,2780.15,17.26801242236025,12.906832298136646,0.0
14124,83,1,419.58,83.916,323.6,0.0
14125,10,3,2720.63,16.38933734939759,9.80722891566265,0.0
14126,7,4,706.13,44.133125,28.625,0.0
14127,122,3,709.71,16.129772727272726,7.295454545454546,0.0
14128,60,2,637.5,13.858695652173912,12.26086956521739,0.0
14129,1,5,1123.86,21.612692307692306,11.384615384615385,0.0
14130,318,1,480.90999999999997,7.286515151515151,3.893939393939394,0.0
14132,1,12,3586.0299999999997,17.84094527363184,16.746268656716417,0.0
14133,129,5,605.64,20.188,11.4,0.0
14135,1,15,4690.31,35.00231343283583,28.73134328358209,0.0
14138,1,2,965.88,20.997391304347826,13.043478260869565,0.0
14139,45,1,415.82,15.993076923076924,19.615384615384617,0.0
14140,3,3,935.05,13.95597014925373,12.074626865671641,0.0
14141,2,6,915.13,19.894130434782607,7.326086956521739,0.0
14142,372,1,311.81,14.173181818181819,14.227272727272727,0.0
14143,133,1,115.8,16.54285714285714,4.285714285714286,0.0
14145,46,5,3742.2,311.84999999999997,53.0,0.0
14146,8,6,4191.0,17.10612244897959,7.697959183673469,0.0
14147,48,3,483.4,80.56666666666666,16.0,0.0
14148,233,1,157.2,52.4,5.333333333333333,0.0
14149,212,3,446.62,11.1655,3.225,0.0
14150,35,2,658.64,25.33230769230769,19.076923076923077,0.0
14152,74,3,621.29,12.425799999999999,13.98,0.0
14154,238,2,1345.62,25.87730769230769,8.942307692307692,0.0
14155,265,1,118.75,19.791666666666668,4.166666666666667,0.0
14156,9,66,117210.08,82.83397879858657,40.21766784452297,0.0
14157,19,3,424.89,9.040212765957447,5.531914893617022,0.0
14158,39,1,507.65999999999997,12.381951219512194,19.048780487804876,0.0
14159,19,14,4630.35,3.9140743871513104,3.6644125105663568,0.0
14161,215,3,1097.62,10.554038461538461,4.326923076923077,0.0
14162,173,2,289.36,11.5744,5.68,0.0
14163,86,4,2445.91,47.036730769230765,17.173076923076923,0.0
14164,70,2,1631.77,56.26793103448276,35.62068965517241,0.0
14165,275,1,120.44,5.0183333333333335,2.2083333333333335,0.0
14167,38,4,562.59,11.251800000000001,2.94,0.0
14171,97,1,363.79,6.272241379310345,2.8793103448275863,0.0
14173,10,4,450.84,15.546206896551723,5.172413793103448,0.0
14174,32,1,134.46,5.171538461538462,3.6153846153846154,0.0
14175,50,7,3222.3,19.648170731707317,8.908536585365853,0.0
14176,296,5,576.9,18.028125,6.46875,0.0
14177,84,5,549.46,13.082380952380953,4.833333333333333,0.0
14178,8,7,1600.26,5.032264150943396,4.69811320754717,0.0
14179,40,2,701.57,4.46859872611465,2.031847133757962,0.0
14180,10,31,4748.5199999999995,19.147258064516127,2.8629032258064515,0.0
14184,66,1,452.89,18.870416666666667,5.291666666666667,0.0
14185,330,1,197.65,65.88333333333334,2.0,0.0
14188,8,10,2054.36,28.934647887323944,16.12676056338028,0.0
14189,1,24,4654.08,16.80173285198556,14.148014440433213,0.0
14191,1,14,4684.76,17.81277566539924,13.904942965779467,0.0
14193,67,2,853.39,20.318809523809524,10.595238095238095,0.0
14194,4,32,11349.52,18.790596026490068,9.574503311258278,0.0
14195,201,3,1012.0,126.5,87.75,0.0
14196,106,1,335.52,55.919999999999995,23.666666666666668,0.0
14198,3,7,701.4,15.94090909090909,6.363636363636363,0.0
14199,217,1,185.39999999999998,92.69999999999999,14.0,0.0
14201,59,9,747.4399999999999,19.165128205128205,14.820512820512821,0.0
14204,1,1,150.61,3.861794871794872,1.8461538461538463,0.0
14205,10,4,466.7,11.966666666666667,2.5384615384615383,0.0
14206,238,2,328.15999999999997,15.626666666666665,13.047619047619047,0.0
14208,94,1,151.74,15.174000000000001,11.4,0.0
14209,10,7,2073.43,23.561704545454543,7.818181818181818,0.0
14210,90,7,1905.84,18.503300970873784,7.368932038834951,0.0
14211,52,13,2241.1,18.99237288135593,10.440677966101696,0.0
14212,89,1,1070.48,118.94222222222223,128.0,0.0
14213,371,1,0.0,0.0,-48.8,0.0
14214,30,7,1004.38,14.348285714285714,10.685714285714285,0.0
14215,11,7,1789.72,16.419449541284404,12.422018348623853,0.0
14216,2,4,1839.3,31.17457627118644,10.067796610169491,0.0
14217,1,24,2004.98,18.738130841121496,6.327102803738318,0.0
14218,42,1,169.48,14.123333333333333,13.333333333333334,0.0
14219,3,1,89.94,12.848571428571429,11.142857142857142,0.0
14220,246,2,632.4,30.114285714285714,12.952380952380953,0.0
14221,41,10,3432.8,17.694845360824743,11.288659793814434,0.0
14222,176,1,683.17,16.662682926829266,14.804878048780488,0.0
14223,91,4,991.13,16.248032786885247,9.557377049180328,0.0
14224,109,4,1009.73,8.93566371681416,4.274336283185841,0.0
14226,28,7,2214.79,30.76097222222222,17.90277777777778,0.0
14227,25,15,3350.96,18.311256830601092,9.896174863387978,0.0
14229,51,5,1547.2,35.98139534883721,13.720930232558139,0.0
14231,178,5,925.71,17.142777777777777,7.444444444444445,0.0
14232,31,8,2048.07,17.356525423728815,16.415254237288135,0.0
14233,43,5,1462.72,40.63111111111111,18.63888888888889,0.0
14234,21,4,754.12,5.130068027210885,6.469387755102041,0.0
14235,9,6,3144.86,39.31075,24.3375,0.0
14236,80,2,490.86,32.724000000000004,20.666666666666668,0.0
14237,372,1,161.0,17.88888888888889,4.222222222222222,0.0
14238,325,1,146.85,18.35625,13.875,0.0
14239,42,13,2380.85,20.52456896551724,8.5,0.0
14240,29,2,890.34,21.19857142857143,9.952380952380953,0.0
14241,183,1,213.70000000000002,21.37,14.6,0.0
14242,234,2,280.55,17.534375,7.6875,0.0
14243,8,14,2588.77,17.491689189189188,8.135135135135135,0.0
14245,175,5,1693.45,15.120089285714286,8.669642857142858,0.0
14246,110,3,1474.06,19.654133333333334,10.72,0.0
14247,277,1,136.77,6.838500000000001,2.35,0.0
14248,317,1,302.58,37.8225,12.75,0.0
14250,6,3,1904.05,17.153603603603603,10.81081081081081,0.0
14251,1,5,2879.7,36.919230769230765,21.46153846153846,0.0
14256,253,3,969.06,17.945555555555554,7.592592592592593,0.0
14257,50,6,3099.72,28.96934579439252,15.672897196261681,0.0
14258,8,10,12669.98,113.12482142857142,63.375,0.0
14259,141,1,120.0,24.0,13.6,0.0
14261,50,2,1163.45,22.37403846153846,7.8076923076923075,0.0
14262,7,8,2618.23,18.3093006993007,11.503496503496503,0.0
14264,154,3,333.97,17.577368421052633,3.473684210526316,0.0
14265,108,2,530.18,17.10258064516129,10.64516129032258,0.0
14267,150,7,1516.24,22.973333333333333,6.984848484848484,0.0
14270,331,1,492.65,16.98793103448276,6.793103448275862,0.0
14271,225,1,112.32,11.232,8.8,0.0
14272,73,2,437.96,13.271515151515151,18.151515151515152,0.0
14273,50,4,559.97,19.309310344827587,9.10344827586207,0.0
14276,87,5,1119.74,14.929866666666667,9.64,0.0
14277,14,4,4188.0,18.613333333333333,7.182222222222222,0.0
14280,196,1,134.04,16.755,6.5,0.0
14282,2,15,3701.44,24.035324675324677,17.246753246753247,0.0
14284,30,3,595.25,17.50735294117647,4.617647058823529,0.0
14285,20,4,1910.01,70.74111111111111,20.037037037037038,0.0
14286,23,5,4628.75,16.24122807017544,15.108771929824561,0.0
14287,7,4,176.63,16.05727272727273,21.454545454545453,0.0
14288,211,2,426.6,25.094117647058823,11.0,0.0
14289,8,6,911.26,19.388510638297873,6.212765957446808,0.0
14290,10,6,2314.65,22.47233009708738,8.864077669902912,0.0
14291,1,12,3883.25,16.316176470588236,11.546218487394958,0.0
14292,7,14,4871.93,45.11046296296296,15.212962962962964,0.0
14293,2,4,1046.56,17.15672131147541,11.62295081967213,0.0
14295,39,2,166.2,23.74285714285714,11.714285714285714,0.0
14297,17,6,1305.33,20.39578125,13.453125,0.0
14298,2,45,51527.3,31.41908536585366,35.37865853658536,0.0
14299,7,18,3965.62,24.479135802469134,12.425925925925926,0.0
14300,18,1,43.2,14.4,10.666666666666666,0.0
14301,107,2,640.14,40.00875,37.5,0.0
14304,222,2,383.45,14.20185185185185,2.0,0.0
14305,70,5,1858.96,16.899636363636365,9.718181818181819,0.0
14306,50,3,2093.32,59.80914285714286,30.65714285714286,0.0
14307,88,6,2995.72,16.642888888888887,11.433333333333334,0.0
14309,7,10,2352.53,19.12626016260163,13.16260162601626,0.0
14311,224,2,310.26,11.491111111111111,4.62962962962963,0.0
14312,46,6,1611.59,18.524022988505745,11.632183908045977,0.0
14314,106,1,120.0,15.0,37.0,0.0
14315,20,7,2481.13,23.857019230769232,9.711538461538462,0.0
14317,64,1,508.58,21.190833333333334,10.625,0.0
14320,206,3,477.78999999999996,11.37595238095238,5.690476190476191,0.0
14321,10,5,1530.75,12.445121951219512,19.5609756097561,0.0
14323,114,4,605.06,14.757560975609755,8.292682926829269,0.0
14326,234,2,183.85,20.427777777777777,11.0,0.0
14327,162,1,311.65,25.97083333333333,11.583333333333334,0.0
14329,8,14,4975.24,18.564328358208954,11.444029850746269,0.0
14331,123,2,462.65999999999997,16.523571428571426,9.0,0.0
14332,22,3,840.21,33.6084,18.52,0.0
14333,63,2,415.2,21.852631578947367,2.736842105263158,0.0
14334,16,9,2552.21,15.657730061349694,10.613496932515337,0.0
14335,15,2,454.86,7.581,6.25,0.0
14336,16,4,1614.91,17.943444444444445,19.544444444444444,0.0
14338,157,4,588.22,17.300588235294118,9.676470588235293,0.0
14339,234,4,309.52,17.195555555555554,8.333333333333334,0.0
14340,218,1,134.7,22.45,9.666666666666666,0.0
14341,44,9,2166.98,16.79829457364341,10.813953488372093,0.0
14342,20,6,668.56,27.856666666666666,14.041666666666666,0.0
14344,126,8,889.9300000000001,12.534225352112676,6.71830985915493,0.0
14345,38,1,108.98,18.163333333333334,8.333333333333334,0.0
14346,120,2,1021.58,17.026333333333334,10.083333333333334,0.0
14348,259,1,409.57,22.753888888888888,10.166666666666666,0.0
14349,9,1,133.5,4.306451612903226,2.774193548387097,0.0
14350,270,2,282.93,13.472857142857142,7.904761904761905,0.0
14351,164,1,51.0,51.0,12.0,0.0
14352,156,4,1078.96,22.95659574468085,11.446808510638299,0.0
14353,214,1,90.6,15.1,10.666666666666666,0.0
14354,5,2,163.62,18.18,23.333333333333332,0.0
14355,365,1,174.4,15.854545454545455,8.363636363636363,0.0
14356,59,4,701.23,18.45342105263158,7.0,0.0
14357,42,1,225.12,5.628,3.675,0.0
14359,18,6,912.18,15.727241379310344,6.258620689655173,0.0
14360,31,4,2118.03,18.102820512820514,9.735042735042734,0.0
14362,21,1,151.5,4.094594594594595,2.5945945945945947,0.0
14364,108,8,3717.35,53.87463768115942,28.507246376811594,0.0
14367,7,19,9227.82,17.41098113207547,8.29811320754717,0.0
14368,319,1,155.0,19.375,4.5,0.0
14371,294,1,100.5,25.125,8.5,0.0
14373,357,1,76.55,19.1375,4.25,0.0
14375,184,1,235.56,3.5690909090909093,2.787878787878788,0.0
14377,190,2,617.05,56.095454545454544,19.90909090909091,0.0
14379,43,2,348.1,7.567391304347827,6.3478260869565215,0.0
14381,51,1,202.68,3.619285714285714,2.607142857142857,0.0
14382,25,1,615.49,4.88484126984127,9.76984126984127,0.0
14383,37,3,1247.69,21.14728813559322,13.847457627118644,0.0
14385,8,3,202.10999999999999,14.43642857142857,11.357142857142858,0.0
14386,296,1,142.4,20.342857142857145,7.714285714285714,0.0
14387,32,3,1727.6,12.428776978417266,5.719424460431655,0.0
14388,8,10,3212.84,16.821151832460735,10.120418848167539,0.0
14389,8,5,1043.46,16.830000000000002,11.32258064516129,0.0
14390,9,13,4642.57,16.06425605536332,7.342560553633218,0.0
14393,217,1,67.95,13.59,2.6,0.0
14395,1,12,3479.91,9.914273504273504,4.800569800569801,0.0
14396,64,2,487.99,6.684794520547945,3.0821917808219177,0.0
14397,0,23,2612.96,27.504842105263158,19.49473684210526,0.0
14400,140,2,574.7,22.103846153846156,17.307692307692307,0.0
14401,3,14,4051.48,22.139234972677595,24.617486338797814,0.0
14403,129,5,1475.81,56.761923076923075,19.73076923076923,0.0
14404,33,7,1449.32,14.34970297029703,8.108910891089108,0.0
14406,118,1,156.75,19.59375,9.625,0.0
14407,106,9,2157.73,28.391184210526315,18.57894736842105,0.0
14408,10,7,2599.03,24.519150943396227,15.18867924528302,0.0
14409,70,7,2059.45,37.44454545454545,21.054545454545455,0.0
14410,15,15,1100.27,3.9155516014234877,1.0249110320284698,0.0
14411,310,1,1063.0,75.92857142857143,14.0,0.0
14412,34,3,770.03,17.111777777777778,17.42222222222222,0.0
14413,361,1,121.05,5.502272727272727,3.0454545454545454,0.0
14414,91,8,1496.98,15.27530612244898,25.602040816326532,0.0
14415,0,18,5855.57,9.743044925124792,4.921797004991681,0.0
14416,21,2,490.22,35.01571428571429,23.285714285714285,0.0
14418,3,3,1937.25,15.622983870967742,13.798387096774194,0.0
14419,10,6,1051.79,5.206881188118811,2.391089108910891,0.0
14420,84,2,387.52,12.917333333333334,11.1,0.0
14421,56,2,813.11,30.115185185185187,13.518518518518519,0.0
14422,0,6,4263.64,19.205585585585588,13.09009009009009,0.0
14423,217,1,265.2,88.39999999999999,40.0,0.0
14424,17,1,322.08,322.08,48.0,0.0
14426,18,16,4481.67,16.976022727272728,8.859848484848484,0.0
14427,49,2,363.34000000000003,21.37294117647059,13.411764705882353,0.0
14428,6,7,1224.06,8.68127659574468,2.978723404255319,0.0
14431,298,2,470.36,22.398095238095237,5.904761904761905,0.0
14432,9,6,2248.5,5.964190981432361,5.339522546419098,0.0
14434,21,6,1372.8,114.39999999999999,30.666666666666668,0.0
14436,98,1,89.06,9.895555555555555,14.333333333333334,0.0
14437,142,2,63.0,10.5,9.833333333333334,0.0
14438,305,1,131.9,14.655555555555557,9.11111111111111,0.0
14439,319,1,2661.2400000000002,83.16375000000001,16.4375,0.0
14440,7,5,2357.68,42.86690909090909,10.690909090909091,0.0
14441,0,10,1712.8899999999999,29.032033898305084,7.288135593220339,0.0
14442,1,5,1589.82,23.37970588235294,6.985294117647059,0.0
14443,53,7,1420.2,14.491836734693878,9.5,0.0
14446,0,4,1010.35,3.6474729241877255,3.306859205776173,0.0
14447,18,5,1163.23,16.617571428571427,8.157142857142857,0.0
14448,8,2,375.35,18.767500000000002,5.2,0.0
14449,18,4,885.8,3.5431999999999997,2.964,0.0
14450,180,3,483.25,12.08125,6.025,0.0
14451,59,2,643.9,6.132380952380952,3.6,0.0
14452,10,2,259.05,4.3175,1.9333333333333333,0.0
14453,189,1,119.93,5.451363636363637,2.227272727272727,0.0
14456,4,14,3017.28,3.1627672955974844,3.0167714884696015,0.0
14457,310,1,113.64,28.41,22.0,0.0
14459,154,1,1837.92,49.67351351351351,20.54054054054054,0.0
14460,109,4,434.34,25.54941176470588,51.11764705882353,0.0
14461,147,3,2103.06,11.683666666666666,4.2555555555555555,0.0
14462,63,15,1980.57,8.286903765690376,3.8661087866108788,0.0
14463,97,3,529.62,88.27,29.833333333333332,0.0
14465,246,3,1038.44,8.44260162601626,3.2357723577235773,0.0
14466,28,7,2272.4,31.561111111111114,13.972222222222221,0.0
14467,17,4,596.26,6.699550561797753,3.101123595505618,0.0
14470,11,2,461.19,10.725348837209303,4.488372093023256,0.0
14472,103,8,1852.67,6.991207547169812,4.283018867924528,0.0
14473,73,2,234.34,33.47714285714286,12.571428571428571,0.0
14474,42,2,547.66,18.255333333333333,4.633333333333334,0.0
14475,71,6,925.85,19.698936170212768,9.106382978723405,0.0
14476,256,1,193.0,11.352941176470589,6.470588235294118,0.0
14477,19,5,1309.6,119.05454545454545,65.36363636363636,0.0
14479,253,2,316.25,17.569444444444443,6.5,0.0
14480,10,1,279.05,21.465384615384615,11.0,0.0
14481,164,2,636.51,21.217,16.3,0.0
14482,17,6,2022.81,14.765036496350364,11.875912408759124,0.0
14483,149,2,137.1,13.709999999999999,9.5,0.0
14484,49,1,321.92,22.994285714285716,15.0,0.0
14485,38,1,162.8,3.539130434782609,1.5217391304347827,0.0
14487,26,7,1165.48,8.265815602836879,5.042553191489362,0.0
14488,50,2,1064.28,21.72,16.183673469387756,0.0
14489,206,1,463.38,15.446,9.966666666666667,0.0
14491,174,2,340.93,20.05470588235294,8.176470588235293,0.0
14493,6,7,2383.24,19.375934959349593,10.398373983739837,0.0
14494,25,1,139.56,19.937142857142856,13.142857142857142,0.0
14495,50,2,123.80000000000001,20.633333333333336,10.333333333333334,0.0
14496,311,2,538.8100000000001,28.35842105263158,8.368421052631579,0.0
14497,300,2,475.37,15.334516129032258,7.516129032258065,0.0
14498,42,5,1957.32,10.141554404145078,5.689119170984456,0.0
14499,25,3,808.4399999999999,4.254947368421052,2.610526315789474,0.0
14500,87,3,356.85,50.978571428571435,16.714285714285715,0.0
14501,63,3,251.20999999999998,20.934166666666666,9.916666666666666,0.0
14502,19,14,2429.83,3.9509430894308943,2.3821138211382116,0.0
14503,2,6,3543.26,21.605243902439025,12.21951219512195,0.0
14504,46,4,673.26,6.2921495327102805,2.878504672897196,0.0
14505,16,11,5859.43,7.426400506970849,3.4512040557667936,0.0
14506,16,5,1960.65,6.6462711864406785,2.386440677966102,0.0
14507,23,7,1367.88,14.101855670103093,6.0,0.0
14508,21,2,268.05,4.873636363636364,2.3454545454545452,0.0
14511,10,6,1314.81,18.51845070422535,10.873239436619718,0.0
14512,187,2,275.28,11.968695652173912,5.304347826086956,0.0
14513,100,4,455.59000000000003,25.310555555555556,19.72222222222222,0.0
14514,60,3,990.2,14.35072463768116,8.173913043478262,0.0
14515,17,6,2076.89,21.192755102040817,11.326530612244898,0.0
14517,32,2,330.45,18.358333333333334,5.055555555555555,0.0
14518,63,1,174.37,10.898125,17.375,0.0
14520,1,2,270.6,67.65,36.5,0.0
14522,23,4,974.54,57.32588235294117,30.88235294117647,0.0
14523,107,1,241.09,20.090833333333332,20.916666666666668,0.0
14524,31,9,1843.83,9.359543147208122,3.3959390862944163,0.0
14525,8,13,4215.9,14.5878892733564,9.006920415224913,0.0
14527,2,86,8507.13,8.42290099009901,2.0277227722772277,0.034653465346534656
14528,36,1,364.21999999999997,20.234444444444442,15.444444444444445,0.0
14529,59,3,578.61,2.7164788732394367,1.5258215962441315,0.0
14530,25,6,2862.11,13.437136150234743,6.549295774647887,0.0
14532,235,4,932.85,14.57578125,4.4375,0.0
14533,24,9,1949.72,29.99569230769231,42.723076923076924,0.0
14534,2,25,4397.3,8.03893967093236,3.482632541133455,0.0
14535,58,4,2854.84,8.624894259818731,5.492447129909365,0.0
14536,259,1,170.95,9.497222222222222,2.1666666666666665,0.0
14537,57,1,355.56,35.556,12.0,0.0
14538,64,2,388.25,20.43421052631579,8.157894736842104,0.0
14539,15,2,537.48,16.79625,13.375,0.0
14540,9,3,952.66,13.417746478873239,5.788732394366197,0.0
14541,58,8,1453.35,13.84142857142857,6.104761904761904,0.0
14542,185,1,103.25,20.65,3.8,0.0
14543,3,21,3599.73,34.283142857142856,5.714285714285714,0.0
14544,23,2,2004.3,18.056756756756755,13.837837837837839,0.0
14546,3,9,2573.93,6.202240963855421,3.091566265060241,0.0
14547,3,9,3974.75,11.16502808988764,7.384831460674158,0.0
14548,150,2,652.8,163.2,64.0,0.0
14549,310,1,289.24,5.165,2.4285714285714284,0.0
14550,10,2,757.37,16.114255319148935,8.27659574468085,0.0
14551,17,2,186.23,18.622999999999998,10.6,0.0
14552,151,1,164.22,2.8810526315789473,1.5789473684210527,0.0
14553,18,5,859.27,7.604159292035398,4.3628318584070795,0.0
14554,9,4,2279.49,11.229014778325123,7.108374384236453,0.0
14555,56,2,312.54,16.449473684210528,6.421052631578948,0.0
14557,63,2,788.38,24.636875,0.0,0.0
14560,6,24,2237.77,29.444342105263157,16.092105263157894,0.0
14561,75,3,1080.76,15.6631884057971,14.695652173913043,0.0
14562,3,22,5006.7699999999995,11.353219954648525,3.7709750566893425,0.0
14565,95,6,3099.12,24.024186046511627,11.875968992248062,0.0
14566,110,1,1432.0,358.0,200.0,0.0
14567,34,3,1530.36,45.010588235294115,12.058823529411764,0.0
14569,0,1,227.39,18.949166666666667,6.583333333333333,0.0
14570,280,2,218.06,7.519310344827586,3.2758620689655173,0.0
14572,2,10,2804.54,10.583169811320754,5.347169811320755,0.0
14573,179,13,1639.82,7.037854077253218,2.2660944206008584,0.0
14576,371,1,35.4,35.4,12.0,0.0
14577,12,4,859.71,6.989512195121952,2.869918699186992,0.0
14578,2,1,168.63,7.02625,10.0,0.0
14581,16,1,138.6,8.152941176470588,12.764705882352942,0.0
14582,40,1,114.10999999999999,19.01833333333333,12.166666666666666,0.0
14583,5,5,986.96,3.2680794701986757,2.486754966887417,0.0
14584,168,5,1033.06,10.434949494949494,3.808080808080808,0.0
14585,49,1,157.05,5.415517241379311,3.1379310344827585,0.0
14586,226,3,237.35999999999999,8.79111111111111,8.74074074074074,0.0
14587,18,10,1580.29,4.248091397849462,2.0080645161290325,0.0
14589,371,1,39.75,13.25,1.6666666666666667,0.0
14591,14,4,1320.21,7.501193181818182,6.9772727272727275,0.0
14592,34,3,557.94,3.5312658227848104,2.5759493670886076,0.0
14593,21,3,617.15,4.087086092715231,2.185430463576159,0.0
14594,6,2,363.33,6.987115384615384,3.519230769230769,0.0
14595,19,6,1740.6,17.06470588235294,9.588235294117647,0.0
14597,10,2,866.24,18.430638297872342,12.042553191489361,0.0
14598,43,1,221.97,4.4394,3.78,0.0
14600,305,1,393.33,15.7332,5.0,0.0
14601,10,1,213.96,30.565714285714286,24.0,0.0
14603,274,1,660.0,330.0,200.0,0.0
14606,0,128,12076.15,4.377002537151141,2.1533164189923886,0.0
14607,15,17,16209.5,148.71100917431193,71.1743119266055,0.0
14608,3,4,1785.15,89.25750000000001,21.85,0.0
14609,71,4,601.56,150.39,1756.5,0.0
14616,242,3,406.08000000000004,135.36,34.666666666666664,0.0
14618,8,4,553.44,32.555294117647065,15.352941176470589,0.0
14619,238,2,394.44,17.92909090909091,6.590909090909091,0.0
14620,203,3,412.78000000000003,13.759333333333334,6.266666666666667,0.0
14621,0,6,1788.36,18.62875,10.28125,0.0
14622,184,1,320.58,15.265714285714285,6.9523809523809526,0.0
14623,31,6,886.7,6.617164179104478,3.1044776119402986,0.0
14624,56,2,225.85,17.373076923076923,12.461538461538462,0.0
14625,184,5,899.63,15.782982456140351,5.7894736842105265,0.0
14626,8,7,2791.27,22.15293650793651,11.007936507936508,0.0
14627,311,1,0.0,0.0,-1.0,0.0
14628,90,2,671.96,27.998333333333335,11.333333333333334,0.0
14629,3,3,955.26,6.326225165562914,2.4768211920529803,0.0
14631,50,3,1006.98,24.56048780487805,15.170731707317072,0.0
14632,262,1,114.56,14.32,12.0,0.0
14633,265,1,344.9,17.244999999999997,4.8,0.0
14636,35,2,609.85,21.780357142857145,8.607142857142858,0.0
14638,50,1,443.6,27.725,10.375,0.0
14639,51,8,2984.49,17.05422857142857,8.16,0.0
14640,15,8,2107.38,18.81589285714286,7.348214285714286,0.0
14641,21,1,110.46000000000001,15.780000000000001,12.857142857142858,0.0
14642,58,1,96.11999999999999,48.059999999999995,38.0,0.0
14643,169,3,693.81,20.406176470588235,22.205882352941178,0.0
14644,8,4,830.76,28.646896551724137,8.689655172413794,0.0
14645,156,2,597.09,19.903000000000002,12.7,0.0
14646,1,76,280206.02,134.64969726093224,94.25420470927439,0.0004805382027871216
14647,200,1,236.04,8.43,3.25,0.0
14649,4,4,1402.59,7.5408064516129025,5.397849462365591,0.0
14651,66,2,653.75,6.4727722772277225,3.396039603960396,0.0
14652,76,1,114.18,3.937241379310345,1.8275862068965518,0.0
14653,0,7,1926.65,8.233547008547008,4.038461538461538,0.0
14655,3,5,1932.23,38.6446,21.76,0.0
14656,168,2,291.05,3.638125,1.5,0.0
14657,17,5,848.22,6.678897637795276,3.661417322834646,0.0
14658,4,2,247.15,8.522413793103448,1.6206896551724137,0.0
14659,8,12,2529.93,9.768069498069497,4.5675675675675675,0.0
14660,86,2,285.74,9.524666666666667,7.6,0.0
14661,26,1,107.95,26.9875,8.75,0.0
14662,28,4,741.37,4.722101910828026,3.6815286624203822,0.0
14664,19,2,636.24,6.492244897959184,4.744897959183674,0.0
14665,60,7,1835.7,15.68974358974359,4.273504273504273,0.0
14666,23,1,195.25,13.946428571428571,11.5,0.0
14667,10,27,9175.04,16.096561403508773,9.326315789473684,0.0
14669,241,3,1259.24,7.58578313253012,4.63855421686747,0.0
14670,279,2,392.86,3.1939837398373987,2.6504065040650406,0.0
14672,234,2,765.55,12.549999999999999,7.442622950819672,0.0
14673,2,5,1736.4,23.464864864864865,13.567567567567568,0.0
14675,15,1,596.36,6.148041237113402,3.463917525773196,0.0
14676,30,8,2548.24,57.91454545454545,56.77272727272727,0.0
14679,371,1,0.0,0.0,-1.0,0.0
14680,24,23,28754.11,89.85659375,38.98125,0.0
14681,70,3,498.95,71.27857142857142,10.857142857142858,0.0
14682,187,2,52.0,26.0,40.0,0.0
14684,25,5,1201.51,3.080794871794872,2.105128205128205,0.0
14687,106,1,628.38,41.892,31.333333333333332,0.0
14688,7,27,5579.1,15.671629213483147,8.946629213483146,0.0
14689,208,1,112.8,8.676923076923076,5.846153846153846,0.0
14690,43,3,355.05,6.827884615384615,3.076923076923077,0.0
14691,30,5,2114.33,29.779295774647885,9.95774647887324,0.0
14692,136,5,591.55,8.5731884057971,3.6956521739130435,0.0
14693,264,1,172.9,21.6125,4.25,0.0
14696,3,9,2078.95,15.631203007518796,12.225563909774436,0.0
14697,217,2,188.61,8.57318181818182,8.227272727272727,0.0
14698,1,5,1217.27,6.0863499999999995,3.01,0.0
14699,213,1,109.13,13.64125,9.625,0.0
14700,31,3,2195.1,19.599107142857143,11.732142857142858,0.0
14701,10,12,2526.09,7.386228070175439,2.625730994152047,0.0
14702,0,18,3251.79,9.480437317784256,4.166180758017493,0.0
14703,14,1,318.17,14.462272727272728,8.318181818181818,0.0
14704,10,9,1493.96,3.8014249363867685,2.653944020356234,0.0
14705,198,1,179.0,179.0,100.0,0.0
14708,2,4,1126.3700000000001,38.84034482758621,21.20689655172414,0.0
14709,14,14,4921.04,24.97989847715736,12.598984771573605,0.0
14710,13,4,599.48,4.4079411764705885,2.7573529411764706,0.0
14711,9,12,2839.62,8.183342939481268,2.749279538904899,0.0
14712,28,3,917.0699999999999,36.6828,12.6,0.0
14713,8,12,2662.2,7.829999999999999,4.738235294117647,0.0
14714,23,1,160.19,16.019,22.9,0.0
14715,24,4,867.38,12.21661971830986,7.338028169014085,0.0
14716,42,2,307.51,6.029607843137255,9.705882352941176,0.0
14719,1,6,1581.84,6.702711864406779,4.338983050847458,0.0
14720,5,3,663.81,17.94081081081081,5.918918918918919,0.0
14722,146,1,180.42,6.4435714285714285,4.214285714285714,0.0
14723,9,6,1122.36,4.333436293436293,2.5984555984555984,0.0
14725,24,1,655.58,13.948510638297874,12.51063829787234,0.0
14727,273,1,268.58,26.857999999999997,6.2,0.0
14729,373,1,313.49,4.415352112676056,2.7746478873239435,0.0
14730,0,8,1897.57,4.107294372294372,2.3333333333333335,0.0
14731,46,3,380.02,8.444888888888888,5.688888888888889,0.0
14732,7,10,2702.49,18.137516778523487,9.409395973154362,0.0
14733,8,15,9585.91,44.37921296296296,17.24537037037037,0.0
14735,3,34,6065.69,29.58873170731707,10.536585365853659,0.0
14737,3,3,1164.55,68.50294117647059,20.294117647058822,0.0
14738,38,9,1314.45,23.47232142857143,10.285714285714286,0.0
14739,1,8,3902.28,63.971803278688526,62.57377049180328,0.0
14740,190,4,1448.21,15.572150537634409,7.838709677419355,0.0
14741,11,6,1400.34,23.73457627118644,14.254237288135593,0.0
14744,15,9,1099.98,39.285000000000004,22.321428571428573,0.0
14745,112,6,1220.26,17.432285714285715,14.571428571428571,0.0
14747,247,2,328.2,17.273684210526316,4.315789473684211,0.0
14748,28,6,1415.75,15.388586956521738,12.956521739130435,0.0
14752,43,1,389.64,77.928,52.0,0.0
14753,86,1,563.15,18.771666666666665,7.033333333333333,0.0
14754,44,2,638.05,15.562195121951218,11.853658536585366,0.0
14755,9,12,5010.28,21.14042194092827,9.354430379746836,0.0
14756,14,1,738.96,19.446315789473687,10.947368421052632,0.0
14757,74,1,420.5,22.13157894736842,8.421052631578947,0.0
14758,144,4,1484.06,20.90225352112676,5.901408450704225,0.0
14759,4,3,1625.97,15.940882352941177,5.578431372549019,0.0
14760,293,2,89.2,12.742857142857144,4.0,0.0
14761,58,2,255.9,23.263636363636365,10.727272727272727,0.0
14762,263,1,300.52,14.310476190476189,16.238095238095237,0.0
14764,43,2,278.3,39.75714285714286,25.0,0.0
14765,28,3,254.11,6.515641025641026,3.4615384615384617,0.0
14766,7,8,2473.37,18.053795620437956,9.656934306569344,0.0
14768,16,3,192.6,32.1,5.666666666666667,0.0
14769,2,10,10416.98,9.77202626641651,6.76266416510319,0.0
14770,231,2,876.42,16.854230769230767,9.423076923076923,0.0
14772,111,1,139.26,15.473333333333333,9.11111111111111,0.0
14775,57,3,1011.9,16.865,19.566666666666666,0.0
14776,50,13,2538.2999999999997,18.942537313432833,20.059701492537314,0.0
14777,3,2,0.0,0.0,-3.0,0.0
14778,126,2,730.86,20.881714285714285,8.742857142857142,0.0
14779,280,3,386.15,9.418292682926829,2.048780487804878,0.0
14780,54,2,447.68,16.58074074074074,11.481481481481481,0.0
14782,319,1,200.1,33.35,19.0,0.0
14784,25,2,289.99,19.332666666666668,15.8,0.0
14785,9,2,77.4,25.8,28.0,0.0
14788,6,2,679.44,22.648000000000003,14.033333333333333,0.0
14789,28,1,197.64,32.94,19.333333333333332,0.0
14790,16,4,745.06,16.19695652173913,15.195652173913043,0.0
14792,63,2,6.2,1.55,0.0,0.0
14793,3,2,228.99,15.266,5.866666666666666,0.0
14794,2,9,1319.91,16.096463414634147,8.158536585365853,0.0
14795,165,1,131.45000000000002,21.908333333333335,2.8333333333333335,0.0
14796,0,27,7975.49,6.899212802768166,5.114186851211072,0.0
14798,52,3,173.74,14.478333333333333,12.5,0.0
14799,50,1,157.7,12.13076923076923,11.23076923076923,0.0
14800,47,16,4331.79,11.107153846153846,9.28974358974359,0.0
14801,60,1,189.34,3.3217543859649123,3.0350877192982457,0.0
14803,161,3,845.5500000000001,19.217045454545456,8.409090909090908,0.0
14804,8,1,353.27,29.439166666666665,10.083333333333334,0.0
14805,14,4,546.4,11.878260869565217,2.4782608695652173,0.0
14806,74,1,193.39,17.58090909090909,30.0,0.0
14808,39,15,2718.6,10.788095238095238,8.043650793650794,0.0
14810,40,11,2085.33,8.209960629921259,3.9960629921259843,0.0
14813,369,2,152.88,5.2717241379310344,2.2758620689655173,0.0
14815,36,2,778.5,14.68867924528302,14.037735849056604,0.0
14816,196,1,271.85,67.9625,1.25,0.0
14817,199,2,1110.34,17.624444444444443,10.396825396825397,0.0
14818,73,3,657.8,13.704166666666666,6.75,0.0
14819,63,2,272.07,20.928461538461537,8.384615384615385,0.0
14820,20,4,507.29,17.492758620689656,8.724137931034482,0.0
14821,366,1,48.8,24.4,10.0,0.0
14823,179,3,321.43,4.591857142857143,1.2571428571428571,0.0
14824,9,4,1127.71,38.88655172413793,18.103448275862068,0.0
14825,3,12,2221.01,18.50841666666667,8.241666666666667,0.0
14828,196,3,2139.76,125.86823529411765,127.76470588235294,0.0
14829,28,6,697.55,15.50111111111111,9.2,0.0
14830,52,1,188.88,4.843076923076923,4.205128205128205,0.0
14834,17,8,1720.3,24.575714285714284,10.442857142857143,0.0
14836,9,3,102.45,17.075,7.5,0.0
14837,89,5,1649.5,14.995454545454546,13.0,0.0
14840,267,1,62.85,15.7125,7.75,0.0
14841,52,6,3295.76,23.88231884057971,12.884057971014492,0.0
14842,34,8,2824.69,17.87778481012658,7.253164556962025,0.0
14844,63,4,3189.81,24.537,14.1,0.0
14847,148,1,309.4,23.799999999999997,9.23076923076923,0.0
14849,21,28,7930.54,20.230969387755103,14.428571428571429,0.0
14850,311,2,325.75,14.806818181818182,12.954545454545455,0.0
14851,22,2,511.35,18.2625,11.607142857142858,0.0
14852,57,6,2836.69,19.83699300699301,12.216783216783217,0.0
14853,8,3,475.8,47.58,8.1,0.0
14854,77,8,2740.03,21.07715384615385,13.923076923076923,0.0
14855,118,2,645.65,32.2825,13.35,0.0
14856,35,3,1290.53,19.854307692307692,10.938461538461539,0.0
14857,59,3,1173.12,19.231475409836065,7.459016393442623,0.0
14859,12,5,1353.74,22.944745762711865,11.338983050847459,0.0
14860,8,2,170.32,14.193333333333333,19.166666666666668,0.0
14861,51,1,125.78999999999999,20.965,19.5,0.0
14862,25,2,841.2,17.525000000000002,16.083333333333332,0.0
14863,28,1,266.76,24.25090909090909,12.0,0.0
14865,6,2,52.2,13.05,27.0,0.0
14866,10,13,14389.9,139.70776699029125,63.77669902912621,0.0
14867,185,4,710.28,19.196756756756756,8.837837837837839,0.0
14868,2,9,2953.59,20.092448979591836,9.517006802721088,0.0
14869,3,3,721.45,10.161267605633803,7.71830985915493,0.0
14870,261,1,327.25,25.173076923076923,9.153846153846153,0.0
14871,2,4,501.28000000000003,5.390107526881721,1.924731182795699,0.0
14873,209,1,519.68,18.56,6.0,0.0
14875,8,5,1465.32,29.3064,11.08,0.0
14878,12,9,1476.09,12.099098360655738,6.549180327868853,0.0
14880,76,3,690.59,15.012826086956522,7.934782608695652,0.0
14881,19,1,255.4,15.023529411764706,18.58823529411765,0.0
14882,26,2,589.7,53.60909090909092,14.363636363636363,0.0
14883,18,7,761.59,14.10351851851852,14.61111111111111,0.0
14885,131,1,765.3199999999999,51.02133333333333,48.266666666666666,0.0
14886,252,1,364.8,20.266666666666666,8.88888888888889,0.0
14887,78,1,1862.0,310.3333333333333,183.33333333333334,0.0
14888,206,1,369.2,18.46,9.2,0.0
14889,335,1,135.9,13.59,9.0,0.0
14890,253,1,125.65,17.95,7.285714285714286,0.0
14891,147,2,554.38,16.79939393939394,15.303030303030303,0.0
14893,9,2,1237.85,16.956849315068492,10.945205479452055,0.0
14894,84,1,655.75,28.51086956521739,11.521739130434783,0.0
14895,7,24,11138.71,22.013260869565215,9.531620553359684,0.0
14896,204,2,468.77,10.901627906976744,6.488372093023256,0.0
14897,7,4,1366.38,24.84327272727273,8.50909090909091,0.0
14898,22,8,1269.31,11.333124999999999,8.830357142857142,0.0
14901,10,10,1421.29,14.502959183673468,6.724489795918367,0.0
14902,20,2,332.66,13.860833333333334,8.708333333333334,0.0
14903,20,10,2795.33,7.786434540389972,4.139275766016713,0.0
14904,1,2,1025.44,14.86144927536232,28.768115942028984,0.0
14905,153,3,616.15,34.230555555555554,15.222222222222221,0.0
14907,2,10,3501.1,20.839880952380952,10.035714285714286,0.0
14908,73,1,277.8,30.866666666666667,14.666666666666666,0.0
14910,2,7,434.35,12.41,6.314285714285714,0.0
14911,0,248,143711.17,24.374350407055633,13.043588873812755,0.00016960651289009497
14912,16,3,867.85,30.994642857142857,34.642857142857146,0.03571428571428571
14913,35,4,1227.43,14.108390804597702,20.03448275862069,0.0
14915,85,3,307.48,23.652307692307694,8.076923076923077,0.0
14916,70,5,1268.98,16.063037974683546,14.329113924050633,0.0
14918,115,2,1610.15,35.781111111111116,15.0,0.0
14920,212,2,977.77,17.153859649122808,8.929824561403509,0.0
14921,29,2,1316.07,16.872692307692308,12.217948717948717,0.0
14923,50,1,749.1,17.025000000000002,9.5,0.0
14924,245,1,310.05,31.005000000000003,6.4,0.0
14929,31,1,223.88,20.35272727272727,12.363636363636363,0.0
14930,108,3,2362.96,18.605984251968504,9.133858267716535,0.0
14931,4,6,1257.68,29.944761904761908,9.904761904761905,0.0
14932,365,1,363.53,21.384117647058822,4.705882352941177,0.0
14934,72,3,1890.94,21.487954545454546,11.829545454545455,0.0
14935,296,1,1784.71,178.471,93.5,0.0
14936,8,9,8137.02,22.232295081967216,11.155737704918034,0.0
14937,56,4,1621.88,46.33942857142858,13.8,0.0
14944,29,14,5900.25,34.303779069767444,16.28488372093023,0.0
14946,13,1,100.9,33.63333333333333,7.333333333333333,0.0
14947,71,2,290.82,20.77285714285714,12.785714285714286,0.0
14948,22,7,1101.97,17.21828125,10.328125,0.0
14950,8,2,371.2,18.56,6.75,0.0
14951,78,1,311.69,15.5845,15.55,0.0
14952,45,15,8099.49,54.358993288590604,22.114093959731544,0.0
14953,24,1,285.67,5.2901851851851855,4.148148148148148,0.0
14954,11,1,294.85,3.8292207792207793,1.5194805194805194,0.0
14957,252,1,58.49,4.8741666666666665,2.8333333333333335,0.0
14958,146,3,483.73,11.79829268292683,3.1219512195121952,0.0
14959,58,5,695.42,11.40032786885246,8.049180327868852,0.0
14960,7,2,221.27,8.195185185185185,8.185185185185185,0.0
14961,10,12,7044.68,22.222965299684542,11.646687697160884,0.0
14962,270,1,126.7,25.34,8.8,0.0
14963,9,5,1472.34,7.6684375,6.036458333333333,0.0
14964,246,1,206.21,15.862307692307693,11.0,0.0
14965,95,2,596.09,7.359135802469136,4.481481481481482,0.0
14966,14,1,183.02,5.08388888888889,4.972222222222222,0.0
14967,49,1,463.8,77.3,23.333333333333332,0.0
14968,29,1,147.59,3.988918918918919,3.4324324324324325,0.0
14970,67,4,1592.06,46.825294117647054,7.352941176470588,0.0
14971,34,3,1097.98,7.083741935483871,4.122580645161291,0.0
14972,127,1,114.77,6.376111111111111,1.5555555555555556,0.0
14973,106,3,1314.45,41.0765625,11.53125,0.0
14974,36,1,89.94,5.290588235294117,2.176470588235294,0.0
14975,56,1,279.94,25.44909090909091,34.54545454545455,0.0
14976,56,8,790.86,10.833698630136986,3.1506849315068495,0.0
14978,71,5,1921.3700000000001,8.97836448598131,2.44392523364486,0.0
14981,245,1,102.12,12.765,12.125,0.0
14984,18,2,202.37,5.188974358974359,1.4871794871794872,0.0
14985,197,2,292.01,3.5181927710843373,3.0843373493975905,0.0
14987,15,2,326.4,81.6,32.0,0.0
14988,211,1,334.54,8.3635,3.525,0.0
14995,38,2,231.98,3.866333333333333,1.7,0.0
14997,45,4,546.2,20.22962962962963,40.81481481481482,0.0
14998,169,2,414.87,5.606351351351352,3.4864864864864864,0.0
15000,47,1,490.52,6.37038961038961,2.831168831168831,0.0
15002,115,4,1641.76,14.276173913043479,7.495652173913044,0.0
15004,146,1,1220.77,7.927077922077922,4.045454545454546,0.0
15005,15,35,6295.37,5.464730902777777,3.6354166666666665,0.0
15006,50,1,480.38,3.639242424242424,2.1666666666666665,0.0
15007,158,1,156.91,13.075833333333334,5.75,0.0
15009,11,3,1259.43,6.996833333333334,3.55,0.0
15010,35,1,308.94,15.447,9.2,0.0
15012,53,2,405.04,3.3200000000000003,1.8442622950819672,0.0
15014,42,2,257.67,7.808181818181819,4.515151515151516,0.0
15016,172,1,170.04,8.501999999999999,3.8,0.0
15017,33,1,125.58,6.279,3.15,0.0
15018,38,4,496.21,15.5065625,5.875,0.0
15019,266,1,252.81,3.8304545454545456,2.272727272727273,0.0
15021,8,13,1871.77,4.150266075388027,1.7760532150776054,0.0
15022,11,4,852.39,7.044545454545454,4.355371900826446,0.0
15023,2,12,6720.41,12.130703971119134,5.088447653429603,0.0
15024,9,10,1636.43,10.765986842105264,5.934210526315789,0.0
15025,32,1,361.96,5.402388059701492,2.746268656716418,0.0
15026,79,3,469.0,7.688524590163935,4.672131147540983,0.0
15027,30,6,1066.1499999999999,28.814864864864862,15.216216216216216,0.0
15028,7,4,627.13,13.065208333333333,9.5625,0.0
15030,71,2,518.28,74.03999999999999,53.142857142857146,0.0
15031,3,4,653.19,5.93809090909091,3.6363636363636362,0.0
15032,255,5,4959.1,90.16545454545455,48.50909090909091,0.0
15033,4,11,2557.18,5.073769841269841,3.3115079365079363,0.0
15034,15,11,4274.16,10.793333333333333,6.065656565656566,0.0
15035,89,1,252.73,9.36037037037037,9.074074074074074,0.0
15036,71,3,429.56,3.609747899159664,2.6554621848739495,0.0
15038,42,7,685.74,5.35734375,1.421875,0.0
15039,9,52,19766.59,13.328786244099797,6.1449763991908295,0.0
15041,169,1,179.93,2.7262121212121215,1.5606060606060606,0.0
15042,198,1,135.93,27.186,6.0,0.0
15043,30,1,537.0,179.0,100.0,0.0
15044,18,22,7634.7300000000005,16.89099557522124,6.1415929203539825,0.0
15045,151,3,735.66,56.58923076923077,8.153846153846153,0.0
15046,8,16,5090.42,25.200099009900992,15.98019801980198,0.0
15047,269,1,343.62,15.61909090909091,10.090909090909092,0.0
15048,64,5,381.0,4.010526315789473,1.894736842105263,0.0
15049,273,1,121.17000000000002,40.39000000000001,21.0,0.0
15050,24,5,1737.69,22.278076923076924,15.076923076923077,0.0
15051,22,3,1383.36,9.741971830985914,7.112676056338028,0.0
15052,318,1,207.73000000000002,7.418928571428572,2.8214285714285716,0.0
15053,4,3,693.95,10.057246376811595,14.26086956521739,0.0
15054,11,2,302.1,2.6500000000000004,1.736842105263158,0.0
15057,274,2,1489.5,59.58,26.72,0.0
15058,24,11,2102.54,7.904285714285714,3.962406015037594,0.0
15059,40,11,1337.72,5.597154811715481,2.518828451882845,0.0
15060,7,4,294.25,2.5586956521739133,2.234782608695652,0.0
15061,3,55,54534.14,133.0100975609756,69.73170731707317,0.0
15062,70,4,987.86,17.330877192982456,13.385964912280702,0.0
15063,212,1,370.79999999999995,74.16,11.2,0.0
15065,37,6,3158.13,19.988164556962026,8.575949367088608,0.0
15066,31,2,893.59,16.860188679245283,5.264150943396227,0.0
15067,77,3,1744.76,21.277560975609756,11.634146341463415,0.0
15068,45,2,553.36,5.320769230769231,3.5,0.0
15069,178,1,1109.53,15.850428571428571,7.428571428571429,0.0
15070,372,1,106.2,106.2,36.0,0.0
15071,93,2,982.07,37.77192307692308,10.346153846153847,0.0
15073,9,4,1043.41,13.729078947368421,3.6447368421052633,0.0
15074,104,1,735.67,17.943170731707315,10.512195121951219,0.0
15075,77,1,773.03,28.63074074074074,16.555555555555557,0.0
15076,172,1,880.85,17.976530612244897,11.653061224489797,0.0
15078,6,38,9743.11,21.603348115299337,11.239467849223947,0.0
15079,212,5,895.61,18.658541666666668,8.083333333333334,0.0
15081,21,6,504.8,14.422857142857143,5.371428571428571,0.0
15083,256,1,88.2,17.64,7.6,0.0
15087,281,1,306.94,20.462666666666667,31.333333333333332,0.0
15088,20,3,1160.07,19.3345,7.616666666666666,0.0
15089,9,6,2420.84,16.69544827586207,9.372413793103448,0.0
15090,307,1,381.32,16.57913043478261,9.043478260869565,0.0
15091,53,2,480.71,15.506774193548386,11.064516129032258,0.0
15092,214,2,457.81,17.608076923076922,5.1923076923076925,0.0
15093,17,9,4597.02,41.04482142857143,33.330357142857146,0.0
15095,103,5,1370.6,27.971428571428568,21.979591836734695,0.0
15096,42,1,219.39,19.94454545454545,10.909090909090908,0.0
15097,3,1,248.08,9.923200000000001,6.8,0.0
15098,181,5,39916.5,7983.3,12.0,0.0
15099,83,1,410.48,17.84695652173913,14.91304347826087,0.0
15100,329,6,876.0,146.0,9.666666666666666,0.0
15101,8,3,317.53000000000003,35.281111111111116,26.555555555555557,0.0
15103,30,2,703.36,20.096,9.4,0.0
15104,166,3,993.54,14.399130434782608,9.173913043478262,0.0
15105,17,7,2298.93,22.76168316831683,11.990099009900991,0.0
15106,17,7,1422.52,13.94627450980392,11.215686274509803,0.0
15107,310,8,319.5,16.81578947368421,8.473684210526315,0.0
15108,141,5,1300.25,21.315573770491802,8.147540983606557,0.0
15109,240,2,484.95,15.643548387096773,4.096774193548387,0.0
15110,23,7,996.1,25.54102564102564,6.17948717948718,0.0
15111,28,3,1567.48,18.660476190476192,8.452380952380953,0.0
15113,9,4,3509.43,35.81051020408163,23.6734693877551,0.0
15114,29,10,2760.56,14.012994923857867,15.715736040609137,0.0
15115,17,1,340.11,16.195714285714285,7.476190476190476,0.0
15116,17,4,1352.75,30.06111111111111,14.4,0.0
15117,14,6,1551.78,19.39725,24.3375,0.0
15118,133,1,244.8,244.8,1440.0,0.0
15119,245,1,266.4,19.02857142857143,6.285714285714286,0.0
15120,129,2,358.82,16.31,13.272727272727273,0.0
15121,49,2,457.72,16.34714285714286,7.107142857142857,0.0
15122,84,6,1633.78,18.779080459770114,9.057471264367816,0.0
15123,6,2,2199.31,20.748207547169812,11.273584905660377,0.0
15124,22,2,184.19,12.279333333333334,15.533333333333333,0.0
15125,24,23,11528.48,82.34628571428571,42.792857142857144,0.0
15127,65,1,406.53,25.408125,15.6875,0.0
15128,59,8,1471.0,13.252252252252251,11.945945945945946,0.0
15129,49,11,3447.4,41.04047619047619,21.357142857142858,0.0
15130,169,1,330.11,15.005,8.954545454545455,0.0
15132,17,5,977.9300000000001,18.806346153846157,13.057692307692308,0.0
15133,127,3,982.42,33.87655172413793,23.448275862068964,0.0
15134,14,8,1387.99,19.013561643835615,12.150684931506849,0.0
15135,232,2,139.05,13.905000000000001,4.1,0.0
15136,2,5,1286.7,18.647826086956524,11.231884057971014,0.0
15139,239,2,178.95999999999998,13.766153846153845,16.0,0.0
15140,51,8,2354.25,29.064814814814813,19.34567901234568,0.0
15142,45,1,498.74,19.182307692307692,14.038461538461538,0.0
15143,225,1,259.45,18.532142857142855,10.714285714285714,0.0
15144,7,18,6580.44,30.18550458715596,13.880733944954128,0.0
15145,3,4,1194.73,17.83179104477612,11.283582089552239,0.0
15146,164,3,1327.16,13.970105263157896,15.357894736842105,0.0
15147,218,2,623.5,21.5,12.517241379310345,0.0
15148,10,1,301.29,15.0645,9.35,0.0
15149,133,1,520.8,22.643478260869564,5.565217391304348,0.0
15150,16,11,5291.33,15.47172514619883,10.576023391812866,0.0
15152,9,16,4745.69,17.070827338129494,9.690647482014388,0.0
15153,30,1,329.25,14.965909090909092,9.0,0.0
15154,73,2,254.28,3.3904,1.1333333333333333,0.0
15156,0,3,961.49,17.481636363636365,10.854545454545455,0.0
15157,3,5,1936.07,14.556917293233083,16.857142857142858,0.0
15158,44,1,401.40000000000003,57.34285714285715,28.285714285714285,0.0
15159,1,34,18641.01,25.890291666666663,15.825,0.0
15160,356,1,158.16,39.54,21.0,0.0
15163,17,2,304.46999999999997,10.498965517241379,6.413793103448276,0.0
15164,68,3,824.58,8.164158415841584,3.4752475247524752,0.0
15165,372,1,487.75,18.064814814814813,5.925925925925926,0.0
15167,320,1,158.8,4.071794871794872,1.6666666666666667,0.0
15168,25,1,106.56,21.312,10.4,0.0
15171,324,2,1289.5,184.21428571428572,27.142857142857142,0.0
15172,8,5,1624.05,14.764090909090909,14.645454545454545,0.0
15174,322,1,135.75,12.340909090909092,13.181818181818182,0.0
15175,71,1,224.14,9.745217391304347,19.73913043478261,0.0
15178,259,1,40.5,13.5,10.0,0.0
15179,17,7,2206.95,23.231052631578944,20.073684210526316,0.0
15180,366,1,87.5,14.583333333333334,6.0,0.0
15181,65,5,689.48,38.30444444444444,30.11111111111111,0.0
15182,153,2,622.85,21.477586206896554,8.724137931034482,0.0
15184,28,2,402.2,6.487096774193549,3.2096774193548385,0.0
15185,69,1,310.62,14.791428571428572,31.714285714285715,0.0
15186,13,2,411.40999999999997,21.65315789473684,11.31578947368421,0.0
15187,1,18,4777.18,51.36752688172043,20.096774193548388,0.0
15189,0,53,16225.39,69.93702586206896,26.012931034482758,0.0
15192,119,3,1044.32,20.47686274509804,18.0,0.0
15193,60,1,499.32,26.28,7.578947368421052,0.0
15194,2,22,7616.53,23.363588957055214,17.32515337423313,0.0
15195,2,1,3861.0,3861.0,1404.0,0.0
15197,8,5,1079.61,29.989166666666662,12.583333333333334,0.0
15198,91,2,193.64,19.363999999999997,12.0,0.0
15199,58,4,1268.7,97.5923076923077,30.46153846153846,0.0
15201,78,11,1236.54,12.74783505154639,9.917525773195877,0.0
15203,25,6,1827.8,12.871830985915492,12.345070422535212,0.0
15204,356,1,316.58,35.175555555555555,28.666666666666668,0.0
15205,84,3,653.24,17.190526315789473,9.921052631578947,0.0
15206,9,4,420.3,46.7,18.0,0.0
15208,0,6,870.12,20.2353488372093,7.3023255813953485,0.0
15210,224,1,331.18,16.559,11.4,0.0
15211,59,2,894.41,17.20019230769231,4.615384615384615,0.0
15212,238,2,101.8,14.542857142857143,4.714285714285714,0.0
15213,318,3,328.34999999999997,13.133999999999999,10.8,0.0
15214,1,8,1661.44,15.104000000000001,11.4,0.0
15215,44,6,734.9399999999999,17.091627906976743,4.906976744186046,0.0
15216,87,1,96.6,48.3,14.0,0.0
15218,10,11,5756.89,34.680060240963854,20.05421686746988,0.0
15219,175,1,305.75,33.97222222222222,5.0,0.0
15220,51,7,1778.96,14.949243697478991,11.571428571428571,0.0
15221,365,2,403.25,36.65909090909091,2.272727272727273,0.0
15222,318,1,585.0,117.0,88.0,0.0
15223,225,3,755.75,23.6171875,3.0625,0.0
15224,357,3,322.08,20.13,9.375,0.0
15225,233,1,409.4,17.8,9.826086956521738,0.0
15226,310,1,154.41,19.30125,8.875,0.0
15227,36,5,1219.4,21.024137931034485,12.931034482758621,0.0
15228,65,5,3386.71,26.878650793650795,17.873015873015873,0.0
15230,238,2,429.6,18.678260869565218,15.26086956521739,0.0
15232,112,2,612.06,19.743870967741934,22.129032258064516,0.0
15234,276,1,197.0,14.071428571428571,14.0,0.0
15235,217,12,2247.51,15.716853146853149,9.258741258741258,0.0
15236,298,1,321.05,21.403333333333332,17.933333333333334,0.0
15237,1,4,1412.32,14.265858585858584,10.818181818181818,0.0
15238,28,5,1071.99,20.615192307692308,13.25,0.0
15239,9,3,780.59,15.011346153846155,11.365384615384615,0.0
15240,44,7,1706.57,20.561084337349396,16.397590361445783,0.0
15241,66,9,1756.44,15.823783783783785,16.35135135135135,0.0
15243,73,1,316.68,14.394545454545455,8.409090909090908,0.0
15244,64,2,631.5699999999999,18.575588235294116,11.911764705882353,0.0
15245,133,3,2515.84,28.267865168539327,20.04494382022472,0.0
15246,237,2,514.15,15.58030303030303,7.484848484848484,0.0
15247,121,1,356.0,59.333333333333336,26.666666666666668,0.0
15249,31,15,6688.46,18.682849162011173,9.935754189944134,0.0
15251,8,15,10484.99,86.65280991735537,50.28099173553719,0.0
15252,35,2,740.78,16.83590909090909,11.863636363636363,0.0
15253,15,6,918.1999999999999,16.69454545454545,15.709090909090909,0.0
15254,126,1,300.36,16.686666666666667,15.277777777777779,0.0
15255,66,1,890.85,18.95425531914894,10.404255319148936,0.0
15256,148,1,98.45,16.408333333333335,9.166666666666666,0.0
15257,280,2,317.15,39.64375,5.625,0.0
15258,168,2,623.16,18.328235294117647,4.176470588235294,0.0
15260,99,8,1810.77,23.215,11.038461538461538,0.0
15261,134,1,254.82,13.41157894736842,14.210526315789474,0.0
15262,323,1,178.95,17.895,7.3,0.0
15263,106,1,156.51,13.042499999999999,7.416666666666667,0.0
15264,63,1,393.74,17.11913043478261,11.521739130434783,0.0
15265,150,2,1506.1200000000001,18.36731707317073,7.463414634146342,0.0
15266,337,1,119.3,19.883333333333333,3.0,0.0
15267,21,5,1717.36,156.12363636363636,85.81818181818181,0.0
15269,23,1,408.8,204.4,13.0,0.0
15270,15,9,2379.49,49.57270833333333,30.395833333333332,0.0
15271,6,16,2493.34,9.408830188679246,4.7018867924528305,0.0
15272,56,2,721.94,11.45936507936508,4.920634920634921,0.0
15274,3,2,716.5699999999999,15.246170212765955,13.170212765957446,0.0
15275,30,2,615.14,14.646190476190476,11.833333333333334,0.0
15276,65,1,128.63,2.6251020408163264,1.2448979591836735,0.0
15277,46,1,255.9,21.325,17.083333333333332,0.0
15279,354,2,290.51,13.833809523809524,8.80952380952381,0.0
15280,171,1,113.12,7.07,9.625,0.0
15281,58,12,2332.15,15.547666666666668,7.953333333333333,0.0
15286,49,1,240.55,80.18333333333334,18.333333333333332,0.0
15287,21,3,486.69,23.175714285714285,20.571428571428573,0.0
15288,42,5,2306.52,26.210454545454546,8.806818181818182,0.0
15289,28,4,939.78,15.928474576271187,16.88135593220339,0.0
15290,4,21,7943.22,37.46801886792453,20.900943396226417,0.0
15291,25,20,4668.3,42.82844036697248,19.027522935779817,0.0
15292,200,1,178.39,7.432916666666666,2.2916666666666665,0.0
15296,43,10,3672.86,18.3643,8.785,0.0
15297,9,4,641.94,15.657073170731708,7.073170731707317,0.0
15298,1,14,4799.9,24.741752577319584,14.185567010309278,0.0
15299,66,11,4507.01,375.5841666666667,245.0,0.08333333333333333
15300,63,1,496.44,17.73,10.428571428571429,0.0
15301,50,14,5049.95,20.528252032520324,11.154471544715447,0.0
15303,289,1,574.02,18.516774193548386,8.0,0.0
15304,60,10,694.4,26.707692307692305,3.8461538461538463,0.0
15306,63,3,1174.35,20.247413793103448,13.96551724137931,0.0
15307,95,1,205.3,17.108333333333334,3.0833333333333335,0.0
15308,270,2,310.46999999999997,14.784285714285712,8.238095238095237,0.0
15311,0,118,60632.75,24.468422114608554,15.202986279257466,0.0
15312,74,5,924.85,19.267708333333335,10.6875,0.0
15313,109,1,52.0,52.0,25.0,0.0
15314,198,1,327.96999999999997,13.665416666666665,13.041666666666666,0.0
15315,63,3,570.5,15.013157894736842,22.05263157894737,0.0
15316,326,1,165.0,165.0,100.0,0.0
15318,3,1,312.62,9.473333333333333,19.454545454545453,0.0
15319,283,1,204.5,12.78125,10.9375,0.0
15320,43,1,267.13,7.420277777777778,9.055555555555555,0.0
15321,48,4,2748.31,26.17438095238095,11.085714285714285,0.0
15322,63,2,679.68,13.871020408163265,7.448979591836735,0.0
15325,103,1,161.74,3.3695833333333334,4.8125,0.0
15326,333,1,311.71,10.748620689655171,13.310344827586206,0.0
15327,52,1,208.75,20.875,11.6,0.0
15329,34,5,1049.7,16.93064516129032,7.67741935483871,0.0
15330,31,2,714.9599999999999,54.99692307692307,100.92307692307692,0.0
15332,365,4,1661.06,47.45885714285714,18.62857142857143,0.0
15333,207,1,1028.56,64.285,21.5,0.0
15334,156,3,350.82,3.579795918367347,2.7857142857142856,0.0
15335,53,1,170.22,4.863428571428571,2.257142857142857,0.0
15339,65,3,574.07,6.523522727272728,4.704545454545454,0.0
15341,80,1,2020.52,118.85411764705883,47.76470588235294,0.0
15342,115,2,406.09,15.618846153846153,10.615384615384615,0.0
15343,86,1,364.5,17.357142857142858,4.0,0.0
15344,0,5,563.94,17.623125,3.3125,0.0
15345,34,2,393.54,17.110434782608696,3.391304347826087,0.0
15346,332,1,252.42,14.848235294117647,8.470588235294118,0.0
15347,365,1,201.6,40.32,26.0,0.0
15348,71,1,158.04,17.56,9.333333333333334,0.0
15349,157,2,463.91,6.533943661971831,4.52112676056338,0.0
15350,372,1,115.64999999999999,23.13,10.2,0.0
15351,11,10,1934.66,8.52273127753304,3.1762114537444934,0.0
15353,254,2,770.12,12.624918032786885,5.590163934426229,0.0
15355,28,2,277.05,19.789285714285715,3.2142857142857144,0.0
15356,30,10,2718.03,5.446953907815631,3.2925851703406814,0.0
15358,4,29,8347.2,14.905714285714287,12.371428571428572,0.0
15360,39,1,427.93,32.917692307692306,17.153846153846153,0.0
15361,361,1,418.92,59.84571428571429,48.0,0.0
15363,240,2,326.0,19.176470588235293,8.411764705882353,0.0
15364,95,2,913.19,31.489310344827587,17.0,0.0
15365,25,9,2314.32,15.326622516556293,5.0198675496688745,0.0
15366,74,2,602.51,13.69340909090909,14.113636363636363,0.0
15367,56,5,1877.59,19.558229166666667,10.989583333333334,0.0
15368,20,1,446.94,111.735,57.5,0.0
15369,143,1,0.0,0.0,-1.0,0.0
15370,40,8,2386.05,25.116315789473685,8.715789473684211,0.0
15372,136,1,2007.4,74.34814814814816,108.29629629629629,0.0
15373,7,13,2415.91,17.634379562043794,3.4744525547445257,0.0
15374,128,1,168.0,56.0,42.0,0.0
15376,39,3,1221.56,10.530689655172413,5.301724137931035,0.0
15379,168,8,3703.29,18.894336734693876,11.698979591836734,0.0
15380,8,6,1690.26,45.682702702702706,10.108108108108109,0.0
15381,213,2,596.85,74.60625,21.375,0.0
15382,14,8,5955.71,19.4631045751634,13.081699346405228,0.0
15384,169,3,642.41,14.939767441860464,13.790697674418604,0.0
15385,39,1,316.88,26.406666666666666,13.416666666666666,0.0
15386,185,1,394.14,12.714193548387096,14.387096774193548,0.0
15388,269,1,140.54,14.053999999999998,8.8,0.0
15389,171,1,500.0,500.0,400.0,0.0
15392,4,5,1535.53,18.065058823529412,14.882352941176471,0.0
15393,15,2,231.86,19.32166666666667,12.5,0.0
15394,9,4,2183.54,25.68870588235294,10.705882352941176,0.0
15395,325,1,107.45,15.35,2.4285714285714284,0.0
15396,112,1,288.18,20.584285714285716,8.714285714285714,0.0
15397,289,1,94.0,15.666666666666666,3.3333333333333335,0.0
15398,15,3,1345.53,18.182837837837837,10.364864864864865,0.0
15399,0,3,815.77,16.3154,12.22,0.0
15400,91,6,716.2,55.0923076923077,27.692307692307693,0.0
15402,148,2,626.77,14.923095238095238,16.523809523809526,0.0
15405,188,1,349.1,43.6375,24.125,0.0
15406,17,4,510.71,8.805344827586207,4.068965517241379,0.0
15407,33,4,1046.74,7.072567567567567,3.72972972972973,0.0
15408,263,1,267.18,7.858235294117647,3.1176470588235294,0.0
15410,83,8,3450.84,28.285573770491805,9.836065573770492,0.0
15411,25,5,1348.93,13.625555555555556,5.3232323232323235,0.0
15412,170,1,190.53,19.053,10.8,0.0
15414,9,3,774.9,19.869230769230768,11.35897435897436,0.0
15415,312,1,559.61,11.906595744680851,11.72340425531915,0.0
15416,64,5,3984.32,20.644145077720207,10.823834196891191,0.0
15417,84,1,508.8,18.17142857142857,10.142857142857142,0.0
15419,24,1,135.86,16.9825,28.75,0.0
15421,58,4,950.36,17.93132075471698,9.433962264150944,0.0
15422,322,2,97.7,16.283333333333335,6.333333333333333,0.0
15423,37,1,43.5,21.75,50.5,0.0
15424,253,2,383.34,22.54941176470588,32.588235294117645,0.0
15426,18,7,1404.07,4.961378091872791,2.2791519434628977,0.0
15427,32,3,1430.54,4.899109589041096,3.3116438356164384,0.0
15428,14,1,93.78,15.63,17.0,0.0
15429,26,3,397.35,4.787349397590361,4.445783132530121,0.0
15432,22,1,171.19,17.119,6.5,0.0
15433,78,3,533.3,10.062264150943395,7.528301886792453,0.0
15434,7,6,1041.48,17.652203389830508,10.813559322033898,0.0
15435,21,1,149.29,5.147931034482759,1.8620689655172413,0.0
15436,11,3,1067.75,3.6692439862542954,1.9725085910652922,0.0
15437,261,1,200.16,4.4479999999999995,1.7555555555555555,0.0
15438,130,1,156.57999999999998,6.263199999999999,2.36,0.0
15440,54,3,383.68,6.188387096774194,3.1774193548387095,0.0
15442,248,1,594.0,297.0,60.0,0.0
15443,1,8,3213.59,8.569573333333334,4.362666666666667,0.0
15444,8,2,1411.21,6.594439252336449,3.546728971962617,0.0
15445,263,1,113.5,22.7,11.6,0.0
15447,330,1,155.17,17.24111111111111,9.444444444444445,0.0
15448,312,1,494.64,17.665714285714284,8.285714285714286,0.0
15449,25,5,974.52,15.718064516129031,13.064516129032258,0.0
15450,29,1,429.84,14.328,12.533333333333333,0.0
15452,29,3,528.48,9.437142857142858,5.0,0.0
15453,1,7,1371.77,4.91673835125448,3.0,0.0
15454,361,1,179.1,7.164,3.44,0.0
15456,282,3,434.59,7.492931034482758,10.913793103448276,0.0
15457,261,1,237.07,4.087413793103448,2.2758620689655173,0.0
15458,24,1,161.64,23.09142857142857,22.285714285714285,0.0
15460,353,1,214.26,3.8260714285714283,1.9107142857142858,0.0
15462,93,3,234.6,21.327272727272728,15.636363636363637,0.0
15463,28,1,126.14,18.02,15.142857142857142,0.0
15464,337,1,1044.65,6.739677419354839,2.2451612903225806,0.0
15465,19,24,7354.62,70.7175,11.701923076923077,0.0
15466,84,1,334.53,5.868947368421052,4.315789473684211,0.0
15467,8,4,524.88,9.903396226415094,5.773584905660377,0.0
15468,34,5,467.51,16.12103448275862,5.172413793103448,0.0
15469,42,4,538.55,19.946296296296296,5.555555555555555,0.0
15471,1,1,454.48,6.225753424657534,3.506849315068493,0.0
15472,112,1,371.56,4.888947368421053,3.3026315789473686,0.0
15473,13,10,1771.2,126.51428571428572,39.42857142857143,0.0
15475,76,1,454.11,15.65896551724138,11.0,0.0
15478,39,2,1399.92,31.816363636363636,13.068181818181818,0.0
15480,115,1,905.5,20.122222222222224,6.733333333333333,0.0
15482,15,16,10879.76,86.34730158730159,23.666666666666668,0.0
15483,160,4,225.26,2.6816666666666666,3.4642857142857144,0.0
15484,0,5,3590.41,19.097925531914893,16.670212765957448,0.0
15485,29,3,2564.5,30.17058823529412,15.070588235294117,0.0
15488,92,1,91.32,45.66,36.5,0.0
15489,22,4,1134.28,20.623272727272727,10.781818181818181,0.0
15491,94,7,3100.09,20.000580645161293,10.477419354838709,0.0
15492,27,2,659.46,18.841714285714286,13.8,0.0
15493,32,7,1953.41,6.712749140893471,1.8762886597938144,0.0
15494,20,2,1280.58,10.49655737704918,9.336065573770492,0.0
15497,17,3,1262.2,78.8875,38.875,0.0
15498,0,35,13316.4,25.46156787762906,11.632887189292543,0.0076481835564053535
15500,7,4,1131.56,16.640588235294118,8.411764705882353,0.0
15502,15,23,10384.93,41.21003968253969,15.170634920634921,0.0
15503,362,1,141.04,2.1369696969696967,1.0606060606060606,0.0
15504,80,1,52.83,4.063846153846153,2.5384615384615383,0.0
15505,52,7,3610.96,36.47434343434343,23.717171717171716,0.0
15506,22,3,972.08,6.03776397515528,5.229813664596273,0.0
15507,171,1,475.86,10.574666666666667,3.5555555555555554,0.0
15508,188,6,1000.27,10.8725,4.782608695652174,0.0
15510,330,1,250.0,250.0,2.0,0.0
15511,11,5,900.53,5.699556962025317,1.7025316455696202,0.0
15512,155,2,121.0,17.285714285714285,9.714285714285714,0.0
15513,30,22,14758.22,47.000700636942675,17.659235668789808,0.0
15514,11,13,4023.7200000000003,20.42497461928934,8.939086294416244,0.0
15516,44,3,62.43,4.162,1.8,0.0
15517,232,1,267.03,9.889999999999999,10.851851851851851,0.0
15518,63,13,1921.55,8.896064814814814,5.796296296296297,0.0
15520,1,1,343.5,19.083333333333332,17.444444444444443,0.0
15521,35,13,3000.2,15.001,8.37,0.0
15522,32,2,397.99,7.106964285714286,10.214285714285714,0.0
15523,83,1,412.01,41.201,13.2,0.0
15524,24,1,440.0,440.0,4.0,0.0
15525,1,4,734.37,4.647911392405064,2.4367088607594938,0.0
15526,32,2,148.44,37.11,6.0,0.0
15527,18,10,2428.53,14.718363636363637,5.9818181818181815,0.0
15528,253,1,229.33,8.820384615384615,4.730769230769231,0.0
15529,22,12,3962.6,5.9677710843373495,5.192771084337349,0.0
15530,21,4,1497.31,13.993551401869158,8.766355140186915,0.0
15531,7,2,1972.39,9.00634703196347,4.954337899543379,0.0
15532,24,6,1564.73,6.06484496124031,1.945736434108527,0.0
15533,18,5,807.57,9.390348837209302,2.9767441860465116,0.0
15535,172,7,502.9,6.705333333333333,1.6133333333333333,0.0
15537,162,1,110.92,4.621666666666667,1.2083333333333333,0.0
15539,6,1,538.46,13.133170731707319,10.0,0.0
15540,10,1,213.3,14.22,13.333333333333334,0.0
15541,113,1,85.13,2.9355172413793102,1.6896551724137931,0.0
15543,287,1,127.86,4.566428571428571,3.0714285714285716,0.0
15544,8,11,3546.71,13.588927203065134,11.89655172413793,0.0
15545,53,2,288.97,3.6121250000000003,2.025,0.0
15547,6,14,4910.6,7.065611510791367,5.753956834532374,0.0
15549,76,4,1681.46,14.621391304347826,5.947826086956522,0.0
15550,3,4,575.63,9.43655737704918,4.836065573770492,0.0
15551,36,1,436.06,15.036551724137931,7.517241379310345,0.0
15552,216,1,90.12,5.301176470588236,3.5294117647058822,0.0
15553,59,1,428.93,7.798727272727273,8.163636363636364,0.0
15554,277,1,217.2,15.514285714285714,5.285714285714286,0.0
15555,11,20,4794.86,5.251763417305586,4.817086527929901,0.0
15556,23,1,279.77,9.024838709677418,7.612903225806452,0.0
15557,28,1,468.90999999999997,24.679473684210524,11.210526315789474,0.0
15561,11,5,800.59,25.825483870967744,8.258064516129032,0.0
15562,351,1,134.55,134.55,39.0,0.0
15563,8,7,1400.44,11.96957264957265,12.478632478632479,0.0
15565,49,2,173.16,21.645,7.5,0.0
15567,18,1,186.01,26.572857142857142,31.857142857142858,0.0
15568,2,3,758.29,14.307358490566036,8.69811320754717,0.0
15569,103,5,1375.71,44.377741935483876,21.483870967741936,0.0
15570,6,13,4148.82,12.72644171779141,6.300613496932515,0.0
15571,11,4,650.4300000000001,11.411052631578949,4.631578947368421,0.0
15572,4,7,2533.42,11.950094339622641,5.721698113207547,0.0
15573,31,2,591.1899999999999,6.094742268041236,3.6597938144329896,0.0
15574,177,4,675.64,4.445,2.1842105263157894,0.0
15576,37,1,921.37,21.427209302325583,9.162790697674419,0.0
15577,150,3,258.88,6.637948717948718,2.282051282051282,0.0
15578,161,1,127.1,9.776923076923076,4.0,0.0
15579,68,2,327.6,6.825,2.4375,0.0
15581,120,14,3675.77,25.005238095238095,1.9183673469387754,0.0
15582,24,3,682.91,15.520681818181817,10.295454545454545,0.0
15584,23,5,720.86,5.813387096774194,2.5080645161290325,0.0
15585,176,1,455.3,14.687096774193549,10.32258064516129,0.0
15587,49,4,913.68,101.52,34.666666666666664,0.0
15589,252,4,478.53,15.950999999999999,8.066666666666666,0.0
15590,288,1,0.0,0.0,-1.0,0.0
15592,46,1,388.58,16.190833333333334,14.75,0.0
15593,70,1,199.8,39.96,12.0,0.0
15594,15,6,1771.78,17.036346153846154,9.442307692307692,0.0
15596,100,9,1406.59,16.745119047619045,6.523809523809524,0.0
15597,29,2,324.57,14.111739130434783,12.0,0.0
15598,34,3,240.68,15.0425,9.75,0.0
15599,26,2,761.74,14.648846153846154,13.807692307692308,0.0
15601,10,17,6776.56,16.368502415458938,12.02415458937198,0.0
15602,7,15,1297.87,24.48811320754717,18.81132075471698,0.0
15603,78,1,48.480000000000004,24.240000000000002,48.0,0.0
15604,51,1,216.39,12.728823529411764,9.352941176470589,0.0
15605,35,5,1198.23,17.88402985074627,6.582089552238806,0.0
15606,56,11,2920.16,32.08967032967033,7.912087912087912,0.0
15607,336,1,104.75999999999999,8.058461538461538,15.538461538461538,0.0
15608,27,4,1093.68,18.228,11.9,0.0
15609,182,2,298.48,16.582222222222224,8.055555555555555,0.0
15610,51,1,112.46000000000001,18.743333333333336,11.0,0.0
15611,9,15,1591.45,35.36555555555556,11.066666666666666,0.0
15612,35,2,195.15,32.525,8.666666666666666,0.0
15615,9,27,10399.74,24.241818181818182,12.804195804195805,0.0
15618,32,5,776.85,15.854081632653061,8.73469387755102,0.0
15619,10,1,336.4,112.13333333333333,45.333333333333336,0.0
15620,49,6,1553.18,14.934423076923078,8.64423076923077,0.0
15621,3,6,1293.03,71.835,25.72222222222222,0.0
15622,2,16,3709.56,17.334392523364485,7.252336448598131,0.0
15623,140,1,301.03000000000003,15.843684210526318,6.578947368421052,0.0
15624,116,4,588.13,17.297941176470587,10.5,0.0
15625,99,8,1534.26,22.56264705882353,17.147058823529413,0.0
15626,74,2,675.8,13.791836734693877,15.63265306122449,0.0
15628,4,10,2870.24,18.281783439490443,11.987261146496815,0.0
15630,44,3,1186.35,19.448360655737705,13.098360655737705,0.0
15632,15,10,3285.31,18.561073446327683,11.576271186440678,0.0
15634,16,1,243.55,16.236666666666668,6.6,0.0
15636,89,2,724.76,28.9904,11.36,0.0
15637,52,1,223.36,14.890666666666668,8.533333333333333,0.0
15638,300,1,0.0,0.0,-26.0,0.0
15639,133,1,425.32,17.0128,12.92,0.0
15640,3,17,12416.11,25.54755144032922,13.452674897119342,0.0
15641,104,4,1887.2,15.858823529411765,13.126050420168067,0.0
15643,178,6,664.0,18.444444444444443,6.722222222222222,0.0
15644,165,4,803.54,3.4635344827586207,2.3706896551724137,0.0
15645,18,1,612.01,11.769423076923077,4.923076923076923,0.0
15646,157,4,447.64,12.434444444444445,10.777777777777779,0.0
15648,203,4,639.5,23.685185185185187,7.777777777777778,0.0
15649,335,2,816.0,408.0,96.0,0.0
15651,36,3,646.3000000000001,20.196875000000002,14.96875,0.0
15652,90,1,337.74,16.082857142857144,9.904761904761905,0.0
15653,92,2,877.44,146.24,200.0,0.0
15654,8,2,922.53,43.93,22.61904761904762,0.0
15655,232,2,560.67,15.153243243243242,8.621621621621621,0.0
15656,44,4,748.5,15.925531914893616,7.297872340425532,0.0
15657,22,1,30.0,30.0,24.0,0.0
15658,189,8,1024.1,18.287499999999998,4.142857142857143,0.0
15659,43,1,306.45,27.85909090909091,10.090909090909092,0.0
15660,24,12,1600.86,17.030425531914894,11.03191489361702,0.0
15661,316,2,309.8,61.96,47.2,0.0
15663,105,1,138.14,15.348888888888887,11.777777777777779,0.0
15664,50,2,386.43,20.338421052631578,7.421052631578948,0.0
15665,167,2,2222.21,19.323565217391305,14.382608695652173,0.0
15667,39,1,301.32,23.178461538461537,18.46153846153846,0.0
15668,217,1,76.32,76.32,72.0,0.0
15669,39,5,684.34,19.55257142857143,9.685714285714285,0.0
15670,296,1,173.05,14.420833333333334,7.583333333333333,0.0
15671,18,10,2657.13,32.80407407407407,20.753086419753085,0.0
15673,87,4,2726.23,19.755289855072466,10.514492753623188,0.0
15674,72,8,2446.6,18.122962962962962,7.962962962962963,0.0
15675,80,3,323.69,15.413809523809524,25.095238095238095,0.0
15676,8,5,3435.7599999999998,15.906296296296295,10.328703703703704,0.0
15677,48,1,657.23,19.916060606060608,9.666666666666666,0.0
15678,52,1,352.7,29.391666666666666,15.333333333333334,0.0
15679,23,4,781.28,7.102545454545455,10.636363636363637,0.0
15680,8,3,1333.68,17.09846153846154,12.205128205128204,0.0
15681,17,6,1426.16,21.285970149253732,8.298507462686567,0.0
15683,116,1,193.75,19.375,13.1,0.0
15687,8,11,2993.1,17.816071428571426,7.785714285714286,0.0
15689,119,2,254.1,28.233333333333334,9.333333333333334,0.0
15690,3,2,239.76,12.618947368421052,21.473684210526315,0.0
15691,251,1,136.8,68.4,36.0,0.0
15692,27,1,191.04,15.92,11.5,0.0
15694,0,15,6479.4,82.01772151898734,21.075949367088608,0.0
15695,266,2,409.98,18.635454545454547,9.636363636363637,0.0
15696,32,12,2711.11,15.58109195402299,5.7988505747126435,0.0
15699,17,1,309.65,17.202777777777776,6.277777777777778,0.0
15700,171,3,696.68,7.827865168539326,3.6853932584269664,0.0
15701,1,4,1529.0,6.647826086956521,3.965217391304348,0.0
15703,264,1,211.5,42.3,13.2,0.0
15704,139,4,2293.62,19.603589743589744,8.786324786324787,0.0
15705,200,1,143.1,23.849999999999998,10.333333333333334,0.0
15706,59,7,1060.56,17.975593220338983,5.169491525423729,0.0
15707,34,4,916.98,4.473073170731707,2.897560975609756,0.0
15708,40,11,3235.25,11.472517730496454,4.283687943262412,0.0
15709,283,1,133.25,22.208333333333332,20.166666666666668,0.0
15712,8,5,1072.36,20.23320754716981,9.169811320754716,0.0
15713,142,3,356.7,17.835,7.45,0.0
15714,11,2,330.03,9.706764705882351,5.470588235294118,0.0
15716,145,4,1101.11,9.411196581196581,6.3076923076923075,0.0
15717,233,1,150.3,21.47142857142857,10.0,0.0
15719,32,14,5030.07,5.397070815450643,2.915236051502146,0.0
15720,23,1,598.73,4.677578125,2.1953125,0.0
15721,11,1,471.4,5.6119047619047615,4.619047619047619,0.0
15722,35,6,2211.21,31.588714285714286,14.542857142857143,0.0
15723,364,1,190.70000000000002,5.018421052631579,1.9210526315789473,0.0
15724,200,3,218.25,18.1875,6.0,0.0
15725,14,1,415.25,12.9765625,6.90625,0.0
15727,16,7,5159.06,17.139734219269105,10.17607973421927,0.0
15728,48,1,0.0,0.0,-8.5,0.0
15729,197,2,85.0,14.166666666666666,4.0,0.0
15730,65,4,1120.88,15.354520547945206,9.356164383561644,0.0
15732,211,2,294.12,21.00857142857143,15.357142857142858,0.0
15733,282,1,162.3,16.23,6.2,0.0
15734,114,2,1339.45,51.517307692307696,13.307692307692308,0.0
15737,14,12,1188.12,15.039493670886074,7.3924050632911396,0.0
15738,18,19,4812.42,27.343295454545455,16.857954545454547,0.0
15739,65,1,449.12,56.14,59.0,0.0
15740,48,1,154.88,17.20888888888889,16.88888888888889,0.0
15743,15,4,775.96,9.022790697674418,2.488372093023256,0.0
15744,77,1,34.8,11.6,40.0,0.0
15745,8,6,1094.59,16.839846153846153,6.338461538461538,0.0
15746,133,2,196.88,6.788965517241379,4.482758620689655,0.0
15747,12,3,946.64,10.518222222222223,5.177777777777778,0.0
15748,39,1,144.36,7.218000000000001,2.5,0.0
15749,234,4,44534.3,2968.9533333333334,600.9333333333333,0.0
15750,2,9,2463.05,8.406313993174063,6.061433447098976,0.0
15752,39,8,2626.6,6.469458128078817,4.815270935960591,0.0
15753,304,1,79.2,79.2,144.0,0.0
15754,50,4,458.57,15.812758620689655,6.793103448275862,0.0
15755,0,8,2364.25,15.86744966442953,9.375838926174497,0.0
15756,60,4,528.01,2.764450261780105,1.2617801047120418,0.0
15757,65,2,714.42,15.876,10.911111111111111,0.0
15758,24,1,205.25,22.805555555555557,5.222222222222222,0.0
15759,217,3,253.04,36.14857142857143,8.571428571428571,0.0
15762,64,2,583.75,15.777027027027026,6.783783783783784,0.0
15763,31,3,1086.92,17.252698412698415,4.253968253968254,0.0
15764,80,10,3279.97,17.446648936170213,10.829787234042554,0.0
15766,63,1,315.06,28.64181818181818,15.454545454545455,0.0
15768,115,4,621.83,22.208214285714288,8.678571428571429,0.0
15769,6,29,56252.72,382.67156462585035,188.16326530612244,0.0
15773,5,1,635.6800000000001,63.568000000000005,31.1,0.0
15774,68,1,270.8,10.832,3.48,0.0
15775,244,1,104.9,14.985714285714286,9.714285714285714,0.0
15776,132,1,241.62,13.423333333333334,7.666666666666667,0.0
15777,240,5,1047.1100000000001,47.595909090909096,17.045454545454547,0.0
15780,183,3,475.28000000000003,16.38896551724138,7.586206896551724,0.0
15781,24,4,345.46,16.450476190476188,8.476190476190476,0.0
15782,9,4,2614.74,59.42590909090909,19.613636363636363,0.0
15783,10,1,246.3,17.592857142857145,15.142857142857142,0.0
15785,29,8,2328.9700000000003,26.76977011494253,18.32183908045977,0.0
15786,43,5,4919.0,17.630824372759857,11.853046594982079,0.0
15787,25,3,933.26,4.6663,2.67,0.0
15789,357,1,351.3,14.052,17.52,0.0
15790,9,1,218.75,6.4338235294117645,3.323529411764706,0.0
15791,43,3,1612.69,21.219605263157895,9.605263157894736,0.0
15793,8,4,965.61,74.2776923076923,42.46153846153846,0.0
15795,149,1,610.01,14.524047619047618,13.833333333333334,0.0
15796,0,10,2708.61,20.213507462686568,6.402985074626866,0.007462686567164179
15797,112,4,2207.4,275.925,109.125,0.0
15799,75,3,884.14,9.021836734693878,9.744897959183673,0.0
15800,106,2,696.89,5.956324786324786,2.8376068376068377,0.0
15801,45,4,1063.95,15.419565217391305,8.144927536231885,0.0
15802,142,3,451.42,150.47333333333333,-0.3333333333333333,0.0
15803,50,1,415.82,51.9775,36.25,0.0
15804,0,19,4206.39,15.40802197802198,9.205128205128204,0.0
15805,22,20,5488.18,17.994032786885246,10.875409836065574,0.0
15806,45,3,784.58,25.309032258064516,19.419354838709676,0.0
15807,49,3,903.9,18.83125,8.958333333333334,0.0
15808,305,5,3651.27,18.534365482233504,6.614213197969543,0.0
15809,35,6,515.77,11.994651162790698,5.837209302325581,0.0
15810,78,7,1391.98,12.428392857142857,6.580357142857143,0.0
15811,16,9,2218.62,15.961294964028776,7.633093525179856,0.0
15812,106,5,1801.14,43.930243902439024,22.48780487804878,0.0
15813,207,2,1303.9099999999999,32.59775,15.075,0.0
15814,2,6,1945.33,26.288243243243244,16.85135135135135,0.0
15815,63,5,2100.6,42.86938775510204,37.87755102040816,0.0
15819,48,4,1905.45,15.491463414634147,11.032520325203253,0.0
15820,319,1,206.98,12.175294117647057,7.529411764705882,0.0
15821,43,2,570.96,9.209032258064516,3.2580645161290325,0.0
15822,2,2,885.47,26.832424242424242,11.363636363636363,0.0
15823,336,2,15.0,0.8823529411764706,-16.647058823529413,0.0
15825,171,1,532.94,26.647000000000002,11.0,0.0
15826,50,4,1654.31,23.97550724637681,13.942028985507246,0.0
15827,72,20,1836.09,13.702164179104477,6.2835820895522385,0.0
15829,98,2,636.14,12.473333333333333,19.529411764705884,0.0
15830,28,2,576.0,14.048780487804878,9.975609756097562,0.0
15831,57,4,794.64,11.860298507462687,16.17910447761194,0.0
15832,253,1,836.79,15.49611111111111,8.61111111111111,0.0
15834,69,6,2225.15,8.180698529411766,3.5183823529411766,0.0
15835,43,4,954.09,19.0818,8.78,0.0
15836,44,2,137.37,11.4475,2.0,0.0
15837,64,1,391.98,16.3325,7.875,0.0
15838,10,21,33643.08,199.07147928994084,53.29585798816568,0.005917159763313609
15839,24,5,1048.49,16.130615384615385,10.307692307692308,0.0
15840,58,3,355.56,12.698571428571428,14.071428571428571,0.0
15841,63,6,1224.06,24.481199999999998,18.52,0.0
15843,303,1,118.95,14.86875,3.375,0.0
15844,45,1,130.74,11.885454545454547,12.181818181818182,0.0
15845,17,10,3711.77,26.512642857142858,13.7,0.0
15847,37,2,389.27,17.694090909090907,20.40909090909091,0.0
15850,18,2,234.88,2.525591397849462,3.204301075268817,0.0
15852,186,2,160.71,7.305000000000001,2.1818181818181817,0.0
15853,51,1,110.8,3.6933333333333334,4.5,0.0
15854,3,12,2969.12,21.51536231884058,6.7101449275362315,0.0
15855,136,5,712.24,8.903,5.875,0.0
15856,3,31,16143.64,25.383081761006288,16.98427672955975,0.0
15857,18,1,297.0,21.214285714285715,22.0,0.0
15858,15,5,1427.57,7.59345744680851,6.1861702127659575,0.0
15860,40,8,965.16,6.943597122302158,3.143884892086331,0.0
15861,11,9,3146.92,5.816857670979667,4.6709796672828094,0.0
15862,7,4,832.88,5.665850340136054,3.979591836734694,0.0
15863,25,2,68.84,3.8244444444444445,1.0555555555555556,0.0
15864,21,8,1936.32,80.67999999999999,43.5,0.0
15865,40,3,895.13,22.37825,9.2,0.0
15866,100,1,211.89,4.927674418604651,2.883720930232558,0.0
15867,4,16,3810.14,8.264945770065076,4.4468546637744035,0.0
15869,276,2,149.64,9.975999999999999,11.666666666666666,0.0
15870,32,1,351.44,4.749189189189189,4.5,0.0
15872,14,2,316.25,2.928240740740741,1.7314814814814814,0.0
15874,62,9,4405.88,32.159708029197084,18.291970802919707,0.0
15877,1,3,490.33,3.830703125,1.8984375,0.0
15880,368,2,329.03,3.3920618556701028,1.8350515463917525,0.0
15881,311,8,501.39,15.6684375,6.21875,0.0
15882,198,5,516.36,21.515,11.083333333333334,0.0
15883,1,2,396.48,8.091428571428573,4.551020408163265,0.0
15885,92,3,379.35,21.075000000000003,6.166666666666667,0.0
15886,59,1,181.09,15.090833333333334,12.25,0.0
15888,79,2,168.31,12.022142857142857,4.285714285714286,0.0
15889,156,2,420.07,4.942,2.4235294117647057,0.0
15891,226,1,511.68,8.528,6.966666666666667,0.0
15894,252,2,258.25,6.97972972972973,4.4324324324324325,0.0
15895,149,1,179.17,16.288181818181815,8.545454545454545,0.0
15897,193,2,208.59,9.481363636363637,10.136363636363637,0.0
15898,0,6,1383.83,16.28035294117647,6.647058823529412,0.0
15899,368,1,56.25,14.0625,9.75,0.0
15900,23,1,337.28000000000003,7.176170212765958,4.595744680851064,0.0
15901,16,3,351.73,3.168738738738739,3.4144144144144146,0.0
15903,9,8,5126.76,68.3568,32.12,0.0
15904,7,1,164.68,5.489333333333334,2.8,0.0
15906,19,8,1567.69,10.382052980132451,3.562913907284768,0.0
15907,3,3,882.72,3.905840707964602,2.1150442477876106,0.0
15909,173,1,191.94,27.419999999999998,14.0,0.0
15910,0,8,1228.8799999999999,4.61984962406015,3.808270676691729,0.0
15912,177,2,264.62,13.927368421052632,9.736842105263158,0.0
15916,15,10,1502.86,9.633717948717948,4.788461538461538,0.0
15917,247,1,123.1,10.258333333333333,3.5,0.0
15918,190,2,334.23,8.35575,3.825,0.0
15919,19,2,525.69,4.308934426229508,3.1557377049180326,0.0
15920,153,4,167.5,2.7916666666666665,1.65,0.0
15921,172,1,323.03000000000003,13.459583333333335,6.75,0.0
15922,371,2,369.5,30.791666666666668,11.333333333333334,0.0
15923,372,1,127.08,6.051428571428572,5.809523809523809,0.0
15925,193,1,207.15,17.2625,7.75,0.0
15930,66,1,426.63,20.315714285714286,6.619047619047619,0.0
15932,3,11,2495.87,20.973697478991596,19.42016806722689,0.0
15933,20,3,1107.46,14.965675675675676,11.95945945945946,0.0
15935,238,2,416.86,34.73833333333334,9.583333333333334,0.0
15937,63,1,145.35,20.764285714285712,10.428571428571429,0.0
15938,111,5,404.58,22.476666666666667,13.333333333333334,0.0
15939,89,16,6115.01,79.41571428571429,61.36363636363637,0.0
15940,310,2,35.8,17.9,1.5,0.0
15942,133,1,337.44,24.102857142857143,16.571428571428573,0.0
15944,276,1,325.09999999999997,54.18333333333333,8.333333333333334,0.0
15945,364,1,181.0,90.5,26.0,0.0
15947,82,1,1708.24,58.9048275862069,30.96551724137931,0.0
15948,7,2,955.24,15.920666666666667,9.45,0.0
15949,16,2,364.71999999999997,19.195789473684208,14.947368421052632,0.0
15950,1,5,1744.71,17.105,6.980392156862745,0.0
15951,0,3,708.22,16.470232558139536,7.116279069767442,0.0
15952,33,4,781.91,9.30845238095238,4.654761904761905,0.0
15953,14,10,1657.28,16.2478431372549,8.666666666666666,0.0
15955,23,16,4416.26,23.871675675675675,11.481081081081081,0.0
15957,31,1,428.89,10.211666666666666,5.023809523809524,0.0
15958,73,1,104.35,14.907142857142857,4.714285714285714,0.0
15963,19,2,470.76,16.812857142857144,10.642857142857142,0.0
15965,16,4,808.87,7.287117117117117,3.90990990990991,0.0
15967,22,2,397.68,4.971,2.5625,0.0
15969,2,4,666.1,31.719047619047622,5.714285714285714,0.0
15970,303,1,314.09999999999997,28.55454545454545,10.545454545454545,0.0
15971,17,12,4199.85,119.9957142857143,49.05714285714286,0.0
15973,235,3,307.82,51.303333333333335,14.5,0.0
15974,38,8,3442.15,19.447175141242937,12.745762711864407,0.0
15975,83,1,371.01,15.45875,10.125,0.0
15976,164,2,427.64,4.454583333333333,2.8645833333333335,0.0
15977,16,2,1054.73,16.226615384615386,15.63076923076923,0.0
15978,76,1,1098.78,22.42408163265306,18.122448979591837,0.0
15980,88,3,2398.86,55.78744186046512,36.27906976744186,0.0
15981,24,8,3408.48,35.13896907216495,19.237113402061855,0.0
15983,21,4,1465.12,13.081428571428571,7.910714285714286,0.0
15984,2,11,2780.63,10.572737642585551,6.863117870722434,0.0
15985,122,3,1142.42,30.06368421052632,22.0,0.0
15986,29,1,168.12,12.008571428571429,19.142857142857142,0.0
15987,11,7,1432.77,11.193515625,11.9765625,0.0
15988,18,1,156.78,6.03,6.923076923076923,0.0
15990,43,2,792.11,15.232884615384616,8.51923076923077,0.0
15992,3,1,41.989999999999995,13.996666666666664,5.666666666666667,0.0
15993,8,10,2777.67,5.041143375680581,3.680580762250454,0.0
15994,54,1,414.27,12.9459375,5.40625,0.0
15996,87,7,1032.58,8.06703125,2.953125,0.0
15998,36,6,3080.22,6.075384615384615,4.0,0.0
16000,2,3,12393.7,1377.0777777777778,567.7777777777778,0.0
16003,29,5,2735.37,26.556990291262135,11.504854368932039,0.0
16005,11,4,578.71,2.8791542288557217,1.3930348258706469,0.0
16006,210,1,101.4,12.675,10.5,0.0
16007,47,4,1693.81,4.445695538057743,3.643044619422572,0.0
16008,23,3,478.78,14.508484848484848,9.787878787878787,0.0
16009,21,4,972.11,11.855,4.463414634146342,0.0
16010,245,3,392.4,4.9670886075949365,2.5569620253164556,0.0
16011,7,16,3352.96,15.966476190476191,9.69047619047619,0.0
16012,34,3,1415.29,15.05627659574468,8.5,0.0
16013,3,54,37130.6,245.8980132450331,91.6887417218543,0.006622516556291391
16014,35,4,646.83,4.587446808510639,1.801418439716312,0.0
16015,3,4,704.55,3.8499999999999996,4.939890710382514,0.0
16016,2,10,1465.51,6.484557522123894,2.6548672566371683,0.0
16017,46,1,211.88,6.62125,3.1875,0.0
16018,38,2,408.9,14.603571428571428,6.785714285714286,0.0
16019,1,10,3786.24,22.946909090909088,9.993939393939394,0.0
16020,16,3,851.01,18.500217391304346,10.58695652173913,0.0
16022,259,1,602.63,8.48774647887324,3.591549295774648,0.0
16023,45,3,719.81,7.126831683168317,3.5445544554455446,0.0
16024,11,1,251.03,3.9846031746031745,6.301587301587301,0.0
16025,29,1,439.65999999999997,15.702142857142857,12.071428571428571,0.0
16026,42,1,236.09,7.3778125,7.59375,0.0
16027,91,7,934.62,54.97764705882353,67.41176470588235,0.0
16029,38,76,80850.84,299.44755555555554,124.56296296296296,0.022222222222222223
16030,309,1,331.24,11.422068965517242,9.758620689655173,0.0
16031,91,2,547.9,5.590816326530612,4.295918367346939,0.0
16033,5,27,8778.82,7.680507436570428,3.0673665791776026,0.0
16034,195,3,437.70000000000005,19.895454545454548,11.0,0.0
16036,86,2,758.9200000000001,13.798545454545456,13.018181818181818,0.0
16037,269,3,855.02,21.923589743589744,10.974358974358974,0.0
16038,7,4,471.78,16.849285714285713,8.607142857142858,0.0
16040,64,3,1313.55,20.20846153846154,10.523076923076923,0.0
16041,30,3,3166.4,527.7333333333333,264.0,0.0
16042,21,7,1177.47,15.911756756756757,9.905405405405405,0.0
16043,37,4,773.99,19.845897435897434,12.897435897435898,0.0
16045,119,4,1340.7,16.15301204819277,10.80722891566265,0.0
16048,85,3,256.44,28.493333333333332,15.88888888888889,0.0
16049,39,3,1074.81,3.5946822742474915,2.551839464882943,0.0
16050,173,1,137.9,13.790000000000001,27.8,0.0
16052,53,1,362.06,10.648823529411764,8.294117647058824,0.0
16053,32,2,1511.95,17.999404761904763,21.345238095238095,0.0
16054,144,1,783.9,11.198571428571428,5.428571428571429,0.0
16055,220,1,134.8,16.85,2.75,0.0
16056,44,1,650.75,9.859848484848484,5.2272727272727275,0.0
16057,3,10,2263.12,16.888955223880597,6.2164179104477615,0.0
16059,65,6,1453.16,8.163820224719101,3.601123595505618,0.0
16061,268,1,0.0,0.0,-1.0,0.0
16062,9,4,1153.62,18.0253125,12.5,0.0
16063,259,1,335.32,14.57913043478261,11.391304347826088,0.0
16065,364,1,367.14,5.02931506849315,3.1232876712328768,0.0
16066,16,5,1521.04,15.059801980198019,9.257425742574258,0.0
16070,21,2,852.15,25.82272727272727,13.848484848484848,0.0
16071,44,1,326.24,15.535238095238096,8.571428571428571,0.0
16072,287,1,584.3199999999999,25.405217391304344,6.086956521739131,0.0
16073,291,2,122.4,61.2,18.5,0.0
16076,2,11,2234.73,17.059007633587786,10.404580152671755,0.0
16078,283,1,79.2,79.2,16.0,0.0
16079,16,3,1352.0,64.38095238095238,41.142857142857146,0.0
16080,81,3,217.16,19.741818181818182,9.454545454545455,0.0
16081,55,5,2799.42,12.553452914798207,6.605381165919282,0.0
16083,100,2,1317.62,42.50387096774193,29.29032258064516,0.0
16084,298,1,436.18,11.47842105263158,5.684210526315789,0.0
16085,22,5,981.51,5.877305389221557,3.808383233532934,0.0
16086,58,6,1121.39,28.034750000000003,12.75,0.0
16091,154,2,315.06,17.503333333333334,8.555555555555555,0.0
16092,98,5,817.86,15.431320754716982,11.358490566037736,0.0
16093,106,1,17.0,17.0,20.0,0.0
16094,11,6,1078.23,16.092985074626867,9.447761194029852,0.0
16096,263,1,320.62,26.718333333333334,12.916666666666666,0.0
16097,239,1,185.04999999999998,18.505,8.7,0.0
16098,87,7,2005.6299999999999,29.934776119402983,9.149253731343284,0.0
16099,49,3,731.9,18.766666666666666,11.128205128205128,0.0
16101,8,3,1290.7,15.550602409638556,8.891566265060241,0.0
16102,41,3,1842.1399999999999,32.318245614035085,16.526315789473685,0.0
16103,6,6,1429.64,29.784166666666668,11.625,0.0
16104,61,1,298.21,10.650357142857143,4.357142857142857,0.0
16105,248,1,336.96,25.919999999999998,25.384615384615383,0.0
16106,65,1,108.38,18.063333333333333,12.333333333333334,0.0
16107,17,7,3204.16,103.36,37.935483870967744,0.0
16108,84,2,842.5,17.193877551020407,12.224489795918368,0.0
16109,218,2,611.88,33.99333333333333,34.0,0.0
16110,44,3,1320.95,3.8624269005847953,2.1052631578947367,0.0
16112,142,4,195.74,12.23375,35.875,0.0
16113,182,1,161.38,5.379333333333333,5.866666666666666,0.0
16114,170,1,135.75,16.96875,5.375,0.0
16115,9,8,1660.8799999999999,5.952974910394265,3.5627240143369177,0.0
16116,205,2,612.78,17.508,7.0285714285714285,0.0
16117,189,1,232.21,7.740333333333334,4.333333333333333,0.0
16119,7,2,423.36,26.46,15.0,0.0
16120,58,5,1309.14,40.910625,27.0625,0.0
16121,56,2,854.66,4.189509803921569,2.823529411764706,0.0
16122,72,4,684.42,18.011052631578945,29.68421052631579,0.0
16123,51,1,307.78,19.23625,10.625,0.0
16124,315,2,249.0,15.5625,2.5625,0.0
16125,366,1,289.35,22.25769230769231,9.538461538461538,0.0
16126,28,4,6287.77,53.741623931623934,18.162393162393162,0.0
16127,38,1,656.25,16.40625,8.075,0.0
16128,17,5,1880.22,21.126067415730336,11.101123595505618,0.0
16131,51,6,3506.54,44.95564102564102,23.102564102564102,0.0
16133,3,46,14589.039999999999,40.07978021978022,24.002747252747252,0.0
16134,21,3,618.09,16.265526315789476,9.394736842105264,0.0
16135,262,1,517.55,24.645238095238092,9.952380952380953,0.0
16136,59,3,709.38,19.172432432432434,11.891891891891891,0.0
16138,367,1,0.0,0.0,-1.0,0.0
16139,18,3,635.41,20.497096774193547,10.64516129032258,0.0
16140,52,4,725.18,19.599459459459457,19.64864864864865,0.0
16141,87,1,620.4,20.68,7.933333333333334,0.0
16142,249,1,535.34,14.46864864864865,11.405405405405405,0.0
16143,2,7,2424.94,20.55033898305085,7.771186440677966,0.0
16144,246,1,175.2,175.2,16.0,0.0
16145,8,18,3799.49,16.031603375527425,12.962025316455696,0.0
16146,156,3,734.13,25.314827586206896,14.724137931034482,0.0
16147,133,1,375.0,17.045454545454547,11.181818181818182,0.0
16148,295,1,76.32,76.32,72.0,0.0
16149,4,2,280.52,15.584444444444443,17.11111111111111,0.0
16150,38,10,2053.02,15.095735294117647,7.382352941176471,0.0
16152,268,1,1829.04,63.070344827586204,22.137931034482758,0.0
16153,49,5,1824.23,20.496966292134832,12.0561797752809,0.0
16156,8,13,3092.04,22.56963503649635,9.014598540145986,0.0
16157,15,4,656.6899999999999,34.56263157894737,18.105263157894736,0.0
16159,281,1,348.2,24.87142857142857,16.857142857142858,0.0
16160,63,4,1025.44,46.6109090909091,52.40909090909091,0.0
16161,1,26,5533.67,11.089519038076153,4.98997995991984,0.0
16162,251,1,37.4,18.7,2.0,0.0
16163,224,3,856.6,122.37142857142858,13.142857142857142,0.0
16164,16,4,822.48,23.49942857142857,12.342857142857143,0.0
16168,10,28,3787.6,38.25858585858586,19.07070707070707,0.0
16169,7,4,1822.97,21.44670588235294,15.588235294117647,0.0
16170,50,7,1885.05,14.84291338582677,13.905511811023622,0.0
16171,58,1,73.19999999999999,24.399999999999995,8.0,0.0
16172,94,5,1140.21,16.524782608695652,11.405797101449275,0.0
16173,15,7,1418.32,16.302528735632183,6.563218390804598,0.0
16174,125,3,1009.55,43.893478260869564,28.304347826086957,0.0
16175,93,4,1037.59,17.889482758620687,9.189655172413794,0.0
16177,49,1,331.95,22.13,6.333333333333333,0.0
16178,137,1,197.89999999999998,24.737499999999997,11.75,0.0
16179,60,1,215.83,19.62090909090909,9.0,0.0
16180,99,10,10254.18,58.26238636363637,33.25568181818182,0.0
16181,72,1,305.53999999999996,27.776363636363634,13.818181818181818,0.0
16182,71,4,6617.65,236.34464285714284,135.39285714285714,0.0
16183,66,1,338.71000000000004,22.58066666666667,7.533333333333333,0.0
16184,63,7,1158.79,25.191086956521737,12.173913043478262,0.0
16185,16,2,529.41,17.07774193548387,8.387096774193548,0.0
16186,22,13,4006.94,18.296529680365296,13.735159817351597,0.0
16187,31,17,6911.44,23.27084175084175,16.848484848484848,0.0
16188,44,4,981.86,14.654626865671641,11.671641791044776,0.0
16189,15,2,215.48,19.58909090909091,12.181818181818182,0.0
16190,39,1,215.07999999999998,35.846666666666664,14.666666666666666,0.0
16191,2,25,5180.5199999999995,34.30807947019867,21.211920529801326,0.0
16193,236,1,314.45,16.55,11.526315789473685,0.0
16198,74,1,400.68,26.712,8.6,0.0
16200,3,2,1068.87,6.214360465116278,3.0,0.0
16201,2,5,1863.47,16.20408695652174,11.017391304347827,0.0
16202,360,1,365.27,20.292777777777776,10.61111111111111,0.0
16203,58,5,592.9,16.469444444444445,7.25,0.0
16204,22,1,384.18,7.6836,4.36,0.0
16205,30,4,757.63,7.810618556701031,5.319587628865979,0.0
16206,54,4,537.06,8.524761904761904,4.317460317460317,0.0
16207,24,1,394.38,20.756842105263157,7.368421052631579,0.0
16208,44,2,664.26,10.064545454545454,5.045454545454546,0.0
16209,88,5,2262.62,49.18739130434783,25.630434782608695,0.0
16210,1,18,21086.3,171.43333333333334,61.45528455284553,0.0
16211,80,2,547.02,22.7925,6.375,0.0
16212,18,3,690.34,16.054418604651165,5.604651162790698,0.0
16213,78,1,159.0,26.5,8.0,0.0
16214,170,3,1062.75,24.15340909090909,9.545454545454545,0.0
16215,80,1,242.35,17.310714285714287,7.428571428571429,0.0
16216,266,1,914.93,24.727837837837836,6.864864864864865,0.0
16217,234,4,304.25,16.013157894736842,4.0,0.0
16218,29,8,3084.68,34.27422222222222,23.07777777777778,0.0
16221,36,3,860.86,9.061684210526316,7.515789473684211,0.0
16222,317,1,773.55,6.340573770491803,2.6639344262295084,0.0
16224,56,4,1295.3,13.492708333333333,11.625,0.0
16225,44,5,1096.32,8.181492537313432,3.6791044776119404,0.0
16226,202,3,255.12,31.89,24.0,0.0
16227,218,2,314.22,44.88857142857143,12.571428571428571,0.0
16229,86,2,1010.6,21.50212765957447,6.76595744680851,0.0
16230,189,2,542.03,15.486571428571429,10.428571428571429,0.0
16232,32,5,990.88,26.07578947368421,14.394736842105264,0.0
16233,70,5,536.68,21.4672,6.6,0.0
16235,40,6,867.31,18.06895833333333,6.833333333333333,0.0
16236,77,1,432.2,21.61,9.2,0.0
16239,56,3,414.2,19.723809523809525,10.380952380952381,0.0
16240,7,5,3718.8,26.1887323943662,11.507042253521126,0.0
16241,9,13,2590.31,3.9546717557251907,2.2030534351145037,0.0
16242,7,8,3579.86,12.217952218430035,6.716723549488054,0.0
16243,33,2,409.1,8.02156862745098,2.156862745098039,0.0
16244,211,2,1522.75,16.733516483516482,9.395604395604396,0.0
16245,23,5,1413.66,15.200645161290323,10.838709677419354,0.0
16247,169,1,114.56,7.16,11.375,0.0
16248,61,1,152.94,21.84857142857143,11.142857142857142,0.0
16249,52,5,1800.07,26.08797101449275,13.768115942028986,0.0
16250,260,2,389.44,16.226666666666667,8.666666666666666,0.0
16252,365,1,0.0,0.0,-7.523809523809524,0.0
16253,31,3,3683.86,29.708548387096776,25.298387096774192,0.0
16255,16,10,2619.91,9.561715328467153,6.423357664233577,0.0
16256,257,2,752.4300000000001,53.745000000000005,41.214285714285715,0.0
16257,176,1,46.95,23.475,1.0,0.0
16258,44,5,5203.51,38.54451851851852,22.177777777777777,0.0
16260,50,1,1035.45,57.525000000000006,17.27777777777778,0.0
16261,16,4,728.54,6.122184873949579,2.5294117647058822,0.0
16262,360,1,0.0,0.0,-1.6666666666666667,0.0
16265,8,11,5447.0,20.95,10.103846153846154,0.0
16266,73,7,861.89,14.129344262295081,6.524590163934426,0.0
16268,70,2,667.65,14.836666666666666,11.844444444444445,0.0
16270,352,1,1141.24,21.134074074074075,12.74074074074074,0.0
16271,2,6,1404.64,10.722442748091604,7.809160305343512,0.0
16272,116,1,411.7,16.468,8.96,0.0
16274,372,1,351.75,5.411538461538462,2.353846153846154,0.0
16275,196,1,559.87,16.965757575757575,10.181818181818182,0.0
16276,176,1,810.5999999999999,135.1,70.0,0.0
16278,22,3,566.38,22.6552,4.36,0.0
16279,20,4,1502.78,13.91462962962963,9.666666666666666,0.0
16281,71,1,2062.06,121.29764705882353,54.94117647058823,0.0
16282,339,1,168.3,15.3,10.363636363636363,0.0
16283,5,7,1570.81,9.350059523809524,7.273809523809524,0.0
16284,30,2,812.68,7.89009708737864,5.194174757281553,0.0
16287,169,1,142.5,17.8125,37.25,0.0
16292,116,2,302.25,15.907894736842104,9.894736842105264,0.0
16293,8,12,2248.99,18.74158333333333,8.15,0.0
16295,9,4,1328.55,16.817088607594936,10.645569620253164,0.0
16297,212,4,301.9,13.126086956521737,7.826086956521739,0.0
16298,22,3,598.2,22.15555555555556,7.333333333333333,0.0
16302,107,2,233.22,19.435,11.166666666666666,0.0
16303,25,4,5360.63,32.099580838323355,15.694610778443113,0.0
16305,138,1,361.22,16.41909090909091,11.636363636363637,0.0
16306,213,9,632.27,14.369772727272727,10.704545454545455,0.0
16308,37,4,2560.0,640.0,2000.0,0.0
16309,91,3,706.5699999999999,16.05840909090909,10.568181818181818,0.0
16311,17,2,616.26,16.655675675675674,10.64864864864865,0.0
16313,2,2,274.15,17.134375,10.3125,0.0
16315,330,1,226.37,16.169285714285714,5.357142857142857,0.0
16316,63,12,2938.91,18.839166666666667,9.397435897435898,0.0
16317,119,3,1341.65,19.444202898550724,12.898550724637682,0.0
16318,34,1,328.15,17.271052631578947,10.473684210526315,0.0
16319,217,1,404.40000000000003,134.8,24.0,0.0
16320,171,2,1038.46,18.543928571428573,13.071428571428571,0.0
16321,71,7,373.65,23.353125,4.875,0.0
16322,0,2,326.75,8.83108108108108,6.243243243243243,0.0
16323,195,1,207.5,207.5,50.0,0.0
16324,127,3,408.59,3.6809909909909906,2.4324324324324325,0.0
16325,43,5,594.24,29.712,8.2,0.0
16326,5,15,3039.22,10.097076411960133,2.1993355481727574,0.0
16327,13,6,3820.27,12.051324921135647,8.07570977917981,0.0
16330,17,4,251.91,6.144146341463415,3.5365853658536586,0.0
16332,27,8,1582.8,10.413157894736841,5.190789473684211,0.0
16333,7,22,26626.8,591.7066666666667,715.2,0.0
16337,36,1,151.05,15.105,8.7,0.0
16338,156,1,214.8,19.527272727272727,8.545454545454545,0.0
16339,283,1,94.05,5.225,1.1666666666666667,0.0
16340,106,1,534.31,3.789432624113475,3.4468085106382977,0.0
16341,24,6,1971.87,23.474642857142857,16.523809523809526,0.0
16342,74,4,322.41,21.494000000000003,10.466666666666667,0.0
16343,15,2,328.58,7.641395348837209,4.069767441860465,0.0
16344,157,1,101.10000000000001,50.550000000000004,9.0,0.0
16345,43,1,565.46,15.282702702702704,7.783783783783784,0.0
16347,10,2,847.45,9.97,4.011764705882353,0.0
16348,31,7,1415.65,6.376801801801802,3.626126126126126,0.0
16349,290,1,53.5,5.944444444444445,1.0,0.0
16350,20,5,1116.47,18.607833333333335,9.033333333333333,0.0
16351,332,1,153.9,19.2375,11.25,0.0
16352,17,2,494.44,17.658571428571427,10.714285714285714,0.0
16353,3,23,6675.71,71.0181914893617,21.340425531914892,0.0
16354,62,2,395.8,10.148717948717948,3.8461538461538463,0.0
16356,197,4,211.77,6.6178125,2.875,0.0
16357,32,3,658.88,19.378823529411765,7.235294117647059,0.0
16358,0,5,2027.5,18.431818181818183,11.827272727272728,0.0
16359,6,12,1750.92,25.013142857142856,16.485714285714284,0.0
16360,4,8,3450.41,5.349472868217054,3.2465116279069766,0.0
16361,9,4,891.21,8.569326923076924,4.019230769230769,0.0
16362,31,9,709.99,8.255697674418604,3.6511627906976742,0.0
16363,52,1,109.36,21.872,10.4,0.0
16364,11,2,705.79,13.572884615384615,5.365384615384615,0.0
16365,17,9,1540.42,30.2043137254902,9.882352941176471,0.0
16366,18,1,327.3,18.183333333333334,14.222222222222221,0.0
16367,36,2,800.67,6.304488188976378,5.062992125984252,0.0
16368,1,2,479.90999999999997,6.955217391304347,3.63768115942029,0.0
16369,17,3,1545.41,13.20863247863248,8.803418803418804,0.0
16370,81,4,1301.91,5.890995475113122,2.8959276018099547,0.0
16372,32,2,355.73,3.866630434782609,1.7173913043478262,0.0
16374,65,2,466.73,4.281926605504587,2.1743119266055047,0.0
16376,8,3,974.96,7.79968,5.488,0.0
16377,266,1,676.2,135.24,300.0,0.0
16378,246,3,362.95,15.780434782608696,11.608695652173912,0.0
16379,3,5,2157.4,19.792660550458717,12.917431192660551,0.0
16380,60,1,1743.1499999999999,56.23064516129032,46.064516129032256,0.0
16383,74,2,643.76,6.568979591836735,4.76530612244898,0.0
16384,89,2,584.5,17.71212121212121,7.878787878787879,0.0
16385,59,3,554.86,9.734385964912281,4.526315789473684,0.0
16386,28,2,302.57,3.735432098765432,2.5308641975308643,0.0
16387,322,1,94.36,23.59,11.0,0.0
16389,52,5,1382.07,39.48771428571428,35.142857142857146,0.0
16392,269,1,217.89000000000001,5.0672093023255815,4.674418604651163,0.0
16393,1,20,3040.96,8.566084507042254,4.298591549295774,0.0
16394,49,9,1555.34,15.5534,23.17,0.0
16395,60,5,1482.06,7.194466019417476,7.145631067961165,0.0
16398,144,4,1705.8,19.834883720930232,8.662790697674419,0.0
16399,18,2,408.02,5.666944444444444,3.6527777777777777,0.0
16400,94,1,303.93,10.480344827586206,5.931034482758621,0.0
16401,0,20,4098.32,20.698585858585858,19.484848484848484,0.0
16402,264,2,293.45,5.148245614035088,2.56140350877193,0.0
16403,301,2,177.5,11.833333333333334,6.866666666666666,0.0
16404,69,1,443.05,19.26304347826087,6.826086956521739,0.0
16405,301,2,167.25,33.45,37.4,0.0
16406,18,1,154.35,2.661206896551724,2.0,0.0
16407,12,10,2079.68,12.379047619047618,6.505952380952381,0.0
16409,35,5,2022.98,8.757489177489177,5.645021645021645,0.0
16411,18,2,211.70000000000002,4.8113636363636365,2.977272727272727,0.0
16412,53,1,135.99,4.533,2.1,0.0
16413,56,1,262.2,8.458064516129031,4.774193548387097,0.0
16414,21,2,126.25,18.035714285714285,3.857142857142857,0.0
16415,43,1,200.27,4.2610638297872345,3.7872340425531914,0.0
16416,26,4,1051.4,14.402739726027399,8.972602739726028,0.0
16418,44,3,631.12,6.643368421052632,2.9473684210526314,0.0
16419,112,7,958.71,18.79823529411765,8.372549019607844,0.0
16422,16,75,34684.4,86.92832080200502,81.6842105263158,0.010025062656641603
16423,24,1,346.12,19.22888888888889,12.777777777777779,0.0
16424,190,2,133.56,22.26,13.666666666666666,0.0
16425,301,1,302.7,14.414285714285715,9.476190476190476,0.0
16426,1,10,1863.76,5.279773371104816,3.441926345609065,0.0
16427,262,2,241.06,26.784444444444446,17.333333333333332,0.0
16428,80,1,0.0,0.0,-1.0,0.0
16429,105,1,284.55,142.275,4.5,0.0
16430,56,1,300.85,50.14166666666667,17.166666666666668,0.0
16431,212,3,623.28,8.201052631578946,5.815789473684211,0.0
16432,63,1,287.40000000000003,35.925000000000004,34.5,0.0
16433,27,1,184.26,10.838823529411764,6.235294117647059,0.0
16434,28,7,1511.8,14.128971962616822,7.102803738317757,0.0
16438,5,5,798.35,6.04810606060606,3.507575757575758,0.0
16440,7,5,3640.67,12.91017730496454,7.156028368794326,0.0
16441,66,2,381.2,15.883333333333333,7.208333333333333,0.0
16442,1,3,609.3,3.563157894736842,2.590643274853801,0.0
16444,45,5,654.67,7.612441860465116,4.709302325581396,0.0
16445,33,1,230.51,3.658888888888889,1.7619047619047619,0.0
16446,0,3,168472.5,42118.125,0.5,0.0
16447,135,1,255.91,7.526764705882353,6.5,0.0
16448,197,1,182.99,9.631052631578948,4.0,0.0
16449,190,3,707.69,16.457906976744187,8.348837209302326,0.0
16450,149,1,311.92,28.35636363636364,18.181818181818183,0.0
16451,87,1,266.96999999999997,19.069285714285712,8.571428571428571,0.0
16454,44,3,6.9,2.3000000000000003,0.6666666666666666,0.0
16455,63,7,1841.18,18.59777777777778,9.97979797979798,0.0
16456,98,5,2158.18,19.61981818181818,10.427272727272728,0.0
16457,217,1,208.36,23.151111111111113,15.555555555555555,0.0
16458,2,18,3482.7400000000002,17.241287128712873,10.663366336633663,0.0
16460,27,3,811.23,6.145681818181818,6.636363636363637,0.0
16461,177,1,142.92,4.46625,1.5,0.0
16462,63,4,136.0,34.0,3.0,0.0
16463,20,7,1422.4,16.734117647058824,13.352941176470589,0.0
16464,19,3,1298.66,5.646347826086957,4.139130434782609,0.0
16466,33,7,1595.96,10.931232876712329,5.376712328767123,0.0
16468,73,1,74.9,37.45,15.5,0.0
16469,23,4,625.42,3.6574269005847952,1.5204678362573099,0.0
16470,51,5,752.77,4.562242424242424,3.1575757575757577,0.0
16471,274,1,223.95,17.226923076923075,10.846153846153847,0.0
16473,164,4,316.11,16.63736842105263,10.263157894736842,0.0
16474,6,11,1810.65,5.248260869565217,2.56231884057971,0.0
16475,87,4,544.3,19.439285714285713,11.392857142857142,0.0
16477,63,7,2494.46,17.085342465753424,9.691780821917808,0.0
16478,24,3,331.0,19.470588235294116,13.176470588235293,0.0
16479,9,2,300.83,8.595142857142857,2.914285714285714,0.0
16480,75,1,769.29,14.514905660377357,8.584905660377359,0.0
16482,15,1,220.62,12.256666666666668,19.22222222222222,0.0
16483,191,1,139.35,7.334210526315789,2.3157894736842106,0.0
16484,173,3,404.3,15.55,7.461538461538462,0.0
16485,76,1,363.65,8.658333333333333,5.595238095238095,0.0
16488,32,4,498.8,16.09032258064516,23.35483870967742,0.0
16491,46,1,731.5,18.756410256410255,12.256410256410257,0.0
16493,72,6,1351.6299999999999,21.80048387096774,17.951612903225808,0.0
16494,296,1,826.53,16.5306,13.5,0.0
16495,2,3,648.26,7.366590909090909,3.727272727272727,0.0
16496,8,4,1599.52,16.489896907216494,11.24742268041237,0.0
16497,49,6,2965.69,21.80654411764706,10.264705882352942,0.0
16498,160,3,100.97,6.310625,2.625,0.0
16499,359,5,365.45,16.611363636363635,5.545454545454546,0.0
16500,4,6,400.86,36.441818181818185,11.181818181818182,0.0
16503,106,5,1431.93,16.650348837209304,6.593023255813954,0.0
16504,24,1,465.88,5.613012048192771,6.144578313253012,0.0
16505,31,1,777.5999999999999,194.39999999999998,144.0,0.0
16506,19,2,90.3,30.099999999999998,14.0,0.0
16509,296,1,363.7,27.976923076923075,4.923076923076923,0.0
16510,371,1,248.1,19.084615384615383,7.076923076923077,0.0
16511,21,3,918.33,5.7756603773584905,2.547169811320755,0.0
16513,4,4,874.59,24.988285714285716,11.628571428571428,0.0
16515,51,5,1624.14,14.631891891891893,7.441441441441442,0.0
16516,29,1,101.69999999999999,16.95,9.666666666666666,0.0
16517,276,1,162.70000000000002,9.57058823529412,5.647058823529412,0.0
16518,60,3,484.32,11.531428571428572,7.738095238095238,0.0
16519,24,2,215.07999999999998,16.544615384615383,4.153846153846154,0.0
16520,185,4,1046.57,6.666050955414012,3.5477707006369426,0.0
16523,1,28,9418.47,31.605604026845636,14.204697986577182,0.0
16525,1,29,13027.45,65.13725000000001,32.465,0.0
16526,171,1,290.36,19.357333333333333,7.066666666666666,0.0
16527,80,1,228.06,16.29,7.571428571428571,0.0
16528,3,1,244.41,14.377058823529412,10.058823529411764,0.0
16529,189,1,455.25,15.175,6.6,0.0
16531,21,7,1244.59,16.163506493506492,11.883116883116884,0.0
16532,17,3,6748.8,1687.2,504.0,0.0
16533,18,5,1082.81,6.015611111111111,2.85,0.0
16535,4,1,593.75,19.153225806451612,11.483870967741936,0.0
16536,106,2,548.12,9.965818181818182,4.527272727272727,0.0
16539,2,4,1388.81,30.862444444444442,10.6,0.0
16542,53,1,119.62,23.924,9.2,0.0
16545,164,1,339.3,113.10000000000001,26.0,0.0
16546,290,3,787.15,25.391935483870967,-9.774193548387096,0.0
16549,9,10,4034.9,4.362054054054054,2.48,0.0
16550,108,9,2298.97,8.80831417624521,5.846743295019157,0.0
16551,95,3,922.12,28.81625,30.3125,0.0
16552,242,2,379.73,22.337058823529414,12.882352941176471,0.0
16553,162,14,5719.82,66.50953488372093,53.43023255813954,0.0
16554,2,7,837.1,11.312162162162162,4.202702702702703,0.0
16555,34,2,285.89,16.81705882352941,10.294117647058824,0.0
16556,66,7,3313.79,16.008647342995168,9.130434782608695,0.0
16557,23,2,281.85,25.622727272727275,10.090909090909092,0.0
16558,0,24,8338.49,17.59175105485232,11.278481012658228,0.0
16560,20,3,841.41,14.76157894736842,8.666666666666666,0.0
16561,5,2,511.12,16.48774193548387,7.870967741935484,0.0
16563,53,1,1077.74,56.72315789473684,25.57894736842105,0.0
16565,363,1,173.7,57.9,15.333333333333334,0.0
16566,14,6,614.66,32.35052631578947,19.0,0.0
16567,193,2,865.6,24.731428571428573,28.457142857142856,0.0
16569,2,1,124.2,24.84,18.6,0.0
16570,8,15,3738.4,28.10827067669173,15.413533834586467,0.0
16571,2,5,1421.69,13.412169811320755,11.09433962264151,0.0
16572,126,4,1009.6,17.406896551724138,9.137931034482758,0.0
16573,73,4,663.61,14.426304347826088,7.695652173913044,0.0
16574,70,1,451.44,16.122857142857143,14.857142857142858,0.0
16579,364,1,0.0,0.0,-12.0,0.0
16581,154,2,105.84,9.621818181818183,11.090909090909092,0.0
16582,112,1,313.62,52.27,27.333333333333332,0.0
16583,373,1,233.45,16.675,7.928571428571429,0.0
16584,79,3,936.08,30.196129032258067,20.483870967741936,0.0
16586,248,1,463.95,57.99375,11.875,0.0
16587,231,1,225.15,17.31923076923077,5.461538461538462,0.0
16589,70,3,459.24,13.916363636363636,11.151515151515152,0.0
16591,68,1,213.5,21.35,4.1,0.0
16592,3,19,4113.68,18.53009009009009,13.126126126126126,0.0
16593,50,3,330.03,12.223333333333333,4.296296296296297,0.0
16594,74,1,181.09,3.416792452830189,1.2075471698113207,0.0
16595,60,1,360.16,4.237176470588236,3.9411764705882355,0.0
16596,15,2,250.15,20.845833333333335,8.083333333333334,0.0
16597,3,1,90.03999999999999,12.862857142857141,26.285714285714285,0.0
16598,276,2,145.05,13.186363636363637,6.363636363636363,0.0
16600,3,6,813.52,13.121290322580645,18.467741935483872,0.0
16601,40,1,242.7,8.09,4.433333333333334,0.0
16602,30,2,528.08,16.5025,9.90625,0.0
16603,74,2,482.46999999999997,14.190294117647058,14.117647058823529,0.0
16607,17,16,3347.71,19.23971264367816,16.2183908045977,0.0
16609,14,9,5493.46,19.6195,8.607142857142858,0.0
16610,218,1,75.66,12.61,11.0,0.0
16611,185,2,129.49,11.771818181818183,4.181818181818182,0.0
16612,32,4,1187.66,17.994848484848486,7.666666666666667,0.0
16613,69,1,618.59,20.619666666666667,9.766666666666667,0.0
16614,182,1,506.19,19.468846153846155,8.576923076923077,0.0
16616,14,2,500.42,15.164242424242424,11.212121212121213,0.0
16617,235,1,151.85,30.369999999999997,18.2,0.0
16618,30,6,2647.59,27.29474226804124,14.041237113402062,0.0
16619,253,2,226.21,14.138125,8.0625,0.0
16620,3,2,178.96,19.884444444444444,9.777777777777779,0.0
16621,51,4,813.48,28.05103448275862,10.413793103448276,0.0
16623,245,1,129.45,25.889999999999997,7.8,0.0
16624,80,2,810.57,16.886875,10.166666666666666,0.0
16625,274,1,333.08,14.481739130434782,7.130434782608695,0.0
16626,0,20,4413.1,23.984239130434784,14.51086956521739,0.0
16627,78,1,322.8,16.14,8.1,0.0
16628,29,6,2188.05,18.386974789915968,10.100840336134453,0.0
16629,73,2,408.63,6.8105,8.15,0.0
16633,16,7,2883.1,18.8437908496732,7.431372549019608,0.0
16634,222,2,217.9,24.211111111111112,9.11111111111111,0.0
16637,31,5,1154.47,16.034305555555555,12.375,0.0
16638,22,11,1680.72,17.69178947368421,13.2,0.0
16639,24,4,1257.51,24.182884615384616,9.673076923076923,0.0
16641,105,1,231.1,19.258333333333333,21.333333333333332,0.0
16642,4,3,688.33,19.66657142857143,13.657142857142857,0.0
16643,245,1,487.51,18.055925925925926,9.962962962962964,0.0
16644,177,2,833.78,13.448064516129032,13.32258064516129,0.0
16647,169,2,214.06,15.290000000000001,10.428571428571429,0.0
16648,38,2,290.66,13.840952380952382,12.80952380952381,0.0
16650,71,1,518.42,21.60083333333333,15.5,0.0
16652,53,11,6773.97,55.0729268292683,26.5609756097561,0.0
16653,15,3,1212.66,15.956052631578949,9.513157894736842,0.0
16654,140,5,601.27,19.395806451612902,9.03225806451613,0.0
16655,17,6,3789.52,14.688062015503876,9.15891472868217,0.0
16656,21,21,8625.8,107.82249999999999,110.9125,0.0
16657,9,4,874.43,4.554322916666666,5.885416666666667,0.0
16658,367,1,123.24,15.405,5.0,0.0
16659,188,1,39.12,19.56,36.0,0.0
16660,15,5,1267.65,74.56764705882354,26.529411764705884,0.0
16665,361,1,135.4,15.044444444444444,6.555555555555555,0.0
16666,18,1,118.98,3.718125,7.28125,0.0
16667,67,2,567.1800000000001,10.907307692307693,4.538461538461538,0.0
16668,14,6,306.72,15.336000000000002,15.9,0.0
16669,23,4,1348.8799999999999,8.591592356687897,5.579617834394904,0.0
16670,16,17,4095.9,15.63320610687023,9.633587786259541,0.0
16671,27,3,1692.27,282.045,145.83333333333334,0.0
16672,1,23,8134.94,69.52940170940171,24.034188034188034,0.008547008547008548
16674,54,2,304.24,3.2713978494623657,1.946236559139785,0.0
16676,33,5,1592.12,17.305652173913042,6.858695652173913,0.0
16678,2,17,3109.99,18.29405882352941,13.929411764705883,0.0
16679,365,1,129.75,43.25,9.666666666666666,0.0
16680,42,1,183.7,18.369999999999997,9.4,0.0
16681,72,6,1770.34,40.235,31.977272727272727,0.0
16682,4,5,1028.0,34.266666666666666,34.666666666666664,0.0
16684,3,31,66653.56,237.20128113879002,175.76512455516016,0.0035587188612099642
16685,60,2,324.24,5.2296774193548385,6.387096774193548,0.0
16686,46,9,2959.88,5.411115173674589,3.6051188299817185,0.0
16688,0,4,1260.8600000000001,20.33645161290323,12.96774193548387,0.0
16689,75,3,422.6,26.4125,10.5,0.0
16690,43,3,225.58,17.352307692307694,10.538461538461538,0.0
16692,255,2,1276.0,425.3333333333333,50.666666666666664,0.0
16693,68,2,477.86,8.099322033898305,3.440677966101695,0.0
16696,134,4,657.9,65.78999999999999,14.6,0.0
16697,240,1,112.75,5.369047619047619,1.2857142857142858,0.0
16698,226,2,1998.0,399.6,168.0,0.0
16700,8,17,5076.55,16.27099358974359,12.881410256410257,0.0
16701,8,18,5398.3,35.05389610389611,40.33116883116883,0.0
16705,0,29,14034.99,49.41897887323944,19.218309859154928,0.0
16706,36,3,531.35,4.319918699186992,2.024390243902439,0.0
16708,45,1,656.63,24.31962962962963,10.555555555555555,0.0
16709,84,5,3029.87,38.35278481012658,10.772151898734178,0.0
16710,18,10,2467.99,6.263934010152283,4.626903553299492,0.0
16711,2,5,1651.03,75.04681818181818,37.86363636363637,0.0
16712,8,11,3611.31,8.245,3.949771689497717,0.0
16713,18,21,6910.78,11.021977671451355,6.7926634768740035,0.0
16714,218,4,1129.06,12.830227272727273,6.670454545454546,0.0
16715,77,1,301.71999999999997,15.879999999999999,33.78947368421053,0.0
16716,266,3,901.2,300.40000000000003,14.666666666666666,0.0
16717,8,9,3843.08,16.353531914893615,6.646808510638298,0.0
16718,368,1,606.05,13.773863636363636,9.25,0.0
16719,14,8,1770.22,8.94050505050505,5.924242424242424,0.0
16720,25,1,152.95,6.117999999999999,7.2,0.0
16721,261,1,292.47,7.904594594594595,4.648648648648648,0.0
16722,16,16,4730.81,20.749166666666667,21.88157894736842,0.0
16723,90,2,576.4,13.723809523809523,9.476190476190476,0.0
16725,301,8,758.27,5.193630136986301,1.9657534246575343,0.0
16726,25,5,1358.74,7.633370786516854,5.308988764044944,0.0
16727,363,1,256.32,5.825454545454545,3.7954545454545454,0.0
16728,45,4,1048.28,3.9858555133079845,2.5513307984790874,0.0
16729,35,26,7205.33,10.851400602409639,8.596385542168674,0.0
16730,51,4,743.11,8.84654761904762,10.69047619047619,0.0
16732,31,1,603.75,21.5625,11.321428571428571,0.0
16734,51,3,646.76,12.437692307692307,6.634615384615385,0.0
16735,78,7,2247.41,18.88579831932773,12.714285714285714,0.0
16737,52,1,417.6,417.6,288.0,0.0
16738,297,1,3.75,3.75,3.0,0.0
16739,171,2,323.0,20.1875,10.5625,0.0
16742,46,2,464.9,116.225,-47.25,0.0
16743,28,8,2213.13,11.52671875,10.40625,0.0
16744,10,7,1291.91,5.4741949152542375,3.3813559322033897,0.0
16745,86,18,7180.7,20.17050561797753,18.85112359550562,0.0
16746,4,19,6680.11,14.944317673378075,10.41834451901566,0.0
16747,24,4,836.06,18.57911111111111,12.822222222222223,0.0
16748,17,5,1515.9,21.969565217391306,12.753623188405797,0.0
16750,44,5,623.9300000000001,6.567684210526316,2.2526315789473683,0.0
16751,30,1,1764.72,70.5888,41.24,0.0
16752,372,1,207.5,23.055555555555557,6.0,0.0
16753,57,1,223.92000000000002,6.5858823529411765,5.5588235294117645,0.0
16754,371,1,2002.4,1001.2,2140.0,0.0
16755,113,5,1475.43,8.628245614035087,6.152046783625731,0.0
16756,214,1,239.4,18.415384615384617,8.153846153846153,0.0
16757,318,1,106.83,15.26142857142857,11.571428571428571,0.0
16758,64,1,369.34,16.788181818181815,9.227272727272727,0.0
16759,7,4,789.79,18.36720930232558,14.13953488372093,0.0
16761,96,1,316.62,24.355384615384615,26.23076923076923,0.0
16762,19,3,1207.24,19.162539682539684,7.619047619047619,0.0
16763,184,2,611.85,25.493750000000002,13.25,0.0
16764,3,18,2790.95,3.9198735955056176,1.7429775280898876,0.0
16765,293,1,34.0,34.0,4.0,0.0
16766,272,2,1145.6,33.69411764705882,15.764705882352942,0.0
16767,30,11,5575.56,25.22877828054299,20.013574660633484,0.0
16768,47,5,478.09000000000003,8.242931034482758,3.293103448275862,0.0
16769,259,1,361.54,9.51421052631579,2.1052631578947367,0.0
16770,57,6,757.1,5.369503546099291,3.148936170212766,0.0
16771,32,5,2242.61,8.829173228346457,5.854330708661418,0.0
16773,56,1,171.59,6.599615384615385,6.576923076923077,0.0
16774,67,5,661.52,13.500408163265305,6.489795918367347,0.0
16775,9,11,1691.51,10.773949044585986,2.7961783439490446,0.0
16776,59,1,371.54,5.232957746478873,3.5774647887323945,0.0
16777,79,2,222.62,4.6379166666666665,1.2916666666666667,0.0
16778,73,2,245.94,15.37125,12.125,0.0
16779,1,28,10611.72,31.028421052631575,15.239766081871345,0.0
16780,99,2,422.24,7.156610169491525,4.576271186440678,0.0
16781,364,2,311.25,16.38157894736842,5.842105263157895,0.0
16782,9,19,2267.95,11.936578947368421,3.663157894736842,0.0
16784,19,1,107.6,35.86666666666667,8.0,0.0
16788,122,2,594.39,4.016148648648649,2.054054054054054,0.0
16789,7,1,80.8,16.16,6.4,0.0
16790,3,8,1545.6200000000001,16.269684210526318,9.389473684210527,0.0
16791,28,8,1705.78,5.398037974683544,2.382911392405063,0.0
16792,281,2,110.38,9.198333333333332,3.6666666666666665,0.0
16793,56,1,243.84,15.24,9.125,0.0
16794,0,12,1196.5,4.273214285714285,3.282142857142857,0.0
16795,364,1,414.88,6.286060606060606,3.621212121212121,0.0
16796,88,1,305.62,16.97888888888889,10.333333333333334,0.0
16800,10,1,1162.65,7.452884615384616,3.358974358974359,0.0
16801,162,5,1594.23,13.28525,2.558333333333333,0.0
16803,64,1,332.3,13.845833333333333,10.208333333333334,0.0
16804,22,3,536.99,8.949833333333334,4.1,0.0
16805,173,2,460.59,4.699897959183673,5.5,0.0
16806,102,4,762.16,8.195268817204301,3.827956989247312,0.0
16807,142,3,1121.59,16.740149253731342,11.611940298507463,0.0
16808,98,2,288.42,12.540000000000001,8.521739130434783,0.0
16809,22,6,914.69,6.097933333333334,4.34,0.0
16810,191,2,309.54,19.34625,7.0,0.0
16811,4,2,547.0699999999999,19.538214285714282,17.035714285714285,0.0
16812,360,1,479.35,31.956666666666667,5.4,0.0
16813,7,10,1652.18,3.878356807511737,3.523474178403756,0.0
16814,13,22,6416.7,20.0521875,8.425,0.0
16816,102,4,417.06,14.895,9.785714285714286,0.0
16817,2,13,1604.75,16.892105263157895,8.021052631578947,0.0
16818,10,13,3349.57,17.629315789473686,11.378947368421052,0.0
16820,95,1,497.61,19.138846153846153,11.807692307692308,0.0
16823,226,1,358.38,9.431052631578947,3.5789473684210527,0.0
16824,15,2,460.64,17.716923076923077,9.076923076923077,0.0
16825,38,2,775.18,27.685,20.214285714285715,0.0
16826,50,1,341.7,15.531818181818181,7.181818181818182,0.0
16828,92,2,128.5,16.0625,7.375,0.0
16829,156,1,197.22,17.92909090909091,9.0,0.0
16830,38,1,325.91,14.170000000000002,11.478260869565217,0.0
16832,183,3,199.15,16.595833333333335,2.75,0.0
16833,0,4,1106.53,23.5431914893617,9.361702127659575,0.0
16834,227,1,413.46,17.2275,14.916666666666666,0.0
16835,127,2,180.85,18.085,6.1,0.0
16836,39,2,251.87,22.89727272727273,15.0,0.0
16837,30,12,3170.98,19.102289156626505,9.409638554216867,0.0
16838,196,3,588.85,22.648076923076925,7.076923076923077,0.0
16839,8,39,16594.35,55.68573825503355,28.42281879194631,0.0
16841,36,7,1869.82,15.98136752136752,19.094017094017094,0.0
16842,63,4,1264.19,19.75296875,10.8125,0.0
16843,42,17,10196.57,26.903878627968336,26.79155672823219,0.0
16846,49,1,214.32,19.483636363636364,12.272727272727273,0.0
16847,42,1,193.44,16.12,6.5,0.0
16848,52,1,281.42,20.101428571428574,13.0,0.0
16849,186,1,124.57,15.57125,4.125,0.0
16850,333,1,332.40999999999997,17.495263157894737,13.105263157894736,0.0
16851,3,3,342.45,17.1225,13.55,0.0
16852,9,2,144.91,16.10111111111111,6.222222222222222,0.0
16855,23,2,328.4,17.28421052631579,8.631578947368421,0.0
16856,14,1,35.4,17.7,6.0,0.0
16858,365,2,375.69,28.89923076923077,6.384615384615385,0.0
16859,105,5,747.81,10.386249999999999,9.11111111111111,0.0
16861,59,3,173.76,21.72,16.625,0.0
16863,28,4,502.8,17.95714285714286,14.0,0.0
16866,140,3,207.74,18.885454545454547,5.454545454545454,0.0
16869,22,5,817.12,6.38375,4.5234375,0.0
16871,21,7,2812.34,20.2326618705036,8.992805755395683,0.0
16872,76,3,680.02,97.14571428571428,85.71428571428571,0.0
16873,4,10,7123.62,24.649204152249133,13.235294117647058,0.0
16875,63,9,2095.53,17.036829268292685,8.487804878048781,0.0
16877,11,6,846.62,5.427051282051282,2.9358974358974357,0.0
16878,24,2,13.3,2.216666666666667,0.0,0.0
16880,30,7,1491.43,8.571436781609195,4.287356321839081,0.0
16881,66,1,432.0,432.0,600.0,0.0
16882,66,3,705.12,18.080000000000002,10.871794871794872,0.0
16883,186,2,272.48,7.364324324324325,2.7837837837837838,0.0
16884,37,2,429.84,16.53230769230769,12.307692307692308,0.0
16885,14,3,450.41,4.691770833333334,1.8541666666666667,0.0
16887,34,1,192.33,5.3425,4.333333333333333,0.0
16889,194,3,1578.67,11.693851851851852,6.851851851851852,0.0
16891,1,5,742.43,3.991559139784946,1.424731182795699,0.0
16892,0,7,518.19,5.234242424242424,2.3434343434343434,0.0
16893,366,1,145.93,3.242888888888889,1.3777777777777778,0.0
16895,64,1,202.27,3.26241935483871,1.467741935483871,0.0
16897,298,3,289.78,6.58590909090909,1.3181818181818181,0.0
16898,25,4,501.03,3.1710759493670886,2.3987341772151898,0.0
16899,7,6,1271.06,10.333821138211382,4.227642276422764,0.0
16900,11,5,887.11,10.818414634146341,8.817073170731707,0.0
16902,115,1,1706.88,38.79272727272728,14.295454545454545,0.0
16903,28,1,363.2,6.485714285714286,4.410714285714286,0.0
16904,3,16,3653.75,5.4943609022556394,2.9834586466165414,0.0
16905,4,8,3037.6,15.187999999999999,6.9,0.0
16906,81,4,559.59,6.506860465116279,3.058139534883721,0.0
16907,28,5,928.76,6.634,2.0428571428571427,0.0
16909,63,2,379.14,19.954736842105262,22.842105263157894,0.0
16910,3,8,1508.96,2.7687339449541284,1.6220183486238533,0.0
16912,22,14,2555.58,24.572884615384616,9.711538461538462,0.0
16913,289,1,113.44,14.18,10.25,0.0
16914,35,1,183.76,6.125333333333333,3.7333333333333334,0.0
16915,8,6,621.68,10.906666666666666,2.3157894736842106,0.0
16916,23,2,562.41,4.135367647058823,3.1691176470588234,0.0
16917,276,1,391.52,43.50222222222222,25.77777777777778,0.0
16918,49,7,1068.82,8.221692307692308,5.446153846153846,0.0
16919,155,11,2592.25,7.951687116564417,4.303680981595092,0.0
16921,60,1,154.18,2.8032727272727276,2.8,0.0
16923,11,26,7069.08,10.875507692307693,4.7846153846153845,0.0
16924,20,4,829.89,9.53896551724138,5.218390804597701,0.0
16926,370,1,230.25,16.446428571428573,2.5,0.0
16927,115,3,543.05,90.50833333333333,165.5,0.0
16928,79,19,2814.7,13.532211538461537,9.961538461538462,0.0
16929,3,7,1295.39,16.823246753246753,12.064935064935066,0.0
16930,25,3,378.89,7.148867924528302,6.39622641509434,0.0
16931,4,21,4554.87,5.140936794582393,3.5372460496613995,0.0
16932,52,1,150.23,3.1297916666666663,1.7083333333333333,0.0
16933,0,5,563.23,11.494489795918367,5.73469387755102,0.0
16934,54,2,931.03,15.262786885245902,6.508196721311475,0.0
16936,25,1,261.9,4.676785714285714,3.0535714285714284,0.0
16938,8,5,2711.6800000000003,11.490169491525425,4.313559322033898,0.0
16940,51,3,3049.88,9.99960655737705,7.111475409836066,0.0
16942,12,10,1904.99,6.827921146953405,2.870967741935484,0.0
16943,211,3,816.73,24.74939393939394,4.393939393939394,0.0
16945,21,19,4345.5,17.451807228915662,10.943775100401606,0.0
16947,235,1,406.48,19.356190476190477,14.857142857142858,0.0
16948,138,3,435.02,22.89578947368421,84.94736842105263,0.0
16949,3,7,1286.27,21.08639344262295,12.950819672131148,0.0
16950,56,3,1178.56,28.06095238095238,15.333333333333334,0.0
16951,122,4,1277.75,14.686781609195402,15.011494252873563,0.0
16952,108,2,167.61,10.475625,5.75,0.0
16953,29,1,20.8,20.8,10.0,0.0
16954,0,9,2085.08,38.61259259259259,19.51851851851852,0.0
16955,184,5,518.67,19.94884615384615,9.461538461538462,0.0
16956,8,2,308.74,17.15222222222222,6.222222222222222,0.0
16957,238,2,416.64,26.04,10.75,0.0
16959,86,1,117.35,16.764285714285712,7.0,0.0
16960,38,3,507.05,5.02029702970297,3.00990099009901,0.0
16961,115,1,234.17000000000002,16.726428571428574,8.928571428571429,0.0
16963,186,1,110.55,15.792857142857143,5.0,0.0
16965,226,1,201.19,7.738076923076923,11.192307692307692,0.0
16966,7,10,2154.9700000000003,69.5151612903226,63.806451612903224,0.0
16967,188,1,319.02,15.19142857142857,15.857142857142858,0.0
16968,3,2,439.43,14.175161290322581,10.516129032258064,0.0
16969,38,3,650.41,15.48595238095238,19.428571428571427,0.0
16971,2,2,357.21,8.504999999999999,1.6904761904761905,0.0
16976,266,1,251.51999999999998,125.75999999999999,44.0,0.0
16978,77,1,344.33,8.828974358974358,4.256410256410256,0.0
16979,3,8,1852.0,20.35164835164835,9.45054945054945,0.0
16980,254,2,1028.46,12.697037037037038,9.123456790123457,0.0
16982,60,1,384.06,17.457272727272727,8.272727272727273,0.0
16983,12,8,1905.87,13.235208333333333,9.180555555555555,0.0
16984,77,5,4459.52,10.850413625304137,5.754257907542579,0.0
16985,16,11,5464.12,45.15801652892562,15.12396694214876,0.0
16986,29,2,1873.2,624.4,346.6666666666667,0.0
16987,2,7,1616.8,12.63125,3.1328125,0.0
16988,4,1,126.12,18.017142857142858,6.142857142857143,0.0
16989,6,6,1133.25,94.4375,102.75,0.0
16990,218,1,179.0,179.0,100.0,0.0
16992,10,6,1614.31,16.992736842105263,9.021052631578947,0.0
16995,371,1,0.0,0.0,-1.0,0.0
16996,29,9,1456.96,35.535609756097564,13.024390243902438,0.0
16997,287,3,702.0,58.5,30.0,0.0
16998,149,6,295.0,49.166666666666664,12.166666666666666,0.0
16999,22,2,484.82,21.07913043478261,12.782608695652174,0.0
17001,0,11,3989.57,23.606923076923078,12.804733727810651,0.0
17002,72,4,1493.73,29.8746,13.56,0.0
17004,45,2,1312.1399999999999,30.51488372093023,17.930232558139537,0.0
17006,4,4,781.78,17.76772727272727,6.181818181818182,0.0
17007,50,7,889.93,16.791132075471698,11.075471698113208,0.0
17010,16,2,195.36,16.28,9.666666666666666,0.0
17011,29,1,270.9,18.06,12.4,0.0
17014,7,4,583.43,7.992191780821917,3.26027397260274,0.0
17015,28,3,1838.61,8.59163551401869,9.242990654205608,0.0
17017,2,27,8694.26,32.44126865671642,24.675373134328357,0.0
17018,40,2,920.1,57.50625,11.0,0.0
17019,10,4,1258.08,5.517894736842105,3.5964912280701755,0.0
17022,30,1,71.0,10.142857142857142,15.428571428571429,0.0
17024,44,3,95.85,31.95,23.0,0.0
17025,60,3,357.77,39.75222222222222,26.11111111111111,0.0
17026,184,2,154.83,38.7075,24.25,0.0
17027,78,7,877.5600000000001,5.8504000000000005,2.7333333333333334,0.0
17029,110,2,716.0,358.0,200.0,0.0
17030,63,1,146.87,13.351818181818182,13.272727272727273,0.0
17031,11,2,380.35,17.288636363636364,10.681818181818182,0.0
17033,85,3,1030.14,36.79071428571429,26.785714285714285,0.0
17034,15,4,745.52,23.2975,12.6875,0.0
17035,245,3,433.53,13.5478125,6.28125,0.0
17037,77,2,1267.32,16.458701298701296,8.467532467532468,0.0
17038,29,1,112.4,5.109090909090909,1.2727272727272727,0.0
17040,137,1,449.72999999999996,29.981999999999996,12.066666666666666,0.0
17041,26,4,1071.49,15.307,13.185714285714285,0.0
17042,2,5,1036.58,10.686391752577318,10.206185567010309,0.0
17043,31,4,1735.18,17.01156862745098,9.784313725490197,0.0
17044,8,3,948.48,94.848,48.7,0.0
17045,112,3,339.44,15.42909090909091,4.818181818181818,0.0
17046,156,1,642.02,29.182727272727274,23.181818181818183,0.0
17047,84,3,1100.9,16.93692307692308,8.2,0.0
17048,114,6,925.35,19.278125,9.875,0.0
17049,2,11,5655.03,17.616915887850467,8.305295950155763,0.0
17050,95,6,3185.64,10.342987012987013,5.178571428571429,0.0
17051,193,1,240.89,5.73547619047619,4.261904761904762,0.0
17052,27,1,399.09,4.808313253012048,3.0240963855421685,0.0
17053,128,2,498.48,35.605714285714285,8.642857142857142,0.0
17054,27,6,1356.33,16.146785714285713,9.547619047619047,0.0
17058,81,3,1179.89,19.030483870967743,9.548387096774194,0.0
17059,29,5,3080.39,5.9929766536964975,3.5992217898832686,0.0
17060,265,1,234.23999999999998,46.848,43.2,0.0
17061,73,12,5232.23,51.80425742574257,14.693069306930694,0.0
17062,313,5,533.33,7.619000000000001,5.942857142857143,0.0
17063,8,11,1461.14,17.81878048780488,9.304878048780488,0.0
17064,58,3,855.4499999999999,14.023770491803278,5.180327868852459,0.0
17065,142,1,0.0,0.0,-1.0,0.0
17068,11,22,4552.14,15.327070707070709,7.252525252525253,0.0
17069,27,13,2709.7,17.595454545454544,9.623376623376624,0.0
17070,113,1,304.24,4.9070967741935485,2.1129032258064515,0.0
17071,8,14,2429.03,16.412364864864866,7.986486486486487,0.0
17073,17,4,1446.09,8.310862068965516,4.362068965517241,0.0
17075,17,5,834.12,10.4265,3.6125,0.0
17076,35,3,841.08,33.6432,11.8,0.0
17078,35,2,378.2,13.507142857142856,28.142857142857142,0.0
17079,77,1,118.8,59.4,12.0,0.0
17080,21,3,287.62,31.95777777777778,18.22222222222222,0.0
17081,24,2,288.91,4.585873015873016,1.2222222222222223,0.0
17082,32,2,2003.85,24.738888888888887,12.950617283950617,0.0
17083,108,3,1405.78,27.034230769230767,14.846153846153847,0.0
17084,34,2,2747.99,18.442885906040267,11.422818791946309,0.0
17085,122,6,1562.4,8.310638297872341,4.164893617021277,0.0
17086,6,6,2050.08,21.355,19.364583333333332,0.0
17088,27,4,1991.01,17.313130434782607,7.547826086956522,0.0
17090,3,8,1974.65,31.8491935483871,14.548387096774194,0.0
17091,2,10,3827.76,19.332121212121212,8.803030303030303,0.0
17092,49,4,1774.03,14.306693548387097,9.112903225806452,0.0
17094,317,2,302.0,20.133333333333333,9.866666666666667,0.0
17095,21,6,1324.16,17.196883116883118,7.961038961038961,0.0
17096,8,7,1022.13,19.656346153846155,6.384615384615385,0.0
17097,1,9,954.42,4.480845070422535,2.1455399061032865,0.0
17100,17,2,971.74,14.949846153846154,12.307692307692308,0.0
17101,9,4,1621.73,38.61261904761905,19.404761904761905,0.0
17102,261,1,25.5,25.5,2.0,0.0
17105,158,2,665.78,7.397555555555555,7.7,0.0
17107,32,7,10797.48,25.769642004773267,10.801909307875896,0.0
17109,28,8,881.29,7.344083333333333,4.766666666666667,0.0
17110,164,1,163.29999999999998,13.608333333333333,4.166666666666667,0.0
17111,46,1,231.61,7.986551724137931,9.724137931034482,0.0
17114,5,10,801.12,6.115419847328244,1.5725190839694656,0.0
17115,7,5,837.5,19.476744186046513,8.55813953488372,0.0
17117,287,1,116.2,12.911111111111111,7.555555555555555,0.0
17118,317,1,157.02,15.702000000000002,15.4,0.0
17119,2,3,606.91,15.971315789473683,8.605263157894736,0.0
17120,232,1,307.46,17.08111111111111,6.666666666666667,0.0
17122,118,1,138.32,19.759999999999998,11.428571428571429,0.0
17123,161,1,345.3,38.36666666666667,27.333333333333332,0.0
17124,184,1,294.24,9.491612903225807,4.161290322580645,0.0
17125,49,1,230.5,6.585714285714285,8.028571428571428,0.0
17126,151,7,989.45,3.9578,3.112,0.0
17128,334,1,157.09,11.220714285714285,5.428571428571429,0.0
17131,4,5,2463.17,18.38186567164179,7.335820895522388,0.0
17133,15,7,4892.24,181.19407407407405,101.11111111111111,0.0
17134,106,2,413.2,17.965217391304346,4.260869565217392,0.0
17135,15,7,1139.73,21.917884615384615,23.53846153846154,0.0
17138,275,1,380.5,15.854166666666666,5.25,0.0
17139,15,15,10650.77,21.915164609053498,10.61111111111111,0.0
17140,246,1,454.12,25.22888888888889,16.444444444444443,0.0
17142,238,1,579.0,38.6,5.4,0.0
17144,0,2,984.57,20.511875,10.0625,0.0
17146,105,3,749.78,21.422285714285714,6.057142857142857,0.0
17147,22,6,1714.59,20.171647058823527,10.329411764705883,0.0
17148,51,1,124.88,13.875555555555556,9.11111111111111,0.0
17152,194,4,1689.5,105.59375,29.8125,0.0
17153,23,1,213.78,15.27,7.428571428571429,0.0
17154,74,1,329.34,14.319130434782608,21.304347826086957,0.0
17155,17,2,251.7,12.584999999999999,12.1,0.0
17157,7,3,319.0,21.266666666666666,11.266666666666667,0.0
17158,31,3,1266.97,18.91,11.611940298507463,0.0
17159,21,4,1538.88,15.087058823529413,10.882352941176471,0.0
17160,30,6,3518.03,15.362576419213974,12.471615720524017,0.0
17162,28,11,1715.46,16.337714285714284,9.523809523809524,0.0
17163,21,2,293.1,58.620000000000005,13.2,0.0
17164,32,8,2467.35,17.016206896551722,10.344827586206897,0.0
17165,283,1,158.68,15.868,10.0,0.0
17166,38,3,206.34,14.73857142857143,5.357142857142857,0.0
17169,49,4,835.78,13.929666666666666,8.65,0.0
17171,288,1,224.91,14.056875,11.5625,0.0
17172,74,2,317.76,19.86,29.9375,0.0
17173,4,9,3766.6,43.29425287356322,12.885057471264368,0.0
17174,217,1,59.9,14.975,10.25,0.0
17175,43,5,1443.69,22.55765625,13.515625,0.0
17176,201,1,306.13,20.408666666666665,11.333333333333334,0.0
17179,177,3,711.79,8.897375,3.625,0.0
17180,55,6,783.97,6.124765625,5.2109375,0.0
17181,56,2,239.92,10.431304347826087,10.478260869565217,0.0
17183,7,8,3347.31,44.04355263157895,16.63157894736842,0.0
17186,46,2,144.0,72.0,100.0,0.0
17187,226,1,203.95,20.395,14.4,0.0
17188,10,9,2474.23,27.800337078651687,14.617977528089888,0.0
17189,105,2,383.75,6.395833333333333,3.7666666666666666,0.0
17190,58,3,444.74,22.237000000000002,8.0,0.0
17191,27,7,2093.68,8.871525423728812,4.940677966101695,0.0
17193,35,9,1699.3,48.55142857142857,35.371428571428574,0.0
17194,273,2,262.62,9.055862068965517,4.103448275862069,0.0
17197,29,1,1013.01,34.93137931034483,6.586206896551724,0.0
17198,23,3,692.22,7.210625,3.71875,0.0
17201,53,1,289.78000000000003,7.625789473684211,6.078947368421052,0.0
17203,35,6,3560.08,24.054594594594594,19.22972972972973,0.0
17204,168,9,1564.56,23.351641791044774,8.791044776119403,0.0
17205,53,1,384.08,29.544615384615383,68.0,0.0
17206,52,1,204.24,29.177142857142858,10.857142857142858,0.0
17211,26,9,2317.22,10.878967136150234,6.150234741784038,0.0
17212,252,1,226.85,56.7125,36.75,0.0
17213,39,11,2781.23,16.95871951219512,7.115853658536586,0.0
17214,59,7,1059.12,10.383529411764705,2.656862745098039,0.0
17217,233,1,113.5,12.61111111111111,2.6666666666666665,0.0
17218,3,10,1951.97,7.202841328413284,3.5239852398523985,0.0
17219,31,1,114.23,4.5692,3.56,0.0
17220,23,14,3187.55,6.8255888650963605,4.062098501070664,0.0
17221,6,2,334.47999999999996,5.394838709677419,4.629032258064516,0.0
17222,64,1,328.65,12.17222222222222,4.518518518518518,0.0
17223,309,2,416.89,8.685208333333334,2.2916666666666665,0.0
17226,308,1,393.49,18.73761904761905,19.333333333333332,0.0
17227,18,6,939.32,19.985531914893617,15.76595744680851,0.0
17228,15,8,1906.09,9.16389423076923,7.365384615384615,0.0
17229,95,2,318.76,6.782127659574468,3.9361702127659575,0.0
17230,263,11,3638.41,49.841232876712326,21.273972602739725,0.0
17231,11,14,3124.72,5.829701492537313,3.205223880597015,0.0
17232,2,2,417.77,11.936285714285713,5.771428571428571,0.0
17233,34,1,190.88,7.6352,5.24,0.0
17234,182,1,149.89,10.706428571428571,3.9285714285714284,0.0
17235,24,2,550.06,18.96758620689655,7.724137931034483,0.0
17236,12,6,916.13,8.725047619047618,4.514285714285714,0.0
17237,10,2,314.69,16.562631578947368,5.526315789473684,0.0
17238,2,17,3719.1,6.701081081081081,3.255855855855856,0.0
17239,312,2,382.5,23.90625,9.3125,0.0
17242,107,2,1135.04,28.375999999999998,15.275,0.0
17243,0,30,8540.05,21.675253807106596,8.406091370558375,0.0
17244,52,1,954.9,30.80322580645161,19.870967741935484,0.0
17245,204,1,171.45000000000002,19.05,8.333333333333334,0.0
17247,14,1,280.09,5.186851851851851,1.9444444444444444,0.0
17248,119,1,318.65,4.618115942028985,3.0869565217391304,0.0
17250,3,2,381.97,6.820892857142858,2.982142857142857,0.0
17251,362,1,269.83,7.2927027027027025,2.918918918918919,0.0
17252,116,2,348.90999999999997,4.057093023255813,2.2325581395348837,0.0
17253,17,1,178.26,9.903333333333332,2.388888888888889,0.0
17254,4,2,271.19,2.443153153153153,2.2612612612612613,0.0
17255,40,2,291.48,3.9389189189189193,3.0675675675675675,0.0
17256,106,2,240.0,15.0,8.8125,0.0
17259,147,2,581.23,5.010603448275862,3.3448275862068964,0.0
17262,51,5,1253.3600000000001,104.44666666666667,30.583333333333332,0.0
17263,207,1,63.440000000000005,2.7582608695652175,1.565217391304348,0.0
17265,138,2,550.01,4.50827868852459,3.1885245901639343,0.0
17266,1,3,296.58,4.062739726027397,2.095890410958904,0.0
17267,126,2,317.2,8.572972972972973,4.27027027027027,0.0
17268,107,4,763.64,127.27333333333333,140.66666666666666,0.0
17272,41,5,2148.63,18.522672413793103,15.310344827586206,0.0
17274,34,1,107.82,4.312799999999999,3.08,0.0
17277,227,2,1065.35,15.439855072463766,6.231884057971015,0.0
17278,240,1,246.04,16.402666666666665,11.933333333333334,0.0
17279,57,1,187.82999999999998,20.869999999999997,5.333333333333333,0.0
17282,129,3,1685.46,18.937752808988765,20.96629213483146,0.0
17284,59,7,1647.48,5.622798634812287,4.6416382252559725,0.0
17286,21,1,151.37,3.440227272727273,2.659090909090909,0.0
17287,25,7,1049.06,8.598852459016394,4.557377049180328,0.0
17288,8,7,1417.6299999999999,10.12592857142857,8.57857142857143,0.0
17289,31,4,931.02,8.866857142857143,4.876190476190477,0.0
17290,3,2,513.01,5.343854166666667,4.135416666666667,0.0
17291,307,1,550.8,550.8,72.0,0.0
17293,7,9,1854.06,14.04590909090909,8.598484848484848,0.0
17295,28,3,547.0,8.044117647058824,4.3088235294117645,0.0
17297,16,1,128.18,2.615918367346939,1.3265306122448979,0.0
17298,100,2,498.42,16.614,12.9,0.0
17299,11,4,656.61,11.938363636363636,12.145454545454545,0.0
17301,20,1,163.24,2.7667796610169493,2.3220338983050848,0.0
17302,14,6,1135.63,14.020123456790126,7.074074074074074,0.0
17303,360,1,250.04,4.717735849056604,2.7169811320754715,0.0
17306,10,21,8631.31,125.09144927536231,166.231884057971,0.0
17307,364,1,0.0,0.0,-144.0,0.0
17309,94,1,82.75,6.895833333333333,3.4166666666666665,0.0
17311,77,2,1384.85,25.179090909090906,18.272727272727273,0.0
17312,138,3,644.3,46.021428571428565,26.571428571428573,0.0
17313,17,2,2328.84,83.17285714285715,49.357142857142854,0.0
17314,24,11,2527.92,18.58764705882353,13.852941176470589,0.0
17315,0,43,6281.23,12.950989690721649,7.898969072164949,0.0
17317,45,5,2600.34,236.39454545454547,97.63636363636364,0.0
17320,99,3,1200.62,16.44684931506849,8.684931506849315,0.0
17321,7,2,657.16,6.637979797979797,3.676767676767677,0.0
17323,14,9,906.52,4.5553768844221105,3.7889447236180906,0.0
17324,17,4,986.48,20.132244897959183,17.20408163265306,0.0
17325,279,1,96.8,16.133333333333333,10.0,0.0
17329,13,2,523.11,15.851818181818182,4.303030303030303,0.0
17330,22,2,363.9,60.65,20.0,0.0
17331,123,1,175.2,175.2,16.0,0.0
17333,85,1,494.25,17.651785714285715,13.392857142857142,0.0
17334,300,3,307.02,25.584999999999997,26.166666666666668,0.0
17337,150,7,1981.06,3.766273764258555,2.3155893536121672,0.0
17338,16,10,6493.54,8.956606896551724,4.212413793103448,0.0
17339,93,2,243.35999999999999,27.04,16.88888888888889,0.0
17340,8,16,12353.29,29.135117924528306,13.919811320754716,0.0023584905660377358
17341,156,3,682.29,4.3457961783439485,2.821656050955414,0.0
17343,354,1,193.64,11.390588235294118,3.2941176470588234,0.0
17344,45,1,157.62,5.0845161290322585,2.096774193548387,0.0
17345,14,4,519.6899999999999,6.261325301204819,4.108433734939759,0.0
17346,3,16,2622.88,5.396872427983539,3.2901234567901234,0.0
17347,85,1,228.96,228.96,216.0,0.0
17348,14,5,1156.6,5.430046948356807,6.563380281690141,0.0
17349,178,1,98.25,12.28125,12.75,0.0
17350,7,5,1281.32,18.046760563380282,10.338028169014084,0.0
17351,35,3,587.15,21.746296296296297,4.185185185185185,0.0
17353,128,2,1740.0,217.5,150.0,0.0
17354,50,1,1393.06,87.06625,62.875,0.0
17356,311,1,178.22,9.38,8.736842105263158,0.0
17357,23,2,384.39,8.736136363636364,3.4545454545454546,0.0
17358,302,2,360.81,6.220862068965517,3.2758620689655173,0.0
17359,10,1,127.86,8.524,10.733333333333333,0.0
17360,16,3,568.24,4.54592,2.624,0.0
17361,48,3,488.2,16.834482758620688,5.413793103448276,0.0
17362,238,2,312.23,8.920857142857143,5.457142857142857,0.0
17364,0,12,4462.68,10.911198044009781,6.530562347188264,0.0
17365,12,8,4767.36,10.252387096774193,10.212903225806452,0.0
17367,237,1,167.54999999999998,5.077272727272727,4.515151515151516,0.0
17368,22,9,1878.87,15.152177419354837,5.370967741935484,0.0
17370,72,4,446.18,13.520606060606061,16.363636363636363,0.0
17371,16,3,418.4,4.865116279069767,1.755813953488372,0.0
17372,40,8,1337.18,5.3274103585657375,2.9760956175298805,0.0
17373,39,4,646.92,11.349473684210526,7.157894736842105,0.0
17374,218,2,495.77,17.706071428571427,3.0357142857142856,0.0
17375,189,4,400.1,5.6352112676056345,5.084507042253521,0.0
17376,70,2,203.2,8.466666666666667,3.5833333333333335,0.0
17377,23,21,4058.32,10.020543209876543,5.029629629629629,0.0
17379,10,1,389.72,4.996410256410257,7.987179487179487,0.0
17381,8,30,20275.61,184.32372727272727,233.14545454545456,0.0
17382,64,1,65.4,32.7,12.5,0.0
17383,3,1,193.39000000000001,3.946734693877551,3.020408163265306,0.0
17384,18,2,336.4,22.426666666666666,5.866666666666666,0.0
17385,14,1,256.11,5.691333333333334,4.377777777777778,0.0
17386,7,6,2686.42,95.94357142857143,67.92857142857143,0.0
17387,19,2,746.81,9.826447368421052,6.868421052631579,0.0
17388,77,4,1259.56,83.97066666666666,71.2,0.0
17389,0,43,31833.68,142.11464285714285,33.169642857142854,0.0
17391,163,2,508.8,169.6,160.0,0.0
17392,306,2,417.27,7.45125,4.946428571428571,0.0
17394,218,1,203.87,50.9675,60.25,0.0
17396,38,8,7330.8,271.5111111111111,74.25925925925925,0.0
17397,21,2,681.41,7.65629213483146,2.808988764044944,0.0
17398,114,3,653.38,17.19421052631579,8.157894736842104,0.0
17400,125,5,2097.84,10.18368932038835,5.281553398058253,0.0
17402,4,13,2633.85,44.641525423728815,11.88135593220339,0.0
17403,35,1,263.92,8.2475,3.46875,0.0
17404,3,18,31906.82,158.74039800995024,160.81592039800995,0.0
17405,0,5,1031.41,10.97244680851064,7.5,0.0
17406,329,5,2184.42,19.161578947368422,6.815789473684211,0.0
17408,162,1,32.65,16.325,1.5,0.0
17409,184,2,771.85,59.37307692307692,8.076923076923077,0.0
17410,15,5,1214.72,18.98,9.625,0.0
17411,11,4,778.9399999999999,18.11488372093023,6.930232558139535,0.0
17412,2,7,1258.06,19.061515151515152,11.181818181818182,0.0
17414,43,2,778.0,129.66666666666666,350.0,0.0
17415,79,1,507.84,36.27428571428571,8.142857142857142,0.0
17416,29,9,6893.42,25.4369741697417,15.74169741697417,0.0
17418,41,2,463.46,15.448666666666666,9.633333333333333,0.0
17419,10,14,4226.57,20.320048076923076,9.0,0.0
17420,49,3,598.83,19.961000000000002,8.833333333333334,0.0
17422,15,10,1979.37,14.661999999999999,16.25925925925926,0.0
17423,44,4,698.41,24.943214285714284,15.035714285714286,0.0
17425,18,2,759.1700000000001,17.65511627906977,9.465116279069768,0.0
17426,3,7,5037.26,18.519338235294118,11.330882352941176,0.0
17427,71,1,100.8,50.4,17.0,0.0
17428,0,33,17256.85,50.31151603498542,27.50728862973761,0.0
17429,120,4,524.92,12.498095238095237,14.666666666666666,0.0
17430,32,2,265.76,18.982857142857142,13.571428571428571,0.0
17431,312,1,403.3,9.37906976744186,6.790697674418604,0.0
17432,17,2,365.76,7.62,4.3125,0.0
17433,87,1,303.15999999999997,5.6140740740740736,3.425925925925926,0.0
17434,1,9,2373.82,17.20159420289855,12.210144927536232,0.0
17436,1,2,216.3,24.033333333333335,10.0,0.0
17438,246,2,388.45,20.44473684210526,5.2631578947368425,0.0
17440,147,5,186.42000000000002,23.302500000000002,29.0,0.0
17442,28,10,2248.56,16.06114285714286,10.642857142857142,0.0
17443,219,1,534.24,534.24,504.0,0.0
17444,147,3,2940.04,21.778074074074073,15.696296296296296,0.0
17446,176,2,120.89999999999999,13.433333333333332,22.0,0.0
17447,39,2,541.53,15.042499999999999,12.305555555555555,0.0
17448,144,1,0.0,0.0,-1.0,0.0
17449,1,8,2519.21,9.061906474820145,4.0071942446043165,0.0
17450,7,55,194390.79,555.4022571428571,197.16857142857143,0.002857142857142857
17451,0,10,1721.3999999999999,16.08785046728972,11.009345794392523,0.0
17453,17,2,486.72,25.61684210526316,11.526315789473685,0.0
17454,191,4,517.53,8.484098360655738,3.9836065573770494,0.0
17455,203,1,131.7,16.4625,8.25,0.0
17456,364,1,249.85999999999999,14.697647058823529,13.058823529411764,0.0
17457,126,5,1737.7,91.4578947368421,43.473684210526315,0.0
17458,14,1,316.5,5.861111111111111,3.1481481481481484,0.0
17459,42,2,657.3,5.921621621621621,4.837837837837838,0.0
17460,78,8,622.43,16.822432432432432,4.756756756756757,0.0
17461,22,3,735.82,6.941698113207548,7.264150943396227,0.0
17462,50,3,675.69,24.131785714285716,8.0,0.0
17463,15,6,1875.86,8.848396226415094,5.099056603773585,0.0
17464,157,1,289.96000000000004,32.21777777777778,24.444444444444443,0.0
17466,9,2,763.28,18.61658536585366,7.463414634146342,0.0
17468,9,2,137.0,27.4,23.2,0.0
17469,15,6,1870.97,20.788555555555554,8.644444444444444,0.0
17470,44,5,1125.07,14.423974358974359,21.474358974358974,0.0
17472,190,3,697.54,4.0088505747126435,2.6149425287356323,0.0
17475,78,1,194.37,13.883571428571429,12.714285714285714,0.0
17480,73,2,511.82,16.510322580645163,10.838709677419354,0.0
17481,3,5,1255.59,15.127590361445781,12.771084337349398,0.0
17483,64,3,414.04,19.716190476190476,9.095238095238095,0.0
17486,260,1,396.87,16.53625,7.958333333333333,0.0
17489,58,2,376.64,12.987586206896552,14.758620689655173,0.0
17490,0,11,2092.32,24.3293023255814,11.872093023255815,0.0
17491,0,11,3558.87,32.35336363636363,18.29090909090909,0.0
17492,247,1,374.57,31.214166666666667,12.916666666666666,0.0
17495,7,2,497.56,18.42814814814815,8.481481481481481,0.0
17496,358,1,271.05,27.105,7.9,0.0
17498,75,1,272.21999999999997,16.012941176470587,23.176470588235293,0.0
17499,289,1,622.88,15.572,17.775,0.0
17500,16,3,1138.0,227.6,3.4,0.0
17501,220,2,288.6,16.033333333333335,8.88888888888889,0.0
17502,8,4,689.1,24.610714285714288,13.428571428571429,0.0
17503,2,2,558.96,14.709473684210527,12.789473684210526,0.0
17504,205,10,2997.03,21.407357142857144,10.4,0.0
17505,161,2,1145.84,22.035384615384615,10.692307692307692,0.0
17506,69,2,302.2,18.8875,8.5,0.0
17507,261,2,605.58,6.881590909090909,4.079545454545454,0.0
17508,280,1,387.31,17.605,13.136363636363637,0.0
17509,57,11,6083.64,16.576675749318802,9.55858310626703,0.0
17510,24,1,308.48,15.424000000000001,10.7,0.0
17511,2,46,91062.38,84.63046468401487,58.561338289962826,0.0
17512,28,11,2924.9900000000002,27.59424528301887,25.962264150943398,0.0
17513,71,1,513.2,85.53333333333335,42.333333333333336,0.0
17514,127,1,208.65,5.2162500000000005,3.375,0.0
17515,30,4,639.02,7.345057471264368,2.793103448275862,0.0
17516,14,5,764.88,5.665777777777778,3.066666666666667,0.0
17517,308,1,153.94,13.994545454545454,9.272727272727273,0.0
17519,16,7,1844.02,22.21710843373494,14.855421686746988,0.0
17520,53,1,546.81,18.226999999999997,12.166666666666666,0.0
17521,23,4,723.21,15.72195652173913,11.26086956521739,0.0
17522,1,5,1070.71,14.667260273972603,14.164383561643836,0.0
17523,10,4,652.74,19.78,26.424242424242426,0.0
17524,360,1,145.0,24.166666666666668,15.0,0.0
17525,359,1,422.7,46.96666666666667,9.11111111111111,0.0
17526,0,8,1195.9,51.99565217391305,11.173913043478262,0.0
17527,53,6,939.37,19.170816326530613,9.448979591836734,0.0
17528,0,11,3628.5,13.955769230769231,8.192307692307692,0.0
17530,0,10,2367.12,6.069538461538461,3.882051282051282,0.0
17531,120,2,296.7,19.779999999999998,9.0,0.0
17534,53,1,223.36,24.817777777777778,11.444444444444445,0.0
17535,279,1,164.4,12.646153846153847,10.461538461538462,0.0
17536,176,1,76.5,25.5,2.0,0.0
17537,29,2,887.67,11.99554054054054,9.445945945945946,0.0
17538,25,1,98.42,10.935555555555556,14.88888888888889,0.0
17540,8,3,578.9,22.265384615384615,7.423076923076923,0.0
17542,269,1,170.75,6.83,5.36,0.0
17545,42,3,642.32,4.555460992907801,2.3900709219858154,0.0
17547,371,1,0.0,0.0,-2.0,0.0
17548,217,3,103.3,6.076470588235294,-7.764705882352941,0.0
17549,23,2,148.86,24.810000000000002,35.0,0.0
17550,196,3,267.16,6.360952380952382,2.0476190476190474,0.0
17551,358,1,290.34,7.444615384615384,3.641025641025641,0.0
17552,42,6,930.41,18.243333333333332,13.882352941176471,0.0
17553,129,1,1487.6,743.8,524.0,0.0
17554,0,5,1952.45,22.18693181818182,20.03409090909091,0.0
17555,19,2,480.31,4.574380952380952,3.3142857142857145,0.0
17556,205,1,157.9,26.316666666666666,16.833333333333332,0.0
17557,13,3,541.46,15.92529411764706,9.0,0.0
17560,94,4,854.95,32.88269230769231,24.423076923076923,0.0
17561,18,1,165.12,3.6693333333333333,3.2,0.0
17562,13,8,1122.38,17.5371875,12.703125,0.0
17564,23,3,454.01,9.265510204081632,2.979591836734694,0.0
17566,7,2,869.77,6.125140845070423,3.5,0.0
17567,6,10,4331.48,24.471638418079095,13.717514124293785,0.0
17569,331,1,344.14,11.866896551724137,5.482758620689655,0.0
17571,49,4,1425.67,5.260774907749078,3.2324723247232474,0.0
17572,70,4,226.75,18.895833333333332,7.916666666666667,0.0
17573,28,4,380.6,14.63846153846154,11.615384615384615,0.0
17574,242,1,185.65,23.20625,9.625,0.0
17576,7,22,3564.83,8.737328431372548,4.723039215686274,0.0
17578,190,2,143.45999999999998,23.909999999999997,15.0,0.0
17579,4,4,448.9,8.632692307692308,4.923076923076923,0.0
17580,252,3,215.72,4.793777777777778,1.9555555555555555,0.0
17581,0,31,11025.24,24.44620842572062,12.968957871396896,0.0
17582,235,1,175.27,6.043793103448277,4.241379310344827,0.0
17584,6,3,1242.3,34.50833333333333,12.38888888888889,0.0
17585,108,4,1116.68,5.368653846153847,7.9326923076923075,0.0
17588,99,3,1240.2,53.92173913043479,29.391304347826086,0.0
17589,59,4,2404.17,9.502648221343874,6.446640316205533,0.0
17590,1,3,1468.02,7.489897959183673,4.1938775510204085,0.0
17591,72,8,2203.67,13.947278481012658,6.322784810126582,0.0
17593,3,6,3923.86,18.335794392523365,14.406542056074766,0.0
17594,84,2,993.18,19.863599999999998,11.0,0.0
17595,11,2,386.69,4.715731707317073,2.7804878048780486,0.0
17596,22,7,2806.69,10.591283018867925,16.513207547169813,0.0
17597,213,1,2044.3700000000001,37.17036363636364,21.381818181818183,0.0
17600,17,1,161.67,12.436153846153845,11.076923076923077,0.0
17601,238,1,116.00999999999999,12.889999999999999,11.444444444444445,0.0
17602,1,8,5054.42,9.09068345323741,7.374100719424461,0.0
17603,49,5,394.72,26.314666666666668,-2.066666666666667,0.0
17604,216,2,309.36,4.91047619047619,2.6825396825396823,0.0
17608,32,2,191.99,3.4283928571428572,4.089285714285714,0.0
17609,40,6,1105.78,4.725555555555555,3.0641025641025643,0.0
17611,3,19,3961.12,6.912949389179755,4.43630017452007,0.0
17612,52,10,2048.45,14.425704225352112,12.584507042253522,0.0
17613,22,17,4544.55,14.519329073482428,7.872204472843451,0.0
17614,56,1,386.32,3.9420408163265304,2.3979591836734695,0.0
17615,129,3,329.6,23.542857142857144,10.0,0.0
17616,173,3,571.1999999999999,190.39999999999998,74.66666666666667,0.0
17618,5,3,930.28,13.884776119402984,4.7611940298507465,0.0
17619,311,1,214.37,2.896891891891892,1.6756756756756757,0.0
17620,59,1,81.44,20.36,15.0,0.0
17621,20,4,1379.9,51.10740740740741,18.88888888888889,0.0
17623,32,1,527.05,15.971212121212119,8.030303030303031,0.0
17624,14,2,843.48,16.869600000000002,11.08,0.0
17625,17,4,2020.4,6.602614379084968,3.8562091503267975,0.0
17628,80,1,75.75,15.15,15.8,0.0
17629,5,9,1814.12,14.629999999999999,13.07258064516129,0.0
17630,169,2,503.6,19.36923076923077,6.076923076923077,0.0
17631,1,3,528.33,13.546923076923077,8.564102564102564,0.0
17633,30,6,1324.84,18.400555555555556,8.75,0.0
17634,35,9,2358.59,7.96820945945946,2.831081081081081,0.0
17636,8,2,285.56,11.898333333333333,7.333333333333333,0.0
17637,30,2,547.06,15.630285714285712,8.0,0.0
17639,275,1,108.5,15.5,7.0,0.0
17640,86,1,621.66,124.332,50.0,0.0
17642,119,2,712.29,17.80725,11.85,0.0
17643,372,1,101.55,12.69375,8.875,0.0
17644,0,17,2895.64,17.13396449704142,10.301775147928995,0.0
17646,218,4,1008.39,18.67388888888889,5.925925925925926,0.0
17647,64,1,133.06,19.00857142857143,4.285714285714286,0.0
17648,60,5,1797.5,19.53804347826087,5.282608695652174,0.0
17649,134,2,868.49,16.386603773584905,7.509433962264151,0.0
17650,20,1,166.07999999999998,20.759999999999998,18.75,0.0
17651,11,14,3945.0,16.506276150627617,12.97071129707113,0.0
17652,24,18,4867.72,18.028592592592595,9.181481481481482,0.0
17653,28,5,1207.56,24.1512,28.02,0.0
17654,276,1,117.55,5.343181818181818,1.8636363636363635,0.0
17655,10,8,2638.94,28.375698924731182,10.279569892473118,0.0
17656,72,5,1674.69,20.423048780487804,17.0609756097561,0.0
17658,10,3,595.42,25.88782608695652,22.695652173913043,0.0
17659,3,14,2999.46,18.630186335403728,9.229813664596273,0.0
17660,140,1,178.75,4.703947368421052,3.1842105263157894,0.0
17663,25,9,1802.91,20.032333333333334,8.811111111111112,0.0
17664,18,2,604.64,14.061395348837209,14.046511627906977,0.0
17666,3,2,728.1600000000001,40.45333333333334,33.111111111111114,0.0
17667,65,5,2055.5099999999998,17.719913793103448,8.905172413793103,0.0
17668,0,2,347.75,23.183333333333334,6.2,0.0
17669,42,7,3406.72,50.09882352941176,28.176470588235293,0.0
17670,227,1,205.7,18.7,10.0,0.0
17671,15,6,1572.71,25.782131147540984,10.80327868852459,0.0
17672,43,4,3178.17,27.636260869565216,14.539130434782608,0.0
17673,0,7,1594.97,7.28296803652968,6.666666666666667,0.0
17674,73,2,551.04,20.40888888888889,24.88888888888889,0.0
17675,0,41,20374.28,28.258363384188627,11.48127600554785,0.0
17676,3,7,1371.18,17.57923076923077,11.807692307692308,0.0
17677,1,43,16345.38,51.0793125,30.38125,0.0
17678,263,1,298.11,18.631875,12.9375,0.0
17679,52,2,1992.1100000000001,66.40366666666667,24.3,0.0
17680,23,1,184.4,16.763636363636365,8.727272727272727,0.0
17682,9,7,2474.33,20.79268907563025,11.470588235294118,0.0
17684,43,1,239.41,15.960666666666667,9.666666666666666,0.0
17685,16,7,3155.83,24.849055118110236,15.015748031496063,0.0
17686,6,7,5739.46,20.06804195804196,8.664335664335665,0.0
17690,29,16,4726.8,18.60944881889764,6.940944881889764,0.0
17691,357,2,290.4,15.284210526315789,7.052631578947368,0.0
17692,126,5,740.9399999999999,15.764680851063828,14.170212765957446,0.0
17693,135,3,200.47,11.137222222222222,12.722222222222221,0.0
17694,141,1,283.12,18.874666666666666,12.266666666666667,0.0
17695,131,2,765.34,21.866857142857143,22.257142857142856,0.0
17696,37,14,2285.71,18.140555555555554,13.73015873015873,0.0
17697,235,1,338.95,17.839473684210525,4.894736842105263,0.0
17698,260,1,154.95,19.36875,11.625,0.0
17700,16,6,2534.64,17.36054794520548,8.636986301369863,0.0
17701,252,1,417.95,17.414583333333333,4.541666666666667,0.0
17702,29,6,1824.37,22.804624999999998,16.5,0.0
17703,34,3,798.74,14.522545454545455,10.727272727272727,0.0
17704,168,2,885.1899999999999,28.554516129032255,11.064516129032258,0.0
17705,2,10,1823.52,16.884444444444444,8.86111111111111,0.0
17706,3,22,10504.49,26.593645569620254,9.70379746835443,0.0
17707,184,2,152.4,30.48,28.8,0.0
17708,187,2,263.33,7.744999999999999,2.6470588235294117,0.0
17709,169,1,137.45,19.635714285714283,2.4285714285714284,0.0
17711,10,2,385.1,16.743478260869566,10.695652173913043,0.0
17712,44,1,522.91,18.031379310344825,7.413793103448276,0.0
17714,320,1,153.0,15.3,9.2,0.0
17715,200,1,326.4,326.4,384.0,0.0
17716,22,12,5655.99,22.26767716535433,11.826771653543307,0.0
17718,231,1,139.35,23.224999999999998,13.833333333333334,0.0
17719,37,18,5396.04,19.410215827338128,8.83093525179856,0.0
17720,25,4,1195.94,23.9188,11.52,0.0
17722,95,6,2424.04,20.200333333333333,13.1,0.0
17723,126,6,3276.4,327.64,79.2,0.0
17724,57,4,1033.0,22.955555555555556,6.4222222222222225,0.0
17725,15,14,3439.08,17.369090909090907,10.813131313131313,0.0
17727,8,2,1060.25,15.824626865671641,9.537313432835822,0.0
17728,3,5,2876.0099999999998,17.017810650887572,8.662721893491124,0.0
17730,2,15,5298.48,24.084,16.213636363636365,0.0
17731,78,5,1240.11,14.941084337349396,4.72289156626506,0.0
17732,372,1,303.97,16.887222222222224,5.166666666666667,0.0
17733,38,2,692.19,19.776857142857143,13.228571428571428,0.0
17734,53,3,700.63,16.293720930232556,9.813953488372093,0.0
17735,1,19,13110.02,19.000028985507246,12.230434782608695,0.0
17736,8,4,377.44,14.516923076923076,9.115384615384615,0.0
17737,8,2,168.24,16.824,10.8,0.0
17738,18,5,1879.05,18.98030303030303,10.373737373737374,0.0
17739,11,8,2791.35,58.153124999999996,17.833333333333332,0.0
17742,112,2,355.11,23.674,5.933333333333334,0.0
17744,3,7,2322.4,16.951824817518247,24.642335766423358,0.0
17746,234,2,110.25,13.78125,3.25,0.0
17747,99,2,71.4,35.7,5.5,0.0
17749,177,2,674.52,19.272,9.142857142857142,0.0
17750,4,9,1710.45,9.29592391304348,20.36413043478261,0.0
17752,358,1,80.64,80.64,192.0,0.0
17754,0,6,1664.65,18.496111111111112,19.633333333333333,0.0
17757,0,31,5593.39,7.548434547908233,4.472334682860999,0.0
17758,18,8,3408.2,8.436138613861386,5.084158415841584,0.0
17759,16,3,819.96,9.110666666666667,7.7444444444444445,0.0
17760,21,2,287.59,11.503599999999999,9.56,0.0
17761,32,1,712.78,37.514736842105265,20.94736842105263,0.0
17763,262,1,15.0,15.0,12.0,0.0
17764,50,2,772.55,10.880985915492957,4.943661971830986,0.0
17765,158,3,367.63,6.564821428571428,2.5535714285714284,0.0
17767,14,1,271.2,12.914285714285715,6.095238095238095,0.0
17768,7,3,2081.9,21.243877551020407,11.448979591836734,0.0
17769,12,12,3957.43,12.890651465798046,6.009771986970684,0.0
17770,198,5,1143.27,30.086052631578948,9.605263157894736,0.0
17771,56,2,245.81,4.552037037037037,5.314814814814815,0.0
17772,10,2,173.45,3.469,1.1,0.0
17774,96,5,1213.73,7.881363636363637,3.292207792207792,0.0
17775,254,1,56.4,18.8,24.0,0.0
17777,24,3,647.5600000000001,3.4082105263157896,2.636842105263158,0.0
17779,20,5,650.32,7.835180722891567,4.734939759036145,0.0
17781,158,2,188.02,15.668333333333335,2.8333333333333335,0.0
17783,71,2,283.47,4.23089552238806,5.2835820895522385,0.0
17785,52,1,131.94,10.149230769230769,5.153846153846154,0.0
17786,84,2,266.85,3.9242647058823534,2.8676470588235294,0.0
17787,152,4,1817.54,14.19953125,7.0,0.0
17788,73,2,1117.9,223.58,42.2,0.0
17789,280,1,225.9,16.135714285714286,5.285714285714286,0.0
17790,26,14,1964.3,10.393121693121692,4.417989417989418,0.0
17791,29,1,106.1,10.61,4.6,0.0
17793,24,1,300.34,5.77576923076923,4.346153846153846,0.0
17795,179,2,342.83,7.618444444444444,6.777777777777778,0.0
17796,39,4,690.0,8.518518518518519,2.1728395061728394,0.0
17797,21,3,780.43,7.0309009009009005,4.486486486486487,0.0
17799,21,11,3039.17,7.48564039408867,4.310344827586207,0.0
17800,36,9,1187.21,11.526310679611651,7.106796116504855,0.0
17802,81,4,1285.04,8.741768707482994,5.054421768707483,0.0
17805,73,1,512.31,51.230999999999995,47.8,0.0
17806,10,1,546.04,12.698604651162789,16.906976744186046,0.0
17809,15,15,5411.91,84.56109375,31.484375,0.0
17811,3,51,7761.82,9.142308598351,4.82567726737338,0.0
17812,12,4,699.81,5.261729323308271,2.473684210526316,0.0
17813,13,7,1698.07,4.783295774647887,2.0816901408450703,0.0
17816,36,4,36.56,2.150588235294118,1.7647058823529411,0.0
17817,3,3,387.68,11.747878787878788,2.0303030303030303,0.0
17819,71,8,3704.87,75.6095918367347,20.959183673469386,0.0
17820,190,2,0.0,0.0,-1.0,0.0
17824,50,1,298.4,22.95384615384615,31.384615384615383,0.0
17827,4,5,1987.33,9.24339534883721,5.767441860465116,0.0
17828,8,9,1820.09,22.19621951219512,7.817073170731708,0.0
17829,298,1,889.24,29.641333333333332,16.533333333333335,0.0
17830,1,3,398.7,17.33478260869565,4.0,0.0
17831,32,1,35.4,17.7,6.0,0.0
17832,49,1,155.37,2.547049180327869,3.4098360655737703,0.0
17835,2,3,342.24,5.800677966101695,5.830508474576271,0.0
17836,46,1,110.21000000000001,4.592083333333334,3.6666666666666665,0.0
17837,41,10,1541.23,9.340787878787879,3.0727272727272728,0.0
17838,26,6,2720.7999999999997,20.61212121212121,10.583333333333334,0.0
17839,41,1,318.15,6.11826923076923,4.9423076923076925,0.0
17841,1,169,40519.84,5.186871479774705,2.896569380440348,0.0
17843,302,1,205.48,5.553513513513513,3.054054054054054,0.0
17844,106,1,51.559999999999995,10.312,10.4,0.0
17846,84,1,2033.1,2033.1,1.0,0.0
17848,80,9,901.2,17.67058823529412,7.803921568627451,0.0
17849,217,4,605.8000000000001,23.300000000000004,4.384615384615385,0.0
17850,301,35,5391.21,17.44728155339806,5.488673139158576,0.0
17852,11,2,114.34,4.764166666666667,2.2083333333333335,0.0
17854,184,2,311.26,20.750666666666667,5.6,0.0
17855,372,1,208.97,12.292352941176471,11.588235294117647,0.0
17856,1,6,1418.03,83.4135294117647,48.588235294117645,0.0
17857,2,25,26879.04,479.98285714285714,340.82142857142856,0.0
17858,5,12,5140.66,26.09472081218274,13.6751269035533,0.0
17859,304,1,141.92,6.170434782608695,4.434782608695652,0.0
17860,368,1,226.45,4.354807692307692,1.7884615384615385,0.0
17861,2,9,2097.88,9.535818181818183,8.931818181818182,0.0
17862,323,1,330.9,30.08181818181818,9.090909090909092,0.0
17863,58,6,3160.0,21.35135135135135,17.824324324324323,0.0
17864,12,3,554.85,6.165,7.844444444444444,0.0
17865,30,27,10526.32,27.059948586118253,14.647814910025707,0.0
17866,142,2,329.65,32.964999999999996,17.3,0.0
17867,29,8,1157.8700000000001,16.541,3.1285714285714286,0.0
17869,106,5,428.18,10.7045,2.775,0.0
17870,1,13,1865.8899999999999,6.88520295202952,4.981549815498155,0.0
17871,204,1,155.9,15.59,18.2,0.0
17873,79,6,1848.96,41.088,21.933333333333334,0.0
17874,184,7,683.46,14.541702127659574,4.446808510638298,0.0
17877,169,1,237.60999999999999,19.800833333333333,8.166666666666666,0.0
17878,43,1,379.45,14.59423076923077,15.423076923076923,0.0
17879,173,1,178.52,29.753333333333334,7.5,0.0
17880,364,1,458.92,17.65076923076923,12.076923076923077,0.0
17881,303,1,133.35,16.66875,4.0,0.0
17883,2,4,664.34,4.6784507042253525,2.6338028169014085,0.0
17884,3,4,695.07,6.151061946902655,7.230088495575221,0.0
17885,11,1,156.34,2.949811320754717,2.0754716981132075,0.0
17886,31,3,869.28,8.52235294117647,4.598039215686274,0.0
17887,128,1,111.35,11.135,3.0,0.0
17888,18,10,716.0,9.063291139240507,5.367088607594937,0.0
17889,211,2,201.37,10.0685,3.85,0.0
17890,322,2,586.89,6.449340659340659,4.417582417582418,0.0
17891,161,1,203.85999999999999,5.995882352941176,11.558823529411764,0.0
17892,55,3,244.1,8.717857142857143,3.892857142857143,0.0
17893,224,1,107.21,7.147333333333333,9.933333333333334,0.0
17894,71,8,1118.96,5.827916666666667,2.1041666666666665,0.0
17895,43,1,95.45,6.363333333333333,8.466666666666667,0.0
17896,22,1,256.32,128.16,144.0,0.0
17897,172,4,541.8100000000001,4.970733944954129,1.981651376146789,0.0
17898,84,2,152.06,5.430714285714286,6.785714285714286,0.0
17899,158,1,154.55,4.985483870967743,5.483870967741935,0.0
17900,164,4,112.19999999999999,10.2,0.09090909090909091,0.0
17901,28,1,110.38,5.809473684210526,1.263157894736842,0.0
17904,20,2,181.07,5.1734285714285715,1.6571428571428573,0.0
17905,70,4,798.99,24.21181818181818,12.303030303030303,0.0
17906,246,1,72.9,6.075,2.1666666666666665,0.0
17908,373,1,232.03,4.2968518518518515,3.1296296296296298,0.0
17911,8,1,366.23,9.390512820512821,5.717948717948718,0.0
17912,309,6,310.06,7.950256410256411,4.666666666666667,0.0
17913,58,2,408.65,7.0456896551724135,4.9655172413793105,0.0
17914,3,1,329.36,4.391466666666667,6.093333333333334,0.0
17917,44,3,335.03,3.6416304347826083,2.0,0.0
17919,87,1,1304.04,56.697391304347825,32.869565217391305,0.0
17920,3,17,4119.5,6.1947368421052635,3.718796992481203,0.0
17921,63,4,820.23,5.776267605633803,2.992957746478873,0.0
17923,281,1,207.5,207.5,50.0,0.0
17924,0,13,2962.5,77.96052631578948,30.026315789473685,0.0
17925,372,1,244.08,244.08,72.0,0.0
17926,132,2,397.29,18.91857142857143,14.571428571428571,0.0
17928,44,2,212.54,9.240869565217391,6.086956521739131,0.0
17929,10,5,843.0,140.5,17.833333333333332,0.0
17930,35,5,1740.48,44.62769230769231,40.87179487179487,0.0
17931,133,2,408.36,6.282461538461539,3.830769230769231,0.0
17932,28,3,1331.57,14.795222222222222,8.766666666666667,0.0
17934,51,2,704.25,33.535714285714285,22.761904761904763,0.0
17935,137,2,145.79,5.027241379310345,2.8275862068965516,0.0
17936,4,1,380.13,5.279583333333333,3.5694444444444446,0.0
17937,8,7,4301.22,100.02837209302326,40.7906976744186,0.0
17939,159,1,99.14,8.261666666666667,3.3333333333333335,0.0
17940,48,14,4020.04,182.7290909090909,423.59090909090907,0.09090909090909091
17941,130,1,304.56,152.28,126.0,0.0
17942,7,1,77.5,38.75,19.0,0.0
17946,232,2,149.57999999999998,7.478999999999999,3.75,0.0
17947,36,1,176.68,19.63111111111111,18.666666666666668,0.0
17948,146,1,358.56,358.56,144.0,0.0
17949,0,52,58510.48,740.6389873417722,349.0,0.0
17950,71,4,482.2,6.697222222222222,4.75,0.0
17951,39,4,1008.54,48.02571428571429,29.047619047619047,0.0
17954,4,16,2314.13,4.811081081081081,4.607068607068607,0.0
17955,198,4,557.3,29.331578947368417,14.368421052631579,0.0
17956,248,1,12.75,12.75,1.0,0.0
17957,65,1,111.68,3.6025806451612907,9.258064516129032,0.0
17958,116,1,508.46000000000004,72.63714285714286,12.0,0.0
17960,170,1,73.78,2.8376923076923077,1.5769230769230769,0.0
17961,20,39,1296.44,5.206586345381527,2.248995983935743,0.0
17962,141,1,102.41,3.0120588235294115,3.735294117647059,0.0
17964,31,2,463.21,4.726632653061224,3.0,0.0
17965,37,14,2599.19,7.997507692307693,4.713846153846154,0.0
17966,37,5,1098.43,16.15338235294118,37.80882352941177,0.0
17967,371,1,112.27,2.673095238095238,1.7380952380952381,0.0
17968,373,1,265.1,3.27283950617284,1.8641975308641976,0.0
17969,165,2,228.2,16.3,10.857142857142858,0.0
17970,210,1,562.79,19.40655172413793,17.689655172413794,0.0
17972,241,1,135.19,4.506333333333333,1.2,0.0
17973,51,1,337.04,22.469333333333335,11.733333333333333,0.0
17974,24,3,703.99,4.266606060606061,3.0303030303030303,0.0
17975,14,14,4483.26,15.249183673469389,5.2687074829931975,0.0
17976,371,1,321.79,5.645438596491228,1.631578947368421,0.0
17977,28,1,288.14,13.72095238095238,16.285714285714285,0.0
17978,364,1,300.92,25.076666666666668,41.583333333333336,0.0
17979,35,5,732.41,5.269136690647482,2.741007194244604,0.0
17980,165,3,811.45,27.048333333333336,22.733333333333334,0.0
17984,144,1,152.68,3.1808333333333336,2.0416666666666665,0.0
17985,21,1,631.35,30.064285714285717,8.142857142857142,0.0
17986,55,1,20.8,20.8,10.0,0.0
17987,184,1,198.57,15.274615384615384,20.076923076923077,0.0
17988,11,8,201.12,5.156923076923077,1.0769230769230769,0.0
17990,236,3,630.84,21.753103448275862,14.275862068965518,0.0
17991,224,2,93.35,18.669999999999998,5.0,0.0
17994,121,6,674.89,8.230365853658537,5.7439024390243905,0.0
17995,281,1,76.1,38.05,66.5,0.0
17997,73,12,1962.46,11.025056179775282,11.53370786516854,0.0
17999,36,2,380.39,4.18010989010989,2.4065934065934065,0.0
18001,11,2,415.13,7.282982456140351,6.350877192982456,0.0
18004,361,1,157.92,4.268108108108108,2.027027027027027,0.0
18005,3,2,226.47,4.273018867924528,1.6226415094339623,0.0
18006,22,1,444.68,20.212727272727275,10.0,0.0
18008,69,9,2116.19,70.53966666666666,52.7,0.0
18009,234,2,247.39,7.7309375,3.84375,0.0
18010,256,1,174.8,12.485714285714286,4.285714285714286,0.0
18011,372,1,102.78999999999999,3.671071428571428,2.5357142857142856,0.0
18013,154,2,187.29,6.041612903225806,9.193548387096774,0.0
18014,27,1,162.22,5.407333333333333,2.2,0.0
18015,3,1,120.03,2.6093478260869567,3.4130434782608696,0.0
18016,31,5,1477.66,12.111967213114754,8.418032786885245,0.0
18017,80,3,523.0,174.33333333333334,100.0,0.0
18018,107,2,122.14,4.211724137931035,1.896551724137931,0.0
18019,51,1,38.45,7.69,1.4,0.0
18022,35,1,612.72,3.73609756097561,4.286585365853658,0.0
18024,152,3,389.78,17.717272727272725,6.7272727272727275,0.0
18027,98,1,115.31,5.490952380952381,3.7142857142857144,0.0
18030,3,3,230.64999999999998,23.064999999999998,6.6,0.0
18032,333,1,73.5,14.7,8.4,0.0
18033,64,1,93.82000000000001,2.8430303030303032,7.636363636363637,0.0
18034,21,2,418.68,3.8061818181818183,5.081818181818182,0.0
18035,35,3,713.89,14.569183673469388,11.918367346938776,0.0
18036,31,3,403.12,4.288510638297873,2.4680851063829787,0.0
18037,153,6,70.02,3.685263157894737,1.0526315789473684,0.0
18040,18,2,357.2,18.8,7.7894736842105265,0.0
18041,11,22,4097.37,8.907326086956521,8.15,0.0
18042,53,1,165.05,23.57857142857143,4.714285714285714,0.0
18043,24,3,529.29,4.6025217391304345,2.3043478260869565,0.0
18044,3,11,2088.6,16.3171875,8.0625,0.0
18045,44,1,178.34,4.147441860465117,3.2093023255813953,0.0
18048,202,2,172.29,24.61285714285714,18.142857142857142,0.0
18050,358,1,74.4,14.88,8.0,0.0
18053,65,2,300.02,14.286666666666665,14.333333333333334,0.0
18055,6,11,6761.34,18.729473684210525,6.778393351800554,0.0
18056,287,1,363.65,19.139473684210525,11.105263157894736,0.0
18058,9,1,170.16,56.72,29.333333333333332,0.0
18059,8,4,306.46,15.322999999999999,12.65,0.0
18061,21,10,2119.41,46.0741304347826,20.76086956521739,0.0
18062,172,3,720.52,26.685925925925925,14.666666666666666,0.0
18064,132,2,814.0,116.28571428571429,54.857142857142854,0.0
18065,5,15,2392.83,17.339347826086957,7.420289855072464,0.0
18066,74,1,318.0,31.8,10.8,0.0
18067,39,1,396.33,10.711621621621621,5.108108108108108,0.0
18068,288,1,101.7,101.7,6.0,0.0
18069,25,7,2009.24,4.377429193899782,2.816993464052288,0.0
18071,257,2,453.0,18.12,10.4,0.0
18072,154,2,247.44,6.873333333333333,1.2777777777777777,0.0
18073,113,13,3859.8199999999997,51.46426666666666,41.22666666666667,0.0
18074,373,1,489.6,37.66153846153846,14.615384615384615,0.0
18075,22,14,2611.75,17.070261437908496,9.392156862745098,0.0
18077,7,11,2584.41,11.589282511210762,8.246636771300448,0.0
18078,216,2,336.13,11.590689655172413,5.0,0.0
18079,44,4,3613.15,29.37520325203252,59.73170731707317,0.0
18080,18,2,1231.5,615.75,321.0,0.0
18081,35,3,343.45,20.20294117647059,11.470588235294118,0.0
18082,25,1,680.84,9.726285714285714,8.685714285714285,0.0
18084,15,2,90.48,45.24,155.5,0.0
18085,329,2,689.95,23.79137931034483,9.137931034482758,0.0
18086,273,1,101.34,14.477142857142857,15.142857142857142,0.0
18087,97,4,4055.7200000000003,579.3885714285715,510.14285714285717,0.0
18088,60,1,166.03,4.487297297297298,2.891891891891892,0.0
18092,1,12,9068.26,100.75844444444445,47.22222222222222,0.0
18093,92,5,2106.52,55.43473684210526,36.3421052631579,0.0
18094,81,7,3017.3,43.104285714285716,35.97142857142857,0.0
18095,312,2,580.05,27.62142857142857,19.952380952380953,0.0
18096,11,3,849.06,4.331938775510204,4.020408163265306,0.0
18097,7,7,2662.4,24.882242990654206,15.523364485981308,0.0
18099,126,1,168.31,8.858421052631579,7.842105263157895,0.0
18101,10,2,222.4,5.5600000000000005,2.175,0.0
18102,0,62,259657.3,599.6704387990762,148.0877598152425,0.0
18104,36,1,754.64,19.858947368421052,9.526315789473685,0.0
18105,37,1,113.47999999999999,6.304444444444444,2.5555555555555554,0.0
18106,329,1,421.9,11.402702702702703,3.4054054054054053,0.0
18108,248,2,271.0,14.263157894736842,4.315789473684211,0.0
18109,1,31,8004.92,17.749268292682927,9.339246119733925,0.0
18110,18,2,198.8,4.970000000000001,1.625,0.0
18112,11,2,352.69,13.565,9.807692307692308,0.0
18113,368,1,76.32,76.32,72.0,0.0
18114,289,1,220.1,7.860714285714286,1.9642857142857142,0.0
18116,67,8,1403.1100000000001,3.781967654986523,2.256064690026954,0.0
18117,25,1,315.65,4.384027777777778,8.402777777777779,0.0
18118,10,31,5625.08,4.436182965299684,2.2555205047318614,0.0
18119,367,1,180.7,6.23103448275862,4.275862068965517,0.0
18120,213,1,111.15,6.538235294117648,1.8235294117647058,0.0
18121,148,2,653.3,21.074193548387097,14.129032258064516,0.0
18122,7,6,1793.06,5.022577030812325,3.4313725490196076,0.0
18123,23,2,574.4399999999999,16.895294117647058,17.11764705882353,0.0
18125,29,5,1131.75,5.8639896373057,4.139896373056994,0.0
18126,60,1,200.92000000000002,3.863846153846154,2.5961538461538463,0.0
18127,18,3,347.08,7.545217391304347,4.065217391304348,0.0
18129,242,1,112.55,8.039285714285715,3.4285714285714284,0.0
18130,8,4,1059.39,14.92098591549296,11.507042253521126,0.0
18133,210,2,931.5,465.75,0.0,0.0
18135,28,5,681.91,34.0955,17.45,0.0
18136,62,4,784.3299999999999,20.111025641025638,9.564102564102564,0.0
18138,294,1,152.65,19.08125,4.75,0.0
18139,16,8,8438.34,52.08851851851852,33.70987654320987,0.0
18141,360,1,0.0,0.0,-12.0,0.0
18142,150,4,1019.52,56.64,70.72222222222223,0.0
18143,116,2,1000.16,16.396065573770493,9.344262295081966,0.0
18144,7,12,2888.75,67.18023255813954,31.232558139534884,0.0
18145,12,4,2861.55,12.94819004524887,11.877828054298643,0.0
18146,140,2,160.35,16.035,15.3,0.0
18147,45,2,179.34,25.62,29.0,0.0
18149,50,3,612.08,38.255,19.375,0.0
18150,31,3,566.5799999999999,15.312972972972972,8.972972972972974,0.0
18151,134,2,653.35,17.193421052631578,9.342105263157896,0.0
18154,2,2,399.19,19.009047619047617,12.142857142857142,0.0
18155,74,4,371.62,13.272142857142857,9.214285714285714,0.0
18156,12,2,675.64,5.538032786885246,2.319672131147541,0.0
18158,8,3,453.4,12.954285714285714,10.085714285714285,0.0
18159,300,1,530.15,23.05,6.043478260869565,0.0
18160,56,2,638.06,16.36051282051282,7.538461538461538,0.0
18161,9,6,1618.69,19.983827160493828,10.0,0.0
18164,30,2,399.65,15.985999999999999,7.32,0.0
18165,176,1,302.46,30.246,25.4,0.0
18167,3,6,1384.86,32.2060465116279,8.348837209302326,0.023255813953488372
18168,175,9,1160.04,8.345611510791366,4.194244604316546,0.0
18169,60,1,202.65,22.516666666666666,6.777777777777778,0.0
18170,32,3,980.31,25.797631578947367,10.763157894736842,0.0
18171,58,7,1231.31,21.98767857142857,8.517857142857142,0.0
18172,14,25,7561.68,38.38416243654822,16.091370558375633,0.0
18173,86,4,2106.84,67.9625806451613,39.354838709677416,0.0
18174,6,1,104.0,104.0,50.0,0.0
18176,353,2,476.34999999999997,14.434848484848484,8.454545454545455,0.0
18177,30,7,1340.8700000000001,18.119864864864866,9.513513513513514,0.0
18178,113,6,1590.81,16.068787878787877,9.88888888888889,0.0
18179,8,6,1793.17,19.924111111111113,15.11111111111111,0.0
18180,4,6,1843.75,15.493697478991596,14.46218487394958,0.0
18181,23,1,366.85,8.947560975609756,3.2439024390243905,0.0
18183,217,6,632.07,14.365227272727275,8.227272727272727,0.0
18184,14,1,49.8,49.8,60.0,0.0
18185,248,1,304.25,17.897058823529413,10.764705882352942,0.0
18188,14,4,2001.04,27.79222222222222,16.208333333333332,0.0
18189,77,3,1090.24,15.800579710144927,8.173913043478262,0.0
18190,191,3,284.46,17.77875,8.6875,0.0
18191,261,1,207.8,29.685714285714287,20.0,0.0
18192,71,1,957.97,21.288222222222224,7.533333333333333,0.0
18193,150,3,243.76,13.542222222222222,6.666666666666667,0.0
18194,63,2,973.84,108.20444444444445,49.77777777777778,0.0
18196,94,2,686.63,4.93978417266187,3.1007194244604315,0.0
18198,3,21,5425.56,32.68409638554217,23.126506024096386,0.0
18200,105,1,150.35,5.011666666666667,3.466666666666667,0.0
18202,199,3,1396.99,20.543970588235293,8.544117647058824,0.0
18203,156,1,160.42000000000002,8.443157894736842,2.263157894736842,0.0
18204,70,4,1975.35,10.18221649484536,6.123711340206185,0.0
18205,35,2,517.36,16.1675,6.0,0.0
18209,28,1,139.1,17.3875,7.25,0.0
18210,1,6,2621.38,19.562537313432838,10.432835820895523,0.0
18211,25,5,600.07,14.287380952380953,8.547619047619047,0.0
18212,325,1,216.07,6.3549999999999995,2.7058823529411766,0.0
18213,236,1,232.48,15.498666666666667,15.466666666666667,0.0
18215,88,1,299.34000000000003,23.02615384615385,9.076923076923077,0.0
18216,30,1,481.75,18.528846153846153,7.6923076923076925,0.0
18217,28,2,621.75,20.056451612903224,15.838709677419354,0.0
18218,205,4,641.92,27.909565217391304,21.652173913043477,0.0
18219,2,11,2069.77,17.998,7.678260869565217,0.0
18220,219,2,305.28,76.32,70.5,0.0
18221,21,6,1041.61,16.02476923076923,12.138461538461538,0.0
18222,92,1,443.0,23.31578947368421,17.63157894736842,0.0
18223,1,27,6484.54,21.68742474916388,9.665551839464882,0.0
18224,263,1,158.95,15.895,6.9,0.0
18225,2,17,5504.96,19.383661971830985,11.28169014084507,0.0
18226,38,14,5228.05,21.338979591836736,14.118367346938776,0.0
18227,217,1,93.75,18.75,4.2,0.0
18228,49,3,779.9,24.371875,7.375,0.0
18229,11,20,7276.9,44.37134146341463,15.170731707317072,0.0
18230,8,10,2810.2,31.575280898876404,14.584269662921349,0.0
18231,191,6,2071.77,16.57416,6.448,0.0
18232,81,5,592.97,14.824250000000001,7.475,0.0
18233,325,1,440.0,440.0,4.0,0.0
18235,71,3,1796.48,17.273846153846154,15.173076923076923,0.0
18236,29,6,882.24,18.004897959183673,8.224489795918368,0.0
18237,2,5,987.1,16.181967213114753,10.19672131147541,0.0
18239,218,5,1561.61,17.745568181818182,9.034090909090908,0.0
18240,45,1,422.58,70.42999999999999,21.0,0.0
18241,9,18,2073.09,19.743714285714287,9.971428571428572,0.0
18242,71,4,2232.49,28.621666666666663,13.038461538461538,0.0
18245,6,8,2567.06,14.50316384180791,10.062146892655367,0.0
18246,23,2,596.1,149.025,41.5,0.0
18248,113,4,804.02,16.408571428571427,10.224489795918368,0.0
18249,16,1,95.34,11.9175,16.0,0.0
18250,300,2,349.27,15.87590909090909,9.0,0.0
18251,86,1,4314.72,269.67,489.0,0.0
18252,50,2,518.27,5.5135106382978725,2.4893617021276597,0.0
18255,88,1,103.3,17.216666666666665,12.333333333333334,0.0
18256,354,1,0.0,0.0,-17.5,0.0
18257,38,12,2337.63,19.005121951219515,8.211382113821138,0.0
18259,24,3,2338.6,55.68095238095238,17.0,0.0
18260,172,8,2628.35,18.908992805755396,10.546762589928058,0.0
18261,42,2,324.24,15.440000000000001,6.9523809523809526,0.0
18262,139,1,149.48,11.498461538461537,14.0,0.0
18263,22,4,1213.16,19.56709677419355,23.661290322580644,0.0
18265,71,2,801.51,17.424130434782608,6.760869565217392,0.0
18268,133,2,25.5,12.75,0.0,0.0
18269,357,2,168.6,21.075,8.75,0.0
18270,37,3,283.15000000000003,21.780769230769234,7.461538461538462,0.0
18272,2,7,3078.58,18.109294117647057,12.023529411764706,0.0
18273,1,3,204.0,68.0,26.666666666666668,0.0
18274,17,2,175.92,7.996363636363636,0.0,0.0
18276,20,3,335.86,20.99125,11.5,0.0
18277,57,2,110.38000000000001,12.264444444444445,7.444444444444445,0.0
18278,73,1,173.9,19.322222222222223,7.333333333333333,0.0
18280,277,1,180.6,18.06,4.5,0.0
18281,180,1,80.82,11.545714285714284,7.714285714285714,0.0
18282,7,3,178.05,13.696153846153846,7.538461538461538,0.0
18283,3,16,2045.53,2.8370735090152563,1.882108183079057,0.0
18287,42,3,1837.28,26.24685714285714,22.65714285714286,0.0
